-- phpMyAdmin SQL Dump
-- version 3.2.4
-- http://www.phpmyadmin.net
--
-- Host: localhost
-- Generation Time: Sep 07, 2010 at 09:03 PM
-- Server version: 5.0.89
-- PHP Version: 5.2.6

SET FOREIGN_KEY_CHECKS=0;
SET SQL_MODE="NO_AUTO_VALUE_ON_ZERO";
SET AUTOCOMMIT=0;
START TRANSACTION;


/*!40101 SET @OLD_CHARACTER_SET_CLIENT=@@CHARACTER_SET_CLIENT */;
/*!40101 SET @OLD_CHARACTER_SET_RESULTS=@@CHARACTER_SET_RESULTS */;
/*!40101 SET @OLD_COLLATION_CONNECTION=@@COLLATION_CONNECTION */;
/*!40101 SET NAMES utf8 */;

--
-- Database: `drdvndat_drd`
--

-- --------------------------------------------------------

--
-- Table structure for table `class_using_process`
--
-- Creation: Jul 29, 2010 at 04:48 PM
-- Last update: Jul 29, 2010 at 04:48 PM
-- Last check: Jul 29, 2010 at 04:48 PM
--

DROP TABLE IF EXISTS `class_using_process`;
CREATE TABLE IF NOT EXISTS `class_using_process` (
  `ObjectClassID` int(10) unsigned default NULL,
  `ProcessID` int(10) unsigned default NULL,
  `ProcessOrder` int(11) default NULL,
  KEY `FK_REFERENCE_14` (`ObjectClassID`),
  KEY `FK_REFERENCE_15` (`ProcessID`)
) ENGINE=MyISAM DEFAULT CHARSET=utf8 COLLATE=utf8_unicode_ci;

--
-- Dumping data for table `class_using_process`
--

INSERT INTO `class_using_process` (`ObjectClassID`, `ProcessID`, `ProcessOrder`) VALUES
(1, 3, 2),
(1, 2, 1),
(2, 4, 0),
(2, 5, 1),
(2, 6, 2),
(1, 1, 0),
(4, 9, 0);

-- --------------------------------------------------------

--
-- Table structure for table `fieldoptions`
--
-- Creation: Jul 29, 2010 at 04:48 PM
-- Last update: Aug 12, 2010 at 12:06 PM
--

DROP TABLE IF EXISTS `fieldoptions`;
CREATE TABLE IF NOT EXISTS `fieldoptions` (
  `FieldOptionID` int(10) unsigned NOT NULL auto_increment,
  `FieldID` bigint(20) unsigned NOT NULL,
  `OptionName` text character set utf8 NOT NULL,
  PRIMARY KEY  (`FieldOptionID`)
) ENGINE=MyISAM  DEFAULT CHARSET=utf8 COLLATE=utf8_unicode_ci AUTO_INCREMENT=553 ;

--
-- Dumping data for table `fieldoptions`
--

INSERT INTO `fieldoptions` (`FieldOptionID`, `FieldID`, `OptionName`) VALUES
(1, 1, 'aaaa'),
(2, 1, 'bbb'),
(3, 4, '16 - 25'),
(4, 4, '26 - 35'),
(5, 4, '36 - 45'),
(6, 4, '46 - 55'),
(7, 4, '56 - 65'),
(8, 4, '65+'),
(9, 0, '1-10'),
(10, 0, '11-20'),
(11, 9, '10 - 20'),
(12, 9, '21 - 30'),
(13, 0, 'aa'),
(14, 10, 'fsdffsfs'),
(15, 11, 'a'),
(16, 11, 'b'),
(17, 12, 'ra1'),
(18, 12, 'ra2'),
(19, 22, 'Xe lăn / Wheelchair'),
(20, 22, 'Nạng / Crutch'),
(21, 35, '1 > 2\n3 > 5\n6  >  10\n11>  15\n16> 20\n21 > 30\n31 > 50\n50 > 100\n100 plus\n'),
(22, 36, '1 &gt; 2\n'),
(23, 36, '3 &gt; 5\n'),
(24, 36, '6  &gt;  10\n'),
(25, 36, '11&gt;  15\n'),
(26, 37, '1 > 2\n'),
(27, 37, '3 > 5\n'),
(28, 37, '6  >  10\n'),
(29, 36, '16&gt; 20\n'),
(30, 36, '21 &gt; 30\n'),
(31, 36, '31 &gt; 50\n'),
(32, 36, '50 &gt; 100\n'),
(33, 36, '100 plus\n'),
(34, 38, 'Biên-phiên dịch/Translator-Interpreter\n'),
(35, 38, 'Buôn bán lẻ/Retail\n'),
(36, 38, 'Chủ doanh nghiệp nhỏ/Small enterprise\n'),
(37, 38, 'Cơ khí/Mechanical\n'),
(38, 38, 'Công nghệ thông tin/IT\n'),
(39, 38, 'Công tác xã hội/Social work\n'),
(40, 38, 'Đầu bếp/Cook\n'),
(41, 38, 'Dạy nhạc/Music teacher\n'),
(42, 38, 'Điện-Điện tử/Electronics\n'),
(43, 38, 'Đờn ca tài tử/Folksong singer\n'),
(44, 38, 'Giáo viên/Teacher\n'),
(45, 38, 'Kế toán/Accounting\n'),
(46, 38, 'Làm việc cho các hộ kinh doanh/Working for Home traders\n'),
(47, 38, 'Làm vườn/Gardening\n'),
(48, 38, 'Luật/Law\n'),
(49, 38, 'Marketing\n'),
(50, 38, 'Mat-xa/Massage\n'),
(51, 38, 'Nghề nông/Agriculture\n'),
(52, 38, 'Nghệ thuật/Art\n'),
(53, 38, 'Nhân viên phòng Net/Internet room keeper\n'),
(54, 38, 'Nhân viên phục vụ/Servant\n'),
(55, 38, 'Nội thất/Furniture\n'),
(56, 38, 'Sáng tác thơ, nhạc/Musician/Poet Composer\n'),
(57, 38, 'Thiết kế thời trang/Fashion designer\n'),
(58, 38, 'Thủ công/Handicraft\n'),
(59, 38, 'Trực điện thoại/Phone reception\n'),
(60, 38, 'Tư vấn viên/Adviser\n'),
(61, 38, 'Văn phòng/Office\n'),
(62, 38, 'Văn phòng/Office\n'),
(63, 38, 'Viễn thông/Telecommunication\n'),
(64, 38, 'Y tế/Health\n'),
(65, 38, 'Other\n'),
(403, 45, 'Tiểu học/Elementary School'),
(67, 54, 'Disability awareness / workshop\n'),
(68, 54, 'JS support\n'),
(69, 54, 'Organising task\n'),
(70, 54, 'problem solving\n'),
(71, 54, 'Reasonable accomodation\n'),
(72, 54, 'sign language\n'),
(73, 19, 'Khiếm thính / Hearing impairment'),
(74, 19, 'Khiếm thị / Vision impairment'),
(75, 19, 'Khuyết tật vận động / Physical disability'),
(76, 19, 'Tâm thần / Mental health'),
(77, 19, 'Khuyết tật  trí tuệ / Intellectual disability'),
(78, 19, 'Bệnh mãn tính / Long term health condition'),
(336, 41, 'Khiếm thính/Hearing impairment'),
(81, 9, '31 - 40'),
(82, 9, '41 - 50'),
(83, 9, '51 - 60'),
(84, 79, 'Yêu thích công việc/Enjoy job'),
(85, 79, 'Cần tiền/Need money'),
(86, 79, 'Lương thỏa đáng/Suitable salary'),
(87, 79, 'Chủ đối xử tốt/Good employer'),
(88, 79, 'Được đào tạo thêm/Need more Training'),
(89, 79, 'Cần kinh nghiệm làm việc/Need experience'),
(90, 79, 'Đồng nghiệp tốt/Good co-workers'),
(91, 79, 'Có cơ hội thăng tiến tốt/Good promoting opportunity'),
(92, 79, 'Có cơ hội mở rộng quan hệ/Relationship extending opportunity'),
(93, 79, 'Có cuộc sống độc lập/Independence'),
(94, 79, 'Không tìm được việc khác/ can not seek other job'),
(95, 79, 'Điều kiện làm việc tốt/Good working environment'),
(96, 80, 'Không thích công việc'),
(97, 80, 'Muốn tìm cơ hội thăng tiến tốt hơn'),
(98, 80, 'Muốn thay đổi công việc'),
(99, 80, 'Bị phân biệt đối xử'),
(100, 80, 'Gặp trở ngại về các vấn đề tiếp cận công việc'),
(101, 80, 'Không thể làm việc'),
(102, 80, 'Bị đuổi việc'),
(103, 80, 'Doanh nghiệp gặp vấn đề về tài chính'),
(104, 80, 'Công việc đòi hỏi quá khả năng'),
(105, 80, 'Trả lương không thỏa đáng'),
(106, 80, 'Thay đổi chỗ ở'),
(107, 80, 'Gia đình cần lao động đột xuất'),
(108, 19, 'Sứt môi, hở hàm ếch / Harelip'),
(109, 19, 'Bệnh lùn / Draft'),
(110, 19, 'Bệnh già trước tuổi /'),
(111, 19, 'Gù lưng / Hunch-backed'),
(112, 19, 'Xương thủy tinh / Crystal Bone'),
(113, 20, 'Điếc / Deaf'),
(114, 20, 'Nghe kém / Hard of hearing'),
(115, 20, 'Mới bị mất thính lực'),
(116, 20, 'Nói đuợc, không nghe được / Speaking without hearing'),
(117, 20, 'Nghe được, không nói được / Hearing without speaking'),
(118, 20, 'Mù / Blind'),
(119, 20, 'Lòa / Low vision'),
(120, 20, 'Thị trường hẹp / Restricted vision'),
(121, 20, 'Hỏng một mắt / blind in one eye'),
(122, 20, 'Liệt toàn thân / Total paralysis'),
(123, 20, 'Liệt nửa người / Partial paralysis'),
(124, 20, 'Cụt 2 chân / Amputation of 2 legs'),
(125, 20, 'Cụt 1 chân / Amputation of 1 leg'),
(126, 20, 'Cụt 2 bàn chân / Amputation of 2 feet'),
(127, 20, 'Cụt 1 bàn chân / Amputation of 1 foot'),
(128, 20, 'Cụt 2 cánh tay / Amputation of 2 arms'),
(129, 20, 'Cụt 1 cánh tay / Amputation of 1 arm'),
(130, 20, 'Cụt 2 bàn tay / Amputation of 2 hands'),
(131, 21, 'Sốt bại liệt / Polio'),
(132, 21, 'Viêm màng não / Meningitis'),
(133, 21, 'Đột quỵ / Stroke'),
(134, 21, 'Lạm dụng thuốc / Overusing Medicine'),
(135, 21, 'Bẩm sinh / Congenital'),
(136, 21, 'Di truyền / Genetic'),
(137, 21, 'Sơ sẩy lúc sinh / Accident birth'),
(138, 21, 'Tai nạn nghề nghiệp / Accident work'),
(139, 21, 'Tai nạn giao thông / Accident traffic'),
(140, 21, 'Di chứng của bệnh phong / Sequela of Leprosey'),
(141, 21, 'Chất độc da cam / Dioxin'),
(142, 21, 'Chiến tranh / War'),
(143, 21, 'Chất độc hóa học / Chemical poison'),
(144, 21, 'Thiếu dinh dưỡng,Vitamin / Short of nutritive,Vitamin'),
(145, 21, 'Do bom mìn / Bomb'),
(146, 21, 'Không biết / Unknown'),
(147, 81, 'Có'),
(148, 81, 'Không'),
(149, 82, 'Tiểu học / Elementary School'),
(150, 82, 'Trung học cơ sở / Secondary school'),
(151, 82, 'Trung học phổ thông'),
(152, 82, 'Học nghề /'),
(153, 82, 'Trung Cấp Nghề'),
(154, 82, 'Cao đẳng / College'),
(155, 82, 'Đại học / University'),
(156, 82, 'Sau Đại học / Post Graduate'),
(157, 82, 'Bổ túc cấp I / Continuation School level I'),
(158, 82, 'Bổ túc cấp II / Continuation School level II'),
(159, 82, 'Bổ túc cấp III / Continuation School level III'),
(160, 83, 'Không có bằng cấp / No qualification'),
(161, 83, 'Bằng cấp I'),
(162, 83, 'Bằng cấp II'),
(163, 83, 'Bằng cấp III'),
(164, 83, 'Bằng trung cấp nghề'),
(165, 83, 'Cử nhân / BA'),
(166, 83, 'Thạc sĩ / MA/MS'),
(167, 83, 'Tiến sĩ / PhD'),
(168, 83, 'Bằng cấp chính quy'),
(169, 83, 'Bằng cấp không chính quy'),
(170, 84, 'Thể thao / Sport'),
(171, 84, 'Làm vườn / Gardening'),
(172, 84, 'Công nghệ thông tin / IT'),
(173, 84, 'Xem phim / Watching film'),
(174, 84, 'Nấu ăn / Cooking'),
(175, 84, 'Du lịch / Traveling'),
(176, 84, 'Đọc sách / Reading'),
(177, 84, 'Trang điểm / Make up'),
(178, 84, 'Nghiên cứu / Research'),
(179, 84, 'Giữ trẻ / Child care'),
(180, 84, 'Mua sắm / Shopping'),
(181, 84, 'Thêu thùa/May vá / Sewing/Handicraft'),
(182, 84, 'Nghề mộc / Woodwork'),
(183, 84, 'Nhiếp ảnh / Photography'),
(184, 84, 'Thời trang / Fashion Designer'),
(185, 84, 'Tham gia các hoạt động xã hội / Social activity '),
(186, 84, 'Nghe nhạc / Music'),
(187, 84, 'Khác / Other'),
(188, 85, 'Kế toán / Accounting'),
(189, 85, 'Luật / Law'),
(190, 85, 'Công tác xã hội / Social work'),
(191, 85, 'Y tế / Health'),
(192, 85, 'Nghệ thuật / Art'),
(193, 85, 'Cơ khí / Mechanical'),
(194, 85, 'Viễn thông / Telecommunication'),
(195, 85, 'Thủ công / Handicraft'),
(196, 85, 'Buôn bán lẻ / Retail'),
(197, 85, 'Tiếp thị / Marketing'),
(198, 85, 'Buôn bán nội thất / Furniture'),
(199, 85, 'Nhân viên văn phòng / Office'),
(200, 85, 'Nghề nông / Agriculture'),
(201, 85, 'Mat-xa / Massage'),
(202, 85, 'Làm vườn / Gardening'),
(203, 85, 'Đầu bếp / Cook'),
(204, 85, 'Giáo viên / Teacher'),
(205, 85, 'Chủ doanh nghiệp nhỏ / Small enterprise'),
(206, 85, 'Làm việc ở nhà / Working for Home '),
(207, 85, 'Thiết kế thời trang / Fashion designer'),
(208, 85, 'Công nghệ thông tin / IT'),
(209, 85, 'Điện-Điện tử / Electronics'),
(210, 85, 'Trực điện thoại / Phone reception'),
(211, 85, 'Biên-phiên dịch / Translator-Interpreter'),
(212, 85, 'Dạy nhạc / Music teacher'),
(213, 85, 'Dạy ngoại ngữ / Foreign language teacher'),
(214, 85, 'Tư vấn viên / Adviser'),
(215, 85, 'Sáng tác thơ, nhạc / Musician, Poet Composer'),
(216, 85, 'Đờn ca tài tử / Folksong singer'),
(217, 85, 'Nhân viên phục vụ / Servant'),
(218, 85, 'Nhân viên phòng Net / Internet room keeper'),
(219, 86, '0 năm'),
(220, 86, '1'),
(221, 86, '2'),
(222, 86, '3'),
(223, 86, '4'),
(224, 86, '5'),
(225, 86, '6'),
(226, 86, '7'),
(227, 86, '8'),
(228, 86, '9'),
(229, 20, 'Cụt 1 bàn tay / Amputation of 1 hand'),
(230, 20, 'Cụt ngón chân / Amputation of toe'),
(231, 20, 'Cụt ngón tay / Amputation of finger'),
(232, 20, 'Liệt 2 chân / Paralysis of 2 legs'),
(233, 20, 'Liệt 1 chân / Paralysis of 1 leg'),
(234, 20, 'Liệt 2 tay / Paralysis of 2 arms'),
(235, 20, 'Liệt 1 tay / Paralysis of 1 arm'),
(236, 20, 'Khoèo (yếu) 1 chân '),
(237, 20, 'Khoèo (yếu) 1 tay'),
(238, 20, 'Khoèo cổ'),
(239, 20, 'Chấn thương đầu / Head injury'),
(240, 20, 'Mất trí / Memory loss'),
(241, 20, 'Trầm cảm / Depression'),
(242, 20, 'Suy nhược thần kinh / Mental asthenia'),
(243, 20, 'Hành vi lạ / Strange behavior'),
(244, 20, 'Hội chứng Down / Down Syndrome'),
(245, 20, 'Tự kỷ / Autism'),
(246, 20, 'Bại não / Cerebral palsy'),
(247, 20, 'Ung thư / Cancer'),
(248, 20, 'Bệnh phong/Leprosey'),
(249, 20, 'HIV / Aids'),
(250, 20, 'Parkinsons'),
(251, 20, 'Chứng mất trí / Memory loss'),
(252, 22, 'Người hỗ trợ / Personal Assistant'),
(253, 22, 'Bệ đỡ / Ramp'),
(254, 22, 'Nhà vệ sinh có thể tiếp cận / Accessible toilet'),
(255, 22, 'Tầng trệt / Ground floor'),
(256, 22, 'Dùng ngôn ngữ ký hiệu / Sign language'),
(257, 22, 'Thiết bị công nghệ thông tin chuyên dụng / Special IT equipment'),
(258, 22, 'Máy trợ thính / Hearing assistance equipment'),
(259, 22, 'Thiết bị hỗ trợ nghe'),
(260, 22, 'Gậy / Stick'),
(261, 22, 'Xe lắc /'),
(262, 22, 'Chữ nổi / Braille'),
(263, 22, 'Xe ba bánh / Three-wheel motobike'),
(264, 22, 'Không cần / No need'),
(265, 93, 'Kế toán / Accounting'),
(266, 93, 'Luật / Law'),
(267, 93, 'Công tác xã hội / Social work'),
(268, 93, 'Y tế / Health'),
(269, 93, 'Nghệ thuật / Art'),
(270, 93, 'Cơ khí / Mechanical'),
(271, 93, 'Viễn thông / Telecommunication'),
(272, 93, 'Thủ công / Handicraft'),
(273, 93, 'Buôn bán lẻ / Retail'),
(274, 93, 'Tiếp thị / Marketing'),
(275, 93, 'Nội thất / Furniture'),
(276, 93, 'Văn phòng / Office'),
(277, 93, 'Nghề nông / Agriculture'),
(278, 93, 'Mat-xa / Massage'),
(279, 93, 'Làm vườn / Gardening'),
(280, 93, 'Đầu bếp / Cook'),
(281, 93, 'Giáo viên / Teacher'),
(282, 93, 'Chủ doanh nghiệp nhỏ / Small enterprise'),
(283, 93, 'Làm việc ở nhà / Working for Home '),
(284, 93, 'Thiết kế thời trang / Fashion designer'),
(285, 93, 'Công nghệ thông tin / IT'),
(286, 93, 'Điện-Điện tử / Electronics'),
(287, 93, 'Trực điện thoại / Phone reception'),
(288, 93, 'Biên-phiên dịch / Translator-Interpreter'),
(289, 93, 'Dạy nhạc / Music teacher'),
(290, 93, 'Dạy ngoại ngữ / Foreign language teacher'),
(291, 93, 'Tư vấn viên / Adviser'),
(292, 93, 'Sáng tác thơ, nhạc / Musician/Poet Composer'),
(293, 93, 'Đờn ca tài tử / Folksong singer'),
(294, 93, 'Nhân viên phục vụ / Servant'),
(295, 93, 'Nhân viên phòng Net / Internet room keeper'),
(296, 88, 'Công nghệ thông tin / IT'),
(297, 88, 'Word'),
(298, 88, 'Excel'),
(299, 88, 'Power point'),
(300, 88, 'Đồ họa / Graphics'),
(301, 88, 'Email'),
(302, 88, 'Access'),
(303, 88, 'Làm việc độc lập / Independent work'),
(304, 88, 'Sử dụng ngôn ngữ ký hiệu / Sign language'),
(305, 88, 'Nấu ăn / Cooking'),
(306, 88, 'Nhiếp ảnh / Photography'),
(307, 88, 'Viết sơ yếu lý lịch / CV writing skill'),
(308, 88, 'Trả lời phỏng vấn / Interview answering skill'),
(309, 88, 'Tìm việc / Job seeking skill'),
(310, 88, 'Quản lý / Managing'),
(311, 88, 'Giao tiếp / Communicating'),
(312, 88, 'Lãnh đạo / Leading'),
(313, 88, 'Làm việc nhóm / Teamwork'),
(314, 88, 'Tự đi lại / Independent travel'),
(315, 88, 'Không / None'),
(316, 94, 'Công nghệ thông tin / IT'),
(317, 94, 'Word'),
(318, 94, 'Excel'),
(319, 94, 'Power point'),
(320, 94, 'Đồ họa / Graphics'),
(321, 94, 'Email'),
(322, 94, 'Access'),
(323, 94, 'Làm việc độc lập / Independent work'),
(324, 94, 'Sử dụng ngôn ngữ ký hiệu / Sign language'),
(325, 94, 'Nấu ăn / Cooking'),
(326, 94, 'Nhiếp ảnh / Photography'),
(327, 94, 'Viết sơ yếu lý lịch / CV writing skill'),
(328, 94, 'Phỏng vấn / Interview answering skill'),
(329, 94, 'Tìm việc / Job seeking skill'),
(330, 94, 'Quản lý / Managing'),
(331, 94, 'Giao tiếp / Communicating'),
(332, 94, 'Lãnh đạo / Leading'),
(333, 94, 'Làm việc nhóm / Teamwork'),
(334, 94, 'Tự đi lại / Independent travel'),
(335, 94, 'Không / None'),
(337, 41, 'Khiếm thị/Vision impairment'),
(338, 41, 'Tật vận động/Physical disability'),
(339, 41, 'Sức khỏe tinh thần/Mental health'),
(340, 41, 'Khuyết tật về mặt trí tuệ/Intellectual disability'),
(341, 41, 'Bệnh mãn tính/Long term health condition'),
(342, 41, 'Sứt môi, hở hàm ếch/Harelip'),
(343, 41, 'Bệnh lùn/Draft'),
(344, 41, 'Bệnh già trước tuổi/'),
(345, 41, 'Gù lưng/Hunch-backed'),
(346, 41, 'Khác/Other'),
(347, 42, 'Điếc/Deaf'),
(348, 42, 'Nghe kém/Hard of hearing'),
(349, 42, 'Mới bị mất thính lực'),
(350, 42, 'Nói đuợc, không nghe được/Speaking without hearing'),
(351, 42, 'Nghe được, không nói được/Hearing without speaking'),
(352, 42, 'Mù/Blind'),
(353, 42, 'Lòa/Low vision'),
(354, 42, 'Thị trường hẹp/Restricted vision'),
(355, 42, 'Hỏng một mắt/blind in one eye'),
(356, 42, 'Liệt toàn thân/Total paralysis'),
(357, 42, 'Liệt nửa người/Partial paralysis'),
(358, 42, 'Cụt 2 chân/Amputation of 2 legs'),
(359, 42, 'Cụt 1 chân/Amputation of 1 leg'),
(360, 42, 'Cụt 2 bàn chân/Amputation of 2 feet'),
(361, 42, 'Cụt 1 bàn chân/Amputation of 1 foot'),
(362, 42, 'Cụt 2 cánh tay/Amputation of 2 arms'),
(363, 42, 'Cụt 1 cánh tay/Amputation of 1 arm'),
(364, 42, 'Cụt 2 bàn tay/Amputation of 2 hands'),
(365, 42, 'Cụt 1 bàn tay/Amputation of 1 hand'),
(366, 42, 'Cụt ngón chân/Amputation of toe'),
(367, 42, 'Cụt ngón tay/Amputation of finger'),
(368, 42, 'Liệt 2 chân/ Paralysis of 2 legs'),
(369, 42, 'Liệt 1 chân/Paralysis of 1 leg'),
(370, 42, 'Liệt 2 tay/Paralysis of 2 arms'),
(371, 42, 'Liệt 1 tay/Paralysis of 1 arm'),
(372, 42, 'Khoèo chân'),
(373, 42, 'Khoèo tay'),
(374, 42, 'Khoèo cổ'),
(375, 42, 'Chấn thương đầu/Head injury'),
(376, 42, 'Mất trí/Memory loss'),
(377, 42, 'Trầm cảm/Depression'),
(378, 42, 'Suy nhược thần kinh/Mental asthenia'),
(379, 42, 'Hành vi lạ/Strange behavior'),
(380, 42, 'Hội chứng Down/Down'),
(381, 42, 'Tự kỷ/Autism'),
(382, 42, 'Bại não/Cerebral palsy'),
(383, 42, 'Ung thư/Cancer'),
(384, 42, 'Bệnh phong/Leprosey'),
(385, 42, 'HIV / Aids'),
(386, 42, 'Parkinsons'),
(387, 42, 'Chứng mất trí/Memory loss'),
(388, 44, 'Xe lăn/Wheelchair'),
(389, 44, 'Nạng/Crutch'),
(390, 44, 'Người hỗ trợ/Personal Assistant'),
(391, 44, 'Bệ đỡ/Ramp'),
(392, 44, 'Nhà vệ sinh có thể tiếp cận/Accessible toilet'),
(393, 44, 'Tầng trệt/Ground floor'),
(394, 44, 'Dùng ngôn ngữ ký hiệu/Sign language'),
(395, 44, 'Thiết bị công nghệ thông tin chuyên dụng/Special IT equipment'),
(396, 44, 'Máy trợ thính/Hearing assistance equipment'),
(397, 44, 'Thiết bị hỗ trợ nghe'),
(398, 44, 'Gậy/Stick'),
(399, 44, 'Xe lắc/'),
(400, 44, 'Chữ nổi/Braille'),
(401, 44, 'Xe ba bánh/Three-wheel motobike'),
(402, 44, 'Không cần/ No need'),
(404, 45, 'Trung học cơ sở/Secondary school'),
(405, 45, 'Trung học phổ thông'),
(406, 45, 'Học nghề/'),
(407, 45, 'Trung Cấp Nghề'),
(408, 45, 'Cao đẳng/College'),
(409, 45, 'Đại học/University'),
(410, 45, 'Sau Đại học/Post Graduate'),
(411, 45, 'Bổ túc cấp I/Continuation School level I'),
(412, 45, 'Bổ túc cấp II/Continuation School level II'),
(413, 45, 'Bổ túc cấp III/Continuation School level III'),
(414, 46, 'Không có bằng cấp/No qualification'),
(415, 46, 'Bằng cấp I'),
(416, 46, 'Bằng cấp II'),
(417, 46, 'Bằng cấp III'),
(418, 46, 'Bằng trung cấp nghề'),
(419, 46, 'Cử nhân/BA'),
(420, 46, 'Thạc sĩ/MA/MS'),
(421, 46, 'Tiến sĩ/PhD'),
(422, 46, 'Bằng cấp chính quy'),
(423, 46, 'Bằng cấp không chính quy'),
(424, 51, 'Công nghệ thông tin/IT'),
(425, 51, 'Word'),
(426, 51, 'Excel'),
(427, 51, 'Power point'),
(428, 51, 'Đồ họa/graphics'),
(429, 51, 'Email'),
(430, 51, 'Access'),
(431, 51, 'Làm việc độc lập/Independent work'),
(432, 51, 'Sử dụng ngôn ngữ ký hiệu/Sign language'),
(433, 51, 'Nấu ăn/Cooking'),
(434, 51, 'Nhiếp ảnh/Photography'),
(435, 51, 'Viết sơ yếu lý lịch/CV writing skill'),
(436, 51, 'Phỏng vấn/Interview answering skill'),
(437, 51, 'Tìm việc/Job seeking skill'),
(438, 51, 'Quản trị/Managing'),
(439, 51, 'Giao tiếp/Communicating'),
(440, 51, 'Lãnh đạo/Leading'),
(441, 51, 'Làm việc nhóm/Teamwork'),
(442, 51, 'Tự đi lại/Independent travel'),
(443, 51, 'Không/None'),
(444, 52, 'Biết đọc biết viết / ability of reading and writing'),
(445, 52, 'Biết đọc nhưng không biết viết / Ability of reading without writing'),
(446, 53, 'Có'),
(447, 53, 'Không'),
(448, 85, 'Trợ giảng / TA'),
(450, 86, 'trên 10 năm'),
(456, 99, 'Nữ'),
(455, 99, 'Nam'),
(457, 108, 'Nam'),
(458, 108, 'Nữ'),
(459, 109, '10 - 20'),
(460, 109, '21 - 30'),
(461, 109, '31 - 40'),
(462, 109, '41 - 50'),
(463, 19, 'Hội chứng Down / Down Sydrome'),
(464, 19, 'Khác / Other'),
(465, 83, 'Kỹ sư / Engineer'),
(466, 84, 'Không / None'),
(468, 85, 'Kết cườm'),
(469, 85, 'Sửa điện thoại'),
(470, 85, 'Quảng trị mạng / Network Admin'),
(471, 85, 'Bảo vệ / Security'),
(472, 85, 'Dựng (biên tập) phim / Film editor'),
(473, 85, 'Thiết kế web / Web-designer'),
(474, 85, 'Quản lý nhân sự / HR'),
(475, 85, 'Quan hệ công chúng (PR) / PR'),
(476, 85, 'Tham vấn / Counseling'),
(477, 85, 'Giới thiệu việc làm'),
(478, 85, 'Tư vấn bảo hiểm'),
(479, 85, 'Tư vấn du học'),
(480, 85, 'Tư vấn bất động sản'),
(481, 85, 'Bác sĩ máy tính'),
(482, 85, 'Nhân viên chăm sóc khách hàng / Customer Care'),
(483, 85, 'Họa viên kiến trúc'),
(484, 85, 'Tạp vụ'),
(485, 85, 'Trợ lý'),
(486, 85, 'Thư ký'),
(487, 85, 'Thủ kho'),
(488, 85, 'Thợ mộc'),
(489, 85, 'Nhân viên nhập liệu'),
(490, 85, 'Chuyên viên trang điểm'),
(491, 85, 'Hớt tóc'),
(492, 85, 'In lụa'),
(493, 85, 'Thêu'),
(494, 85, 'Tư vấn khách hàng qua điện thoại'),
(495, 85, 'Thu ngân'),
(496, 85, 'Gia sư'),
(497, 93, 'Gia sư'),
(498, 93, 'Thu ngân'),
(499, 93, 'Tư vấn khách hàng qua điện thoại'),
(500, 93, 'Thêu'),
(501, 93, 'In lụa'),
(502, 93, 'Hớt tóc'),
(503, 93, 'Chuyên viên trang điểm'),
(504, 93, 'Nhân viên nhập liệu'),
(505, 93, 'Thợ mộc'),
(506, 93, 'Thủ kho'),
(507, 93, 'Thư ký'),
(508, 93, 'Trợ lý'),
(509, 93, 'Tạp vụ'),
(510, 93, 'Họa viên kiến trúc'),
(511, 93, 'Nhân viên chăm sóc khách hàng'),
(512, 93, 'Bác sĩ máy tính'),
(513, 93, 'Tư vấn bất động sản'),
(514, 93, 'Tư vấn du học'),
(515, 93, 'Tư vấn bảo hiểm'),
(516, 93, 'Giới thiệu việc làm'),
(517, 93, 'Tham vấn / Counseling'),
(518, 93, 'Quan hệ công chúng (PR) / PR'),
(519, 93, 'Quản lý nhân sự / HR'),
(520, 93, 'Thiết kế web / We-designer'),
(521, 93, 'Dựng (biên tập) film / Film editor'),
(522, 93, 'Bảo vệ / Security'),
(523, 93, 'Quản trị mạng'),
(524, 93, 'Sửa điện thoại'),
(525, 93, 'Kết cườm'),
(526, 93, 'Trợ giảng / TA'),
(527, 93, 'Buôn bán nội thất / Furniture'),
(539, 113, 'Xe buýt'),
(538, 113, 'Xe 3 bánh'),
(537, 113, 'Xe lắc'),
(536, 113, 'Xe lăn'),
(535, 113, 'Nạng'),
(534, 20, 'Có thể tự đi lại được'),
(540, 85, 'Sửa xe gắn máy'),
(541, 85, 'Sửa xe đạp'),
(542, 85, 'Cắt chỉ'),
(543, 85, 'Đan lát'),
(544, 93, 'Sửa xe gắn máy'),
(545, 93, 'Sửa xe đạp'),
(546, 93, 'Đan lát'),
(548, 116, 'Đã có việc làm'),
(549, 116, 'Chưa có việc làm'),
(550, 117, 'Thân thiện'),
(551, 117, 'Vãng lai'),
(552, 117, 'Tiềm Năng');

-- --------------------------------------------------------

--
-- Table structure for table `fields`
--
-- Creation: Jul 29, 2010 at 04:48 PM
-- Last update: Aug 12, 2010 at 12:06 PM
--

DROP TABLE IF EXISTS `fields`;
CREATE TABLE IF NOT EXISTS `fields` (
  `FieldID` int(10) unsigned NOT NULL auto_increment,
  `FieldTypeID` smallint(5) unsigned default NULL,
  `FieldName` text character set utf8 NOT NULL,
  `ValidationRules` varchar(255) collate utf8_unicode_ci default NULL,
  PRIMARY KEY  (`FieldID`)
) ENGINE=MyISAM  DEFAULT CHARSET=utf8 COLLATE=utf8_unicode_ci AUTO_INCREMENT=118 ;

--
-- Dumping data for table `fields`
--

INSERT INTO `fields` (`FieldID`, `FieldTypeID`, `FieldName`, `ValidationRules`) VALUES
(1, 4, 'field 1 ext', 'searchable'),
(2, 2, 'field 2', 'searchable'),
(3, 3, 'Ngay sinh', 'searchable'),
(4, 4, 'Tuổi/Age', 'searchable'),
(5, 1, 'aaa', 'searchable'),
(6, 1, 'Job Seeker Name', 'searchable'),
(7, 4, 'What is your Age ?', 'searchable'),
(8, 1, 'Họ tên / Your Name', 'searchable'),
(9, 4, 'Tuổi / Age', 'searchable'),
(10, 4, 'aaaa', 'searchable'),
(11, 7, 'chexcxvbox', 'searchable'),
(12, 6, 'test', 'searchable'),
(13, 2, 'Địa chỉ thường trú/Adress', 'searchable'),
(14, 2, 'Địa chỉ liên lạc / Contact Address', 'searchable'),
(15, 1, 'Mobile number 1', 'searchable'),
(16, 1, 'Số điện thoại / Phone Number', 'searchable'),
(17, 1, 'E-mail', 'searchable'),
(18, 1, 'Repeat E Mail', '== field: E Mail '),
(19, 7, 'Dạng tật / Disability', 'searchable | statistical'),
(20, 7, 'Chi tiết dạng tật/Details of Disability', 'searchable'),
(21, 6, 'Nguyên nhân gây khuyết tật / Cause of disability', 'searchable'),
(22, 7, 'Phương tiện hỗ trợ phù hợp / Reasonable Accomodation', 'searchable'),
(24, 1, 'EMPLOYER CONTACT DETAILS   ', 'searchable'),
(25, 1, 'EMPLOYER CONTACT DETAILS', 'searchable'),
(29, 1, 'Tên công ty', 'searchable'),
(30, 2, 'Địa chỉ', 'searchable'),
(31, 1, 'Số điện thoại', 'searchable'),
(32, 1, 'Email', 'searchable'),
(33, 1, 'Địa chỉ Website', 'searchable'),
(34, 1, 'Tên của người liên lạc', 'searchable'),
(35, 5, 'Nos of Employees', 'searchable'),
(36, 4, 'Số lượng nhân viên', 'searchable'),
(37, 4, 'Nos of Employees', 'searchable'),
(38, 4, 'Loại hình kinh doanh', 'searchable'),
(39, 1, 'Số Fax / Fax Number', 'searchable'),
(40, 1, 'Số mobile của người cần liên lạc', 'searchable'),
(41, 6, 'Loại khuyết tật nào mà công ty có thể chấp nhận?', 'searchable'),
(42, 7, 'Vui lòng mô tả chi tiết về loại khuyết tật (có thể bỏ qua)', 'searchable'),
(43, 1, 'What type of reasonable accomodation can you make?', 'searchable'),
(44, 7, 'Phương tiện hỗ trợ phù hợp/Reasonable Accomodation', 'searchable'),
(45, 4, 'Trình độ học vấn / School level', 'searchable'),
(46, 4, 'Bằng cấp/Chứng chỉ/Chứng nhận/Qualification/Certificate', 'searchable'),
(47, 1, 'What subject do you need? ', 'searchable'),
(48, 1, 'What subject do you need? ', 'searchable'),
(49, 1, 'What subject do you need? ', 'searchable'),
(50, 1, 'What subject do you need? ', 'searchable'),
(51, 7, 'Các kỹ năng mong muốn ứng viên có / What skills do you need ?', 'searchable'),
(52, 4, 'Bạn cần ứng viên biết đọc hoặc viết ?', 'searchable'),
(53, 6, 'Bạn có mong muốn DRD hỗ trợ ?', 'searchable'),
(54, 7, 'How can DRD job coach support you?', 'searchable'),
(55, 3, 'Thời gian bắt đầu công việc', 'searchable'),
(56, 1, 'Is the job seeker still working for you?', 'searchable'),
(57, 1, 'What are the reasons for keeping this person in the job?', 'searchable'),
(58, 1, 'Why did this person leave?', 'searchable'),
(59, 1, 'Do you have any other jobs for people with disability', 'searchable'),
(60, 1, 'Is the job seeker still working for you?', 'searchable'),
(61, 1, 'What are the reasons for keeping this person in the job?', 'searchable'),
(62, 1, 'Why did this person leave?', 'searchable'),
(63, 1, 'Do you have any other jobs for people with disability', 'searchable'),
(64, 1, 'Is the job seeker still working for you?', 'searchable'),
(65, 1, 'What are the reasons for keeping this person in the job?', 'searchable'),
(66, 1, 'Why did this person leave?', 'searchable'),
(67, 1, 'Do you have any other jobs for people with disability', 'searchable'),
(68, 1, 'Would you employ someone with a disability again?', 'searchable'),
(69, 1, 'IF you said NO please can you explain', 'searchable'),
(70, 1, 'If you said YES ', 'searchable'),
(71, 1, 'Was the job coach helpful?', 'searchable'),
(72, 1, 'Was the job coach helpful?', 'searchable'),
(73, 1, 'Is there something that DRD did well?', 'searchable'),
(74, 1, 'Is there something that DRD can do better?', 'searchable'),
(75, 1, 'Do you have any other jobs for people with disability', 'searchable'),
(76, 2, 'Câu 1: Dạng khuyết tật của bạn? (Xin vui lòng miêu tả cụ thể)', 'searchable'),
(77, 2, 'Câu 2: Nguyên nhân dẫn  đến khuyết tật?', 'searchable'),
(96, 0, '0', '0'),
(78, 1, 'Tên công việc', 'searchable'),
(79, 7, 'Theo dõi 3 tháng-lý do vẫn duy trì công việc/3 month follow up-reasons for staying', 'searchable'),
(80, 7, 'Theo dõi 3 tháng-lý do bỏ việc/3 month follow up-reasons for leaving', 'searchable'),
(81, 6, 'DRD có hỗ trợ tốt cho công việc của bạn', 'searchable'),
(82, 4, 'Trình độ học vấn / School level', 'searchable'),
(83, 4, 'Bằng cấp - Chứng chỉ - Chứng nhận / Qualification - Certificate', 'searchable'),
(84, 7, 'Sở thích / Hobby', 'searchable'),
(85, 7, 'Loại công việc bạn từng làm / Types of work have you done ', 'searchable'),
(86, 4, 'Kinh nghiệm/Experiences', 'searchable'),
(87, 7, 'Công việc mong muốn / Preferred work area', 'searchable'),
(88, 7, 'Các kỹ năng hiện có/Skills now', 'searchable'),
(89, 7, 'Các kỹ năng cần có/Skills needed', 'searchable'),
(90, 1, 'Nơi cấp', 'searchable'),
(91, 3, 'Ngày cấp', 'searchable'),
(92, 1, 'Chuyên ngành', 'searchable'),
(93, 7, 'Công việc mong muốn / Preferred work area ', 'searchable'),
(94, 7, 'Các kỹ năng cần có/Skills needed', 'searchable'),
(95, 3, 'Ngày sinh / Date of Birth', 'searchable'),
(97, 3, 'Ngày đăng ký / Register Date', 'searchable'),
(98, 1, 'Họ tên / Your Name', 'searchable'),
(99, 4, 'Giới tính / Gender', 'searchable'),
(100, 1, 'Họ và Tên', 'searchable'),
(101, 3, 'Ngày sinh', 'searchable'),
(102, 3, 'Ngày đăng ký / Register Date', 'searchable  validate[required]'),
(103, 1, 'Email', 'searchable'),
(104, 1, 'Điện thoại / Phone', 'searchable'),
(105, 1, 'Di động / Mobile', 'searchable'),
(106, 2, 'Địa chỉ liên lạc / Contact Address', 'searchable  validate[required,length[0,200]]'),
(107, 2, 'Địa chỉ thường trú', 'searchable'),
(108, 4, 'Giới tính / Gender', 'searchable  validate[required]'),
(109, 4, 'Tuổi / Age', 'searchable'),
(110, 3, 'Ngày sinh / Date of birth', 'searchable  validate[required]'),
(111, 1, 'Họ và Tên / Fullname', 'searchable'),
(112, 1, 'Họ và Tên / Fullname', 'searchable  validate[required,length[0,50]]'),
(113, 7, 'Phương tiện đi lại (di chuyển) / Means of transport', 'searchable'),
(114, 1, 'Mong muốn học nghề', 'searchable'),
(115, 2, 'Chi tiết theo dõi', 'searchable  validate[required]'),
(116, 6, 'Tình trang viec lam', 'searchable'),
(117, 6, 'Mối quan hệ với DRD', 'searchable  validate[required]');

-- --------------------------------------------------------

--
-- Table structure for table `fieldvalues`
--
-- Creation: Jul 29, 2010 at 04:48 PM
-- Last update: Aug 17, 2010 at 09:43 AM
--

DROP TABLE IF EXISTS `fieldvalues`;
CREATE TABLE IF NOT EXISTS `fieldvalues` (
  `FieldValueID` bigint(20) unsigned NOT NULL auto_increment,
  `FieldID` int(10) unsigned NOT NULL,
  `ObjectID` bigint(20) default NULL,
  `FieldValue` text character set utf8 NOT NULL,
  `SelectedFieldValue` tinyint(1) unsigned NOT NULL default '0',
  PRIMARY KEY  (`FieldValueID`)
) ENGINE=MyISAM  DEFAULT CHARSET=utf8 COLLATE=utf8_unicode_ci AUTO_INCREMENT=6307 ;

--
-- Dumping data for table `fieldvalues`
--

INSERT INTO `fieldvalues` (`FieldValueID`, `FieldID`, `ObjectID`, `FieldValue`, `SelectedFieldValue`) VALUES
(1833, 93, 106, '285', 0),
(1834, 88, 106, '296', 1),
(1835, 112, 107, 'Đặng Văn Nam', 0),
(1836, 110, 107, '1980', 0),
(1837, 109, 107, '460', 0),
(1838, 108, 107, '457', 0),
(1839, 107, 107, 'Phước Tân, Long Thành, Đồng Nai.\n', 0),
(2001, 0, 115, '457', 0),
(2000, 0, 115, '460', 0),
(1999, 0, 115, '1953', 0),
(1995, 91, 114, '', 0),
(1989, 19, 114, '75', 0),
(1990, 20, 114, '123', 0),
(1991, 82, 114, '149', 0),
(1992, 92, 114, '', 0),
(1993, 83, 114, '160', 0),
(1994, 90, 114, '', 0),
(1964, 105, 113, '0973 725 154', 0),
(1963, 104, 113, '', 0),
(1962, 106, 113, '635/8, KP II, Trần Xuân Soạn, P.Tân Hưng, Q.7\n', 0),
(1957, 112, 113, 'Nguyễn Văn Quang', 0),
(1958, 110, 113, '1987', 0),
(1959, 109, 113, '460', 0),
(1960, 108, 113, '457', 0),
(1961, 107, 113, 'Ấp 6A xã Núi Tượng, Tân Phú, Đồng Nai\n', 0),
(4949, 40, 260, '', 0),
(4948, 34, 260, 'Ông Carl Markus Albani', 0),
(4947, 39, 260, '', 0),
(4946, 38, 260, '36', 0),
(2002, 0, 115, '664/132 Nguyễn Đình Chiểu, Q.3\n', 0),
(4945, 36, 260, '22', 0),
(4944, 29, 260, 'Decotex trách nhiệm hữu hạn', 0),
(4943, 79, 145, '84', 1),
(4942, 81, 145, '147', 0),
(4941, 93, 107, '504', 1),
(1997, 114, 114, '', 0),
(1998, 0, 115, 'Đào Minh Chuyết', 0),
(4939, 84, 107, '170', 0),
(1842, 105, 107, '0907049805', 0),
(1843, 103, 107, 'phuongnam0478@gmail.com', 0),
(1844, 102, 107, '19/03/2009', 0),
(1845, 19, 107, '75', 0),
(1846, 20, 107, '235', 0),
(1847, 82, 107, '155', 0),
(1848, 83, 107, '165', 0),
(1849, 90, 107, '', 0),
(1850, 92, 107, 'Điện-điện tử', 0),
(1851, 91, 107, '', 0),
(1852, 85, 107, '208', 0),
(1853, 85, 107, '209', 0),
(1854, 86, 107, '224', 0),
(1855, 88, 107, '296', 1),
(1856, 88, 107, '297', 1),
(1857, 88, 107, '298', 1),
(1858, 88, 107, '299', 1),
(1859, 88, 107, '300', 1),
(1860, 112, 108, 'Nguyễn Văn Tới ', 0),
(1840, 106, 107, '', 0),
(1841, 104, 107, '', 0),
(93, 78, 21, 'Phien dich', 0),
(94, 29, 22, 'DRD', 0),
(95, 30, 22, '91/6N Hoa Hung Phường 12 Quận 10', 0),
(96, 31, 22, '', 0),
(97, 40, 22, '', 0),
(98, 39, 22, '', 0),
(99, 32, 22, '', 0),
(100, 33, 22, 'http://drdvietnam.com', 0),
(101, 34, 22, '', 0),
(102, 36, 22, '32', 0),
(103, 38, 22, '61', 0),
(1996, 86, 114, '219', 0),
(1939, 110, 112, '', 0),
(1940, 109, 112, '461', 0),
(1941, 108, 112, '458', 0),
(1942, 107, 112, '934/1 Đường 15, QL 1A, P.Linh Trung, Q.Thủ Đức\n', 0),
(1943, 106, 112, '934/1 Đường 15, QL 1A, P.Linh Trung, Q.Thủ Đức\n', 0),
(1944, 104, 112, '', 0),
(1945, 105, 112, '0982 352 910', 0),
(1946, 103, 112, '', 0),
(1947, 102, 112, '24/4/2009', 0),
(1948, 19, 112, '75', 0),
(1949, 20, 112, '232', 0),
(1950, 82, 112, '150', 0),
(1951, 92, 112, '', 0),
(1952, 83, 112, '160', 0),
(1953, 90, 112, '', 0),
(1954, 91, 112, '', 0),
(1955, 86, 112, '219', 0),
(1956, 114, 112, 'Thiết kế nội thất', 0),
(1938, 112, 112, 'Lê Thị Bân', 0),
(1937, 86, 111, '219', 0),
(1936, 85, 111, '542', 0),
(1935, 91, 111, '', 0),
(1934, 90, 111, '', 0),
(1933, 83, 111, '162', 0),
(1932, 92, 111, '', 0),
(1931, 82, 111, '150', 0),
(1930, 20, 111, '534', 0),
(1929, 19, 111, '75', 0),
(1927, 103, 111, '', 0),
(1928, 102, 111, '14/4/2009', 0),
(1925, 104, 111, '38662551', 0),
(1926, 105, 111, '01267276595', 0),
(1924, 106, 111, '3/112 Thành Thái, F14, Q.10', 0),
(1923, 107, 111, '3/112 Thành Thái, F14, Q.10\n', 0),
(1922, 108, 111, '457', 0),
(1921, 109, 111, '461', 0),
(1920, 110, 111, '1979', 0),
(1919, 112, 111, 'Võ Duy Việt', 0),
(1918, 85, 110, '540', 1),
(1917, 86, 110, '219', 0),
(1916, 91, 110, '', 0),
(1915, 90, 110, '', 0),
(1914, 83, 110, '162', 0),
(1913, 92, 110, '', 0),
(1912, 82, 110, '150', 0),
(1911, 20, 110, '232', 0),
(1910, 19, 110, '75', 0),
(1909, 102, 110, '8/4/2009', 0),
(1908, 103, 110, '', 0),
(1907, 105, 110, '0937 606 677 (anh Quang)', 0),
(1906, 104, 110, '', 0),
(1905, 106, 110, 'BV Chợ Rẫy', 0),
(1904, 107, 110, 'Hậu Giang\n', 0),
(1903, 108, 110, '457', 0),
(1902, 109, 110, '460', 0),
(1901, 110, 110, '1989', 0),
(1900, 112, 110, 'Võ Văn Quốc', 0),
(1899, 93, 109, '272', 0),
(1898, 86, 109, '219', 0),
(1888, 102, 109, '30/03/2009', 0),
(1889, 19, 109, '75', 0),
(1890, 20, 109, '232', 0),
(1891, 22, 109, '20', 0),
(1892, 82, 109, '151', 0),
(1893, 83, 109, '163', 0),
(1894, 90, 109, '', 0),
(1895, 92, 109, '', 0),
(1896, 91, 109, '', 0),
(1897, 84, 109, '181', 0),
(1887, 103, 109, '', 0),
(1886, 105, 109, '0916 660 562', 0),
(1988, 102, 114, '6/5/2009', 0),
(1987, 103, 114, 'saumottinhyeu@yahoo.com', 0),
(1986, 105, 114, '0985 774 917', 0),
(1985, 104, 114, '', 0),
(1984, 106, 114, '878 Trường Sơn, P.Linh Trung, Q.Thủ Đức\n', 0),
(1983, 107, 114, '878 Trường Sơn, P.Linh Trung, Q.Thủ Đức\n', 0),
(1982, 108, 114, '457', 0),
(1981, 109, 114, '460', 0),
(1980, 110, 114, '1991', 0),
(1979, 112, 114, 'Trần Đình Hữu Châu', 0),
(1978, 88, 113, '300', 0),
(1977, 114, 113, '', 0),
(1976, 93, 113, '285', 0),
(1975, 86, 113, '219', 0),
(1974, 91, 113, '', 0),
(1973, 90, 113, '', 0),
(1972, 83, 113, '160', 0),
(1971, 92, 113, 'Đồ họa vi tính', 0),
(1970, 82, 113, '152', 0),
(1969, 20, 113, '534', 0),
(1968, 20, 113, '129', 0),
(1967, 19, 113, '75', 0),
(1966, 102, 113, '6/5/2009', 0),
(1965, 103, 113, '', 0),
(345, 29, 30, 'TNHH TMDV BICH AN', 0),
(346, 30, 30, '64 Nguyễn Khoái P2 Q4, TPHCM', 0),
(347, 31, 30, '', 0),
(348, 39, 30, '', 0),
(349, 32, 30, '', 0),
(350, 33, 30, '', 0),
(351, 36, 30, '22', 0),
(352, 38, 30, '34', 0),
(353, 34, 30, 'Võ Thế An', 0),
(354, 40, 30, '0908527704', 0),
(355, 42, 30, '348', 0),
(356, 42, 30, '369', 0),
(357, 44, 30, '402', 0),
(358, 41, 30, '336', 0),
(359, 45, 30, '404', 0),
(360, 46, 30, '416', 0),
(361, 50, 30, '', 0),
(362, 51, 30, '425', 0),
(363, 51, 30, '442', 0),
(364, 52, 30, '444', 0),
(365, 53, 30, '446', 0),
(366, 54, 30, '69', 0),
(367, 55, 30, '', 0),
(1885, 104, 109, '', 0),
(1884, 106, 109, '106H/ 5C LLQ P3 Q4, TPHCM\n', 0),
(1880, 110, 109, '1978', 0),
(1881, 109, 109, '461', 0),
(1882, 108, 109, '458', 0),
(1883, 107, 109, '150/17 LQK, KP3, Vĩnh Bảo\n', 0),
(1832, 86, 106, '219', 0),
(1830, 92, 106, '', 0),
(1831, 91, 106, '', 0),
(1828, 83, 106, '163', 0),
(1829, 90, 106, '', 0),
(1827, 82, 106, '151', 0),
(1826, 20, 106, '233', 0),
(1825, 19, 106, '75', 0),
(1824, 102, 106, '24/2/2009', 0),
(1823, 103, 106, '', 0),
(1822, 105, 106, '0987769347', 0),
(1821, 104, 106, '', 0),
(1820, 106, 106, '716/14 Đoàn Văn Bơ, P.16, Q.4.\n', 0),
(1819, 107, 106, '53 Nơ Trang Long\n', 0),
(1818, 108, 106, '457', 0),
(1817, 109, 106, '460', 0),
(1816, 110, 106, '1986', 0),
(1815, 112, 106, 'Nguyễn Đình Đạt', 0),
(1814, 86, 105, '219', 0),
(1813, 91, 105, '', 0),
(1812, 92, 105, '', 0),
(1811, 90, 105, '', 0),
(1810, 83, 105, '163', 0),
(1809, 82, 105, '151', 0),
(1808, 21, 105, '139', 0),
(1807, 20, 105, '235', 0),
(1806, 19, 105, '75', 0),
(1805, 102, 105, '11/2/2009', 0),
(1804, 103, 105, '', 0),
(1803, 105, 105, '01269544102', 0),
(1801, 106, 105, '', 0),
(1802, 104, 105, '', 0),
(1800, 107, 105, 'Thạnh Trị, Sóc Trăng\n', 0),
(1799, 108, 105, '457', 0),
(1798, 109, 105, '460', 0),
(1797, 110, 105, '1990', 0),
(1796, 112, 105, 'Diệp Hồng An', 0),
(1795, 88, 104, '298', 0),
(1794, 88, 104, '297', 0),
(1793, 93, 104, '276', 0),
(1792, 86, 104, '219', 0),
(1791, 85, 104, '209', 0),
(452, 0, 35, '01/07/2010 ', 0),
(453, 0, 35, 'Trần Thị Hồng Ngọc ', 0),
(454, 0, 35, '1983 ', 0),
(455, 0, 35, '12', 0),
(456, 0, 35, '15/2A Ấp 3-xã Xuân Thới Sơn-huyện Hóc Môn\n', 0),
(457, 0, 35, '15/2A Ấp 3-xã Xuân Thới Sơn-huyện Hóc Môn\n', 0),
(458, 0, 35, '0907 525254 ', 0),
(459, 0, 35, 'ngoc_tran578@yahoo.com ', 0),
(460, 0, 35, '75', 0),
(461, 0, 35, '232', 0),
(462, 0, 35, '131', 0),
(463, 0, 35, '19', 1),
(464, 0, 35, '252', 1),
(465, 0, 35, '151', 0),
(466, 0, 35, '164', 0),
(467, 0, 35, '', 0),
(468, 0, 35, 'kế toan', 0),
(469, 0, 35, '', 0),
(470, 0, 35, '210', 0),
(471, 0, 35, '219', 0),
(472, 0, 35, '265', 1),
(473, 0, 35, '276', 1),
(474, 0, 35, '297', 0),
(475, 0, 35, '298', 0),
(476, 0, 35, '301', 0),
(477, 0, 36, '01/12/2010 ', 0),
(478, 0, 36, 'Trần Văn Thành ', 0),
(479, 0, 36, '1983 ', 0),
(480, 0, 36, '12', 0),
(481, 0, 36, 'Ấp 2-Xuân Hòa-Xuân Lộc-Đồng Nai\n', 0),
(482, 0, 36, '86/657 Nguyễn Kiệm, P.3, Q.Gò Vấp\n', 0),
(483, 0, 36, '01686 198 587 ', 0),
(484, 0, 36, 'tranvanthanh06@gmail.com ', 0),
(485, 0, 36, '75', 0),
(486, 0, 36, '229', 0),
(487, 0, 36, '138', 0),
(488, 0, 36, '264', 0),
(489, 0, 36, '153', 0),
(490, 0, 36, '160', 0),
(491, 0, 36, '', 0),
(492, 0, 36, '', 0),
(493, 0, 36, '', 0),
(494, 0, 36, '219', 0),
(495, 0, 36, '282', 0),
(496, 0, 36, '283', 0),
(497, 0, 36, '300', 0),
(498, 0, 36, '335', 0),
(499, 0, 37, '15/1/2010 ', 0),
(500, 0, 37, 'Lê Trọng Vinh ', 0),
(501, 0, 37, '1981 ', 0),
(502, 0, 37, '12', 0),
(503, 0, 37, '108/23 Trần Mai Ninh, P.12, Q.Tân Bình\n', 0),
(504, 0, 37, '108/23 Trần Mai Ninh, P.12, Q.Tân Bình\n', 0),
(505, 0, 37, '0907 079 655 ', 0),
(506, 0, 37, 'vinhthaovt@yahoo.com ', 0),
(507, 0, 37, '73', 1),
(508, 0, 37, '114', 0),
(509, 0, 37, '146', 0),
(510, 0, 37, '259', 0),
(511, 0, 37, '155', 0),
(512, 0, 37, '160', 0),
(513, 0, 37, '', 0),
(514, 0, 37, 'CNTT, thiết kế đồ họa, quản trị mạng ', 0),
(515, 0, 37, '', 0),
(516, 0, 37, '199', 0),
(517, 0, 37, '208', 0),
(518, 0, 37, '219', 0),
(519, 0, 37, '285', 0),
(520, 0, 37, '296', 1),
(521, 0, 37, '335', 0),
(522, 0, 38, '17/01/2010 ', 0),
(523, 0, 38, 'Nguyễn Lê Phước ', 0),
(524, 0, 38, '1982 ', 0),
(525, 0, 38, '12', 0),
(526, 0, 38, 'Long An\n', 0),
(527, 0, 38, '293 Nguyễn Thiện Thuật, F.1, Q.3\n', 0),
(528, 0, 38, '01214702870 ', 0),
(529, 0, 38, '', 0),
(530, 0, 38, '108', 0),
(531, 0, 38, '146', 0),
(532, 0, 38, '264', 0),
(533, 0, 38, '149', 0),
(534, 0, 38, '165', 0),
(535, 0, 38, 'CĐ CN IV ', 0),
(536, 0, 38, 'Gia công chi tiết máy, tủ điện ', 0),
(537, 0, 38, '', 0),
(538, 0, 38, '193', 0),
(539, 0, 38, '221', 0),
(540, 0, 38, '296', 1),
(541, 0, 38, '335', 0),
(542, 0, 39, '15/03/2010 ', 0),
(543, 0, 39, 'Trần Thị Nga ', 0),
(544, 0, 39, '1984 ', 0),
(545, 0, 39, '12', 0),
(546, 0, 39, 'Hà Tĩnh\n', 0),
(547, 0, 39, 'Trường CĐNKTCN, 502 Đỗ Xuân Hợp, F.Phước Bình, Q.9\n', 0),
(548, 0, 39, '01676757656 ', 0),
(549, 0, 39, 'tranngaphonui@yahoo.com ', 0),
(550, 0, 39, '75', 0),
(551, 0, 39, '233', 0),
(552, 0, 39, '146', 0),
(553, 0, 39, '264', 0),
(554, 0, 39, '154', 0),
(555, 0, 39, '160', 0),
(556, 0, 39, '', 0),
(557, 0, 39, 'Kế toán doanh nghiệp ', 0),
(558, 0, 39, '', 0),
(559, 0, 39, '195', 0),
(560, 0, 39, '219', 0),
(561, 0, 39, '265', 1),
(562, 0, 39, '276', 1),
(563, 0, 39, '297', 0),
(564, 0, 39, '298', 0),
(565, 0, 39, '335', 0),
(566, 0, 40, '15/03/2010 ', 0),
(567, 0, 40, 'Nguyễn Thị Trúc Phương ', 0),
(568, 0, 40, '1985 ', 0),
(569, 0, 40, '12', 0),
(570, 0, 40, 'Quảng Ngãi\n', 0),
(571, 0, 40, '317/2A Phan Xích Long, F.2, Q.Phú Nhuận\n', 0),
(572, 0, 40, '01692809705 ', 0),
(573, 0, 40, '', 0),
(574, 0, 40, '75', 0),
(575, 0, 40, '123', 0),
(576, 0, 40, '146', 0),
(577, 0, 40, '154', 0),
(578, 0, 40, '160', 0),
(579, 0, 40, 'CĐ NKTCN ', 0),
(580, 0, 40, 'Kế toán ', 0),
(581, 0, 40, '', 0),
(582, 0, 40, '199', 0),
(583, 0, 40, '219', 0),
(584, 0, 40, '265', 1),
(585, 0, 40, '297', 0),
(586, 0, 40, '298', 0),
(587, 0, 40, '335', 0),
(588, 0, 41, '17/03/2010 ', 0),
(589, 0, 41, 'Trần Anh Tuấn ', 0),
(590, 0, 41, '1984 ', 0),
(591, 0, 41, '12', 0),
(592, 0, 41, 'Tp.HCM\n', 0),
(593, 0, 41, '162/31 Phan Đăng Lưu, F.3, Q.Phú Nhuận\n', 0),
(594, 0, 41, '01254509095 - 38451257 ', 0),
(595, 0, 41, 'anhtuantran198425@yahoo.com ', 0),
(596, 0, 41, '112', 0),
(597, 0, 41, '155', 0),
(598, 0, 41, '160', 0),
(599, 0, 41, 'ĐH KTCN TPHCM (Trung cấp) ', 0),
(600, 0, 41, 'CNTT', 0),
(601, 0, 41, '', 0),
(602, 0, 41, '208', 0),
(603, 0, 41, '219', 0),
(604, 0, 41, '285', 0),
(605, 0, 41, '296', 1),
(606, 0, 41, '335', 0),
(607, 0, 42, '20/03/2010 ', 0),
(608, 0, 42, 'Phạm Hồng Nhung ', 0),
(609, 0, 42, '1991 ', 0),
(610, 0, 42, '12', 0),
(611, 0, 42, 'Tp.HCM\n', 0),
(612, 0, 42, '260/44A Nguyễn Thái Bình, F.12, Q.Tân Bình\n', 0),
(613, 0, 42, '01677 698 027 ', 0),
(614, 0, 42, 'juliet_rosy91@yahoo.com ', 0),
(615, 0, 42, '74', 0),
(616, 0, 42, '117', 0),
(617, 0, 42, '146', 0),
(618, 0, 42, '264', 0),
(619, 0, 42, '150', 0),
(620, 0, 42, '160', 0),
(621, 0, 42, '', 0),
(622, 0, 42, '', 0),
(623, 0, 42, '', 0),
(624, 0, 42, '219', 0),
(625, 0, 43, '24/03/2010 ', 0),
(626, 0, 43, 'Nguyễn Thị Thanh Thúy ', 0),
(627, 0, 43, '1987 ', 0),
(628, 0, 43, '12', 0),
(629, 0, 43, 'Bình Định\n', 0),
(630, 0, 43, '27B Bùi Thị Xuân, F.12, Q.Tân Bình\n', 0),
(631, 0, 43, '0938 473 882 ', 0),
(632, 0, 43, 'sweetlove_0468@yahoo.com ', 0),
(633, 0, 43, '75', 0),
(634, 0, 43, '233', 0),
(635, 0, 43, '146', 0),
(636, 0, 43, '154', 0),
(637, 0, 43, '160', 0),
(638, 0, 43, 'Cao Đẳng Bách Việt ', 0),
(639, 0, 43, 'Kế toán DN ', 0),
(640, 0, 43, '', 0),
(641, 0, 43, '188', 1),
(642, 0, 43, '219', 0),
(643, 0, 43, '265', 1),
(644, 0, 43, '297', 0),
(645, 0, 43, '298', 0),
(646, 0, 44, '04/01/2010 ', 0),
(647, 0, 44, 'Trần Thị Diệu Hiền ', 0),
(648, 0, 44, '1981 ', 0),
(649, 0, 44, '12', 0),
(650, 0, 44, '244/3 Hồng Lạc, F11, Q.Tân Bình\n', 0),
(651, 0, 44, '244/3 Hồng Lạc, F11, Q.Tân Bình\n', 0),
(652, 0, 44, '01656 608 120 - 2652730 ', 0),
(653, 0, 44, 'hien.tran44@yahoo.com ', 0),
(654, 0, 44, '75', 0),
(655, 0, 44, '233', 0),
(656, 0, 44, '146', 0),
(657, 0, 44, '264', 0),
(658, 0, 44, '155', 0),
(659, 0, 44, '160', 0),
(660, 0, 44, 'ĐH KHXH&NV; ', 0),
(661, 0, 44, 'Cử nhân AV ', 0),
(662, 0, 44, '', 0),
(663, 0, 44, '196', 0),
(664, 0, 44, '219', 0),
(665, 0, 44, '276', 0),
(666, 0, 44, '297', 0),
(667, 0, 44, '298', 0),
(668, 0, 44, '335', 0),
(669, 0, 45, '04/04/2010 ', 0),
(670, 0, 45, 'Lê Hữu Tài ', 0),
(671, 0, 45, '1985 ', 0),
(672, 0, 45, '12', 0),
(673, 0, 45, '923/13 Tân Kỳ Tân Quý, KP2, Q.Bình Tân\n', 0),
(674, 0, 45, '923/13 Tân Kỳ Tân Quý, KP2, Q.Bình Tân\n', 0),
(675, 0, 45, '01688 012 257 ', 0),
(676, 0, 45, 'taile_496@yahoo.com ', 0),
(677, 0, 45, '75', 0),
(678, 0, 45, '232', 0),
(679, 0, 45, '263', 0),
(680, 0, 45, '154', 0),
(681, 0, 45, '160', 0),
(682, 0, 45, '', 0),
(683, 0, 45, 'CNTT, Bác sĩ máy tính ', 0),
(684, 0, 45, '', 0),
(685, 0, 45, '219', 0),
(686, 0, 45, '285', 0),
(687, 0, 45, '296', 1),
(688, 0, 45, '311', 1),
(689, 0, 45, '335', 0),
(690, 0, 46, '18/04/2010 ', 0),
(691, 0, 46, 'Huỳnh Thanh Trúc ', 0),
(692, 0, 46, '1986 ', 0),
(693, 0, 46, '12', 0),
(694, 0, 46, 'Tiền Giang\n', 0),
(695, 0, 46, '', 0),
(696, 0, 46, '01227 225 303 ', 0),
(697, 0, 46, 'baby.bambou@yahoo.com ', 0),
(698, 0, 46, '75', 0),
(699, 0, 46, '155', 0),
(700, 0, 46, '160', 0),
(701, 0, 46, '', 0),
(702, 0, 46, 'Kế toán ', 0),
(703, 0, 46, '', 0),
(704, 0, 46, '188', 1),
(705, 0, 46, '221', 0),
(706, 0, 46, '265', 1),
(707, 0, 46, '297', 0),
(708, 0, 46, '298', 0),
(709, 0, 46, '299', 0),
(710, 0, 46, '301', 0),
(711, 0, 46, '302', 0),
(712, 0, 46, '314', 0),
(713, 0, 46, '335', 0),
(714, 0, 47, '18/04/2010 ', 0),
(715, 0, 47, 'Lê Văn Liễu ', 0),
(716, 0, 47, '1983 ', 0),
(717, 0, 47, '12', 0),
(718, 0, 47, 'Nghệ An\n', 0),
(719, 0, 47, '217/A10 XVNT, F.17, Q.Bình Thạnh\n', 0),
(720, 0, 47, '0973 556 844 ', 0),
(721, 0, 47, 'levanlieu2004@gmail.com ', 0),
(722, 0, 47, '75', 0),
(723, 0, 47, '146', 0),
(724, 0, 47, '264', 0),
(725, 0, 47, '149', 0),
(726, 0, 47, '160', 0),
(727, 0, 47, 'ĐH DL V.Lang ', 0),
(728, 0, 47, 'KTV lập trình ', 0),
(729, 0, 47, '', 0),
(730, 0, 47, '219', 0),
(731, 0, 48, '18/04/2010 ', 0),
(732, 0, 48, 'Nguyễn Thị Lan Thương ', 0),
(733, 0, 48, '1978 ', 0),
(734, 0, 48, '12', 0),
(735, 0, 48, 'Kiên Giang\n', 0),
(736, 0, 48, '', 0),
(737, 0, 48, '0916 660 562 ', 0),
(738, 0, 48, '', 0),
(739, 0, 48, '75', 0),
(740, 0, 48, '232', 0),
(741, 0, 48, '149', 0),
(742, 0, 48, '160', 0),
(743, 0, 48, '', 0),
(744, 0, 48, '', 0),
(745, 0, 48, '', 0),
(746, 0, 48, '195', 0),
(747, 0, 48, '219', 0),
(748, 0, 49, '18/04/2010 ', 0),
(749, 0, 49, 'Nguyễn Cảnh Hữu ', 0),
(750, 0, 49, '1960 ', 0),
(751, 0, 49, '81', 0),
(752, 0, 49, 'Huế\n', 0),
(753, 0, 49, '285/94F CMT8, F.12, Q.10\n', 0),
(754, 0, 49, '38 625 664 ', 0),
(755, 0, 49, '', 0),
(756, 0, 49, '149', 0),
(757, 0, 49, '160', 0),
(758, 0, 49, '', 0),
(759, 0, 49, '', 0),
(760, 0, 49, '', 0),
(761, 0, 49, '219', 0),
(762, 0, 49, '285', 0),
(763, 0, 50, '18/04/2010 ', 0),
(764, 0, 50, 'Trịnh Quý Phi ', 0),
(765, 0, 50, '1983 ', 0),
(766, 0, 50, '12', 0),
(767, 0, 50, 'B231 Nguyễn Văn Quá, Q.12\n', 0),
(768, 0, 50, 'B231 Nguyễn Văn Quá, Q.12\n', 0),
(769, 0, 50, '0933 130 683 ', 0),
(770, 0, 50, 'phi832002@yahoo.com ', 0),
(771, 0, 50, '75', 0),
(772, 0, 50, '153', 0),
(773, 0, 50, '160', 0),
(774, 0, 50, '', 0),
(775, 0, 50, 'KTV tin học, đồ họa ', 0),
(776, 0, 50, '', 0),
(777, 0, 50, '219', 0),
(778, 0, 50, '285', 0),
(779, 0, 50, '297', 0),
(780, 0, 50, '298', 0),
(781, 0, 51, '18/04/2010 ', 0),
(782, 0, 51, 'Nguyễn Thụy Tố Trâm ', 0),
(783, 0, 51, '1988 ', 0),
(784, 0, 51, '12', 0),
(785, 0, 51, 'Bến Tre\n', 0),
(786, 0, 51, '527/A1 Ấp 6, xã An Thủy, H.Ba Tri, Bến Tre\n', 0),
(787, 0, 51, '01684 027 368 ', 0),
(788, 0, 51, 'thuytram1210@gmail.com ', 0),
(789, 0, 51, '74', 0),
(790, 0, 51, '121', 0),
(791, 0, 51, '264', 0),
(792, 0, 51, '155', 0),
(793, 0, 51, '160', 0),
(794, 0, 51, 'ĐH Đồng Tháp ', 0),
(795, 0, 51, 'CTXH ', 0),
(796, 0, 51, '', 0),
(797, 0, 51, '190', 0),
(798, 0, 51, '219', 0),
(799, 0, 51, '267', 0),
(800, 0, 51, '297', 0),
(801, 0, 51, '298', 0),
(802, 0, 51, '299', 0),
(803, 0, 51, '301', 0),
(804, 0, 51, '302', 0),
(805, 0, 51, '313', 0),
(806, 0, 52, '18/04/2010 ', 0),
(807, 0, 52, 'Lương Thị Ngọc Thúy ', 0),
(808, 0, 52, '1983 ', 0),
(809, 0, 52, '12', 0),
(810, 0, 52, '83/18 Bạch Đằng, F.2, Q.Tân Bình\n', 0),
(811, 0, 52, '83/18 Bạch Đằng, F.2, Q.Tân Bình\n', 0),
(812, 0, 52, '0979 798 665 - 38485938 ', 0),
(813, 0, 52, 'luongthingocthuy@gmail.com ', 0),
(814, 0, 52, '75', 0),
(815, 0, 52, '154', 0),
(816, 0, 52, '160', 0),
(817, 0, 52, '', 0),
(818, 0, 52, 'Thiết kế đồ họa ', 0),
(819, 0, 52, '', 0),
(820, 0, 52, '208', 0),
(821, 0, 52, '219', 0),
(822, 0, 52, '285', 0),
(823, 0, 52, '297', 0),
(824, 0, 52, '299', 0),
(825, 0, 52, '300', 0),
(826, 0, 52, '301', 0),
(827, 0, 52, '302', 0),
(828, 0, 53, '18/04/2010 ', 0),
(829, 0, 53, 'Trần Đỗ Uyên ', 0),
(830, 0, 53, '1982 ', 0),
(831, 0, 53, '12', 0),
(832, 0, 53, '286/44 Bình Trị Đông A, Q.Bình Tân\n', 0),
(833, 0, 53, '286/44 Bình Trị Đông A, Q.Bình Tân\n', 0),
(834, 0, 53, '01666 305 381 ', 0),
(835, 0, 53, '', 0),
(836, 0, 53, '75', 0),
(837, 0, 53, '151', 0),
(838, 0, 53, '160', 0),
(839, 0, 53, '', 0),
(840, 0, 53, 'Thiết kế QC ', 0),
(841, 0, 53, '', 0),
(842, 0, 53, '210', 0),
(843, 0, 53, '219', 0),
(844, 0, 53, '297', 0),
(845, 0, 53, '298', 0),
(846, 0, 53, '300', 0),
(847, 0, 54, '18/04/2010 ', 0),
(848, 0, 54, 'Võ Thị Bích Lê ', 0),
(849, 0, 54, '1987', 0),
(850, 0, 54, '12', 0),
(851, 0, 54, 'Tiền Giang\n', 0),
(852, 0, 54, 'Lớp CTXH 2006, ĐH Đồng Tháp\n', 0),
(853, 0, 54, '0918 769 322 ', 0),
(854, 0, 54, 'vothibichle@gmail.com ', 0),
(855, 0, 54, '155', 0),
(856, 0, 54, '160', 0),
(857, 0, 54, 'ĐH ĐT ', 0),
(858, 0, 54, 'CTXH ', 0),
(859, 0, 54, '', 0),
(860, 0, 54, '190', 0),
(861, 0, 54, '219', 0),
(862, 0, 54, '267', 0),
(863, 0, 54, '297', 0),
(864, 0, 54, '298', 0),
(865, 0, 54, '299', 0),
(866, 0, 54, '302', 0),
(867, 0, 55, '18/04/2010 ', 0),
(868, 0, 55, ' Huỳnh Trúc Lâm ', 0),
(869, 0, 55, '1987 ', 0),
(870, 0, 55, '11', 0),
(871, 0, 55, 'Bến Tre\n', 0),
(872, 0, 55, 'F.Thới An, Q.12\n', 0),
(873, 0, 55, '01225 193 558 ', 0),
(874, 0, 55, '', 0),
(875, 0, 55, '75', 0),
(876, 0, 55, '20', 0),
(877, 0, 55, '149', 0),
(878, 0, 55, '160', 0),
(879, 0, 55, 'TT Dạy nghề H Môn ', 0),
(880, 0, 55, 'Điện tử ', 0),
(881, 0, 55, '', 0),
(882, 0, 55, '219', 0),
(883, 0, 55, '286', 0),
(884, 0, 56, '18/04/2010 ', 0),
(885, 0, 56, 'Dương Anh Mỹ ', 0),
(886, 0, 56, '1987 ', 0),
(887, 0, 56, '12', 0),
(888, 0, 56, '110 Lô D, chung cư Cô Giang, F.Cô Giang, Q.1\n', 0),
(889, 0, 56, '110 Lô D, chung cư Cô Giang, F.Cô Giang, Q.1\n', 0),
(890, 0, 56, '01694 361 758  ', 0),
(891, 0, 56, 'mrduongnguyentran@gmail.com ', 0),
(892, 0, 56, '75', 0),
(893, 0, 56, '233', 0),
(894, 0, 56, '159', 0),
(895, 0, 56, '160', 0),
(896, 0, 56, 'CĐ Cao Thắng, ĐH Văn Lang ', 0),
(897, 0, 56, 'CNTT ', 0),
(898, 0, 56, '', 0),
(899, 0, 56, '219', 0),
(900, 0, 56, '285', 0),
(901, 0, 56, '296', 1),
(902, 0, 57, '18/04/2010 ', 0),
(903, 0, 57, 'Võ Thị Thu Thủy ', 0),
(904, 0, 57, '1982 ', 0),
(905, 0, 57, '12', 0),
(906, 0, 57, 'Khánh Hòa\n', 0),
(907, 0, 57, '275/58 Bạch Đằng, F.15, Q.Bình Tân\n', 0),
(908, 0, 57, '0938 610 488 ', 0),
(909, 0, 57, 'thuthuyvo1982@yahoo.com ', 0),
(910, 0, 57, '75', 0),
(911, 0, 57, '232', 0),
(912, 0, 57, '155', 0),
(913, 0, 57, '160', 0),
(914, 0, 57, 'ĐHQG-Khoa KT ', 0),
(915, 0, 57, 'Kế toán ', 0),
(916, 0, 57, '', 0),
(917, 0, 57, '219', 0),
(918, 0, 57, '288', 0),
(919, 0, 57, '297', 0),
(920, 0, 57, '298', 0),
(921, 0, 58, '18/04/2010 ', 0),
(922, 0, 58, 'Lê Thanh Vũ ', 0),
(923, 0, 58, '1980 ', 0),
(924, 0, 58, '12', 0),
(925, 0, 58, '130/64 Nguyễn Văn Luông, F.10, Q.6\n', 0),
(926, 0, 58, '130/64 Nguyễn Văn Luông, F.10, Q.6\n', 0),
(927, 0, 58, '0907 324 275 ', 0),
(928, 0, 58, '', 0),
(929, 0, 58, '75', 0),
(930, 0, 58, '235', 0),
(931, 0, 58, '149', 0),
(932, 0, 58, '160', 0),
(933, 0, 58, '', 0),
(934, 0, 58, 'Thiết kế QC, kinh doanh ', 0),
(935, 0, 58, '', 0),
(936, 0, 58, '218', 0),
(937, 0, 58, '219', 0),
(938, 0, 59, '18/04/2010 ', 0),
(939, 0, 59, 'Lê Thị Mỹ Dung ', 0),
(940, 0, 59, '1987 ', 0),
(941, 0, 59, '12', 0),
(942, 0, 59, '14/3/7 , đường số 4 , F. HBC, Q. TĐ\n', 0),
(943, 0, 59, '14/3/7 , đường số 4 , F. HBC, Q. TĐ\n', 0),
(944, 0, 59, '907392394 ', 0),
(945, 0, 59, 'thatqay_sieuquay@yahoo.com ', 0),
(946, 0, 59, '75', 0),
(947, 0, 59, '233', 0),
(948, 0, 59, '154', 0),
(949, 0, 59, '160', 0),
(950, 0, 59, '', 0),
(951, 0, 59, 'Kế toán, họa viên kiến trúc, Corel - phtoshop ', 0),
(952, 0, 59, '', 0),
(953, 0, 59, '219', 0),
(954, 0, 59, '265', 1),
(955, 0, 59, '297', 0),
(956, 0, 59, '298', 0),
(957, 0, 60, '18/04/2010 ', 0),
(958, 0, 60, 'Nguyễn Thành Tín ', 0),
(959, 0, 60, '1958 ', 0),
(960, 0, 60, '82', 0),
(961, 0, 60, 'Bến Tre\n', 0),
(962, 0, 60, '65 đường 7, F. Bình An , Q.2\n', 0),
(963, 0, 60, '0913847124 ', 0),
(964, 0, 60, 'thanhtin_bt@yahoo.com.vn ', 0),
(965, 0, 60, '75', 0),
(966, 0, 60, '235', 0),
(967, 0, 60, '149', 0),
(968, 0, 60, '160', 0),
(969, 0, 60, '', 0),
(970, 0, 60, 'Kỹ thuật dựng phim ', 0),
(971, 0, 60, '', 0),
(972, 0, 60, '219', 0),
(973, 0, 61, '18/04/2010 ', 0),
(974, 0, 61, 'Vũ Văn Trương ', 0),
(975, 0, 61, '1989 ', 0),
(976, 0, 61, '12', 0),
(977, 0, 61, 'Nam Định\n', 0),
(978, 0, 61, '', 0),
(979, 0, 61, '0977636523 ', 0),
(980, 0, 61, 'vantruong@gmail.com ', 0),
(981, 0, 61, '75', 0),
(982, 0, 61, '235', 0),
(983, 0, 61, '149', 0),
(984, 0, 61, '160', 0),
(985, 0, 61, '', 0),
(986, 0, 61, 'Hoa viên kiến trúc ', 0),
(987, 0, 61, '', 0),
(988, 0, 61, '219', 0),
(989, 0, 62, '18/04/2010 ', 0),
(990, 0, 62, 'Nguyễn Thị Bon ', 0),
(991, 0, 62, '1983', 0),
(992, 0, 62, '12', 0),
(993, 0, 62, 'Long An\n', 0),
(994, 0, 62, '9/153 KP6, F.HBC, Q. Thủ Đức\n', 0),
(995, 0, 62, '01653593553 ', 0),
(996, 0, 62, 'anbonnguyen@gmail.com ', 0),
(997, 0, 62, '75', 0),
(998, 0, 62, '149', 0),
(999, 0, 62, '160', 0),
(1000, 0, 62, '', 0),
(1001, 0, 62, 'Đồ họa ', 0),
(1002, 0, 62, '', 0),
(1003, 0, 62, '219', 0),
(1004, 0, 62, '297', 0),
(1005, 0, 62, '298', 0),
(1006, 0, 62, '300', 0),
(1007, 0, 63, '18/04/2010 ', 0),
(1008, 0, 63, 'Nguyễn Văn Quí ', 0),
(1009, 0, 63, '1987 ', 0),
(1010, 0, 63, '12', 0),
(1011, 0, 63, 'Đồng Tháp\n', 0),
(1012, 0, 63, 'Ấp 1 , Mỹ Đông , Tháp Mười , Đồng Tháp \n', 0),
(1013, 0, 63, '01696842593 ', 0),
(1014, 0, 63, 'nguyenvanquicntt05@gmail.com ', 0),
(1015, 0, 63, '75', 0),
(1016, 0, 63, '155', 0),
(1017, 0, 63, '160', 0),
(1018, 0, 63, 'ĐH Đồng Tháp ', 0),
(1019, 0, 63, 'công nghệ thông tin ', 0),
(1020, 0, 63, '', 0),
(1021, 0, 63, '219', 0),
(1022, 0, 63, '285', 0),
(1023, 0, 64, '18/04/2010 ', 0),
(1024, 0, 64, 'Dương Hiền Vương ', 0),
(1025, 0, 64, '1987 ', 0),
(1026, 0, 64, '12', 0),
(1027, 0, 64, '27/28 Phan Sào Nam , F.11 , Q.TB\n', 0),
(1028, 0, 64, '27/28 Phan Sào Nam , F.11 , Q.TB\n', 0),
(1029, 0, 64, '01224985551 ', 0),
(1030, 0, 64, 'mr_luom1709@yahoo.com ', 0),
(1031, 0, 64, '75', 0),
(1032, 0, 64, '149', 0),
(1033, 0, 64, '160', 0),
(1034, 0, 64, 'ĐH Văn Lang ', 0),
(1035, 0, 64, 'Thiết kế quảng cáo  ', 0),
(1036, 0, 64, '', 0),
(1037, 0, 64, '219', 0),
(1038, 0, 64, '300', 0),
(1039, 0, 65, '18/04/2010 ', 0),
(1040, 0, 65, 'Nguyễn Thanh Tùng ', 0),
(1041, 0, 65, '1979 ', 0),
(1042, 0, 65, '12', 0),
(1043, 0, 65, 'Bến Tre\n', 0),
(1044, 0, 65, '71/3 Bùi Đình Túy , F12 , Q BT\n', 0),
(1045, 0, 65, '0907859934 ', 0),
(1046, 0, 65, 'tungnguyen996@gmail.com ', 0),
(1047, 0, 65, '75', 0),
(1048, 0, 65, '235', 0),
(1049, 0, 65, '149', 0),
(1050, 0, 65, '160', 0),
(1051, 0, 65, 'ĐH Văn Lang ', 0),
(1052, 0, 65, 'Thiết kế đồ họa ', 0),
(1053, 0, 65, '', 0),
(1054, 0, 65, '219', 0),
(1055, 0, 65, '300', 0),
(1056, 0, 66, '18/04/2010 ', 0),
(1057, 0, 66, 'Đặng Hữu Phúc ', 0),
(1058, 0, 66, '1987 ', 0),
(1059, 0, 66, '12', 0),
(1060, 0, 66, 'Bàu Chinh - Châu Đức - BRVT\n', 0),
(1061, 0, 66, 'Bàu Chinh - Châu Đức - BRVT\n', 0),
(1062, 0, 66, '0988442851 ', 0),
(1063, 0, 66, '', 0),
(1064, 0, 66, '151', 0),
(1065, 0, 66, '160', 0),
(1066, 0, 66, '', 0),
(1067, 0, 66, 'Thiết kế quảng cáo  ', 0),
(1068, 0, 66, '', 0),
(1069, 0, 66, '219', 0),
(1070, 0, 66, '297', 0),
(1071, 0, 66, '298', 0),
(1072, 0, 66, '300', 0),
(1073, 0, 67, '18/04/2010 ', 0),
(1074, 0, 67, 'Phạm Văn Dũng ', 0),
(1075, 0, 67, '1984', 0),
(1076, 0, 67, '12', 0),
(1077, 0, 67, '60 A đường Cây Keo , F. Tân Phú\n', 0),
(1078, 0, 67, '60 A đường Cây Keo , F. Tân Phú\n', 0),
(1079, 0, 67, '01666665035 ', 0),
(1080, 0, 67, '', 0),
(1081, 0, 67, '75', 0),
(1082, 0, 67, '154', 0),
(1083, 0, 67, '160', 0),
(1084, 0, 67, 'CĐ KT Kỹ Thuật ', 0),
(1085, 0, 67, 'Kế toán ', 0),
(1086, 0, 67, '', 0),
(1087, 0, 67, '188', 1),
(1088, 0, 67, '219', 0),
(1089, 0, 67, '297', 0),
(1090, 0, 67, '298', 0),
(1091, 0, 68, '18/04/2010 ', 0),
(1092, 0, 68, 'Nguyễn Quang Huy ', 0),
(1093, 0, 68, '', 0),
(1094, 0, 68, '11', 0),
(1095, 0, 68, '', 0),
(1096, 0, 68, '', 0),
(1097, 0, 68, '0917407583 ', 0),
(1098, 0, 68, '', 0),
(1099, 0, 68, '149', 0),
(1100, 0, 68, '160', 0),
(1101, 0, 68, 'ĐH Văn Lang ', 0),
(1102, 0, 68, 'kỹ thuật lập trình ', 0),
(1103, 0, 68, '', 0),
(1104, 0, 68, '219', 0),
(1105, 0, 69, '18/04/2010 ', 0),
(1106, 0, 69, 'Đào Thành Phấn ', 0),
(1107, 0, 69, '1985', 0),
(1108, 0, 69, '12', 0),
(1109, 0, 69, 'Ninh Thuận\n', 0),
(1110, 0, 69, '217/10 A XVNT , F. 17 , Q. BT\n', 0),
(1111, 0, 69, '0932022512 ', 0),
(1112, 0, 69, '', 0),
(1113, 0, 69, '75', 0),
(1114, 0, 69, '111', 0),
(1115, 0, 69, '149', 0),
(1116, 0, 69, '160', 0),
(1117, 0, 69, '', 0),
(1118, 0, 69, '', 0),
(1119, 0, 69, '', 0),
(1120, 0, 69, '219', 0),
(1121, 0, 69, '297', 0),
(1122, 0, 69, '298', 0),
(1123, 0, 70, '18/04/2010 ', 0),
(1124, 0, 70, 'Nguyễn Thị Mỹ Lan ', 0),
(1125, 0, 70, '1964 ', 0),
(1126, 0, 70, '81', 0),
(1127, 0, 70, '', 0),
(1128, 0, 70, '', 0),
(1129, 0, 70, '0986489185 ', 0),
(1130, 0, 70, '', 0),
(1131, 0, 70, '149', 0),
(1132, 0, 70, '160', 0),
(1133, 0, 70, '', 0),
(1134, 0, 70, '', 0),
(1135, 0, 70, '', 0),
(1136, 0, 70, '219', 0),
(1137, 0, 70, '276', 0),
(1138, 0, 71, '18/04/2010 ', 0),
(1139, 0, 71, 'Trịnh Mỹ Hồng ', 0),
(1140, 0, 71, '1988', 0),
(1141, 0, 71, '12', 0),
(1142, 0, 71, '19 Ngô Đức Kế , F.12 , Q. BT\n', 0),
(1143, 0, 71, '19 Ngô Đức Kế , F.12 , Q. BT\n', 0),
(1144, 0, 71, '0986384571 ', 0),
(1145, 0, 71, '', 0),
(1146, 0, 71, '74', 0),
(1147, 0, 71, '121', 0),
(1148, 0, 71, '153', 0),
(1149, 0, 71, '160', 0),
(1150, 0, 71, '', 0),
(1151, 0, 71, 'Kế toán ', 0),
(1152, 0, 71, '', 0),
(1153, 0, 71, '219', 0),
(1154, 0, 71, '276', 0),
(1155, 0, 71, '297', 0),
(1156, 0, 71, '298', 0),
(1157, 0, 72, '18/04/2010 ', 0),
(1158, 0, 72, 'Đỗ Minh Đức  ', 0),
(1159, 0, 72, '1957', 0),
(1160, 0, 72, '82', 0),
(1161, 0, 72, '340 Nguyễn Trọng Tuyển\n', 0),
(1162, 0, 72, '340 Nguyễn Trọng Tuyển\n', 0),
(1163, 0, 72, '01214425607 ', 0),
(1164, 0, 72, '', 0),
(1165, 0, 72, '75', 0),
(1166, 0, 72, '232', 0),
(1167, 0, 72, '149', 0),
(1168, 0, 72, '160', 0),
(1169, 0, 72, 'ĐH TCKT ', 0),
(1170, 0, 72, 'Kế toán ', 0),
(1171, 0, 72, '', 0),
(1172, 0, 72, '188', 1),
(1173, 0, 72, '219', 0),
(1174, 0, 72, '265', 1),
(1175, 0, 72, '297', 0),
(1176, 0, 72, '298', 0),
(1177, 0, 72, '302', 0),
(1178, 0, 73, '18/04/2010 ', 0),
(1179, 0, 73, 'Phạm Văn Cừong ', 0),
(1180, 0, 73, '1982 ', 0),
(1181, 0, 73, '12', 0),
(1182, 0, 73, 'Tân Chánh Hiệp Q. 12\n', 0),
(1183, 0, 73, 'Tân Chánh Hiệp Q. 12\n', 0),
(1184, 0, 73, '0935580837 ', 0),
(1185, 0, 73, 'binhminh_qh@yahoo.com ', 0),
(1186, 0, 73, '75', 0),
(1187, 0, 73, '155', 0),
(1188, 0, 73, '160', 0),
(1189, 0, 73, 'ĐH Qui Nhơn ', 0),
(1190, 0, 73, 'Kế toán ', 0),
(1191, 0, 73, '', 0),
(1192, 0, 73, '188', 1),
(1193, 0, 73, '219', 0),
(1194, 0, 73, '265', 1),
(1195, 0, 73, '297', 0),
(1196, 0, 73, '298', 0),
(1197, 0, 73, '302', 0),
(1198, 0, 74, '18/04/2010 ', 0),
(1199, 0, 74, 'Huỳnh Thị Duy Trinh ', 0),
(1200, 0, 74, '1982 ', 0),
(1201, 0, 74, '12', 0),
(1202, 0, 74, 'Đà Nẵng\n', 0),
(1203, 0, 74, '', 0),
(1204, 0, 74, '0934805117 ', 0),
(1205, 0, 74, '', 0),
(1206, 0, 74, '155', 0),
(1207, 0, 74, '160', 0),
(1208, 0, 74, 'ĐH Đà Nẵng ', 0),
(1209, 0, 74, 'Tiếng Anh ', 0),
(1210, 0, 74, '', 0),
(1211, 0, 74, '219', 0),
(1212, 0, 75, '18/04/2010 ', 0),
(1213, 0, 75, 'Trần Thị Mỹ Trinh ', 0),
(1214, 0, 75, '1985 ', 0),
(1215, 0, 75, '12', 0),
(1216, 0, 75, 'Đồng Nai\n', 0),
(1217, 0, 75, '98 Trần Phú - TX Long Khánh\n', 0),
(1218, 0, 75, '01212042506 ', 0),
(1219, 0, 75, '', 0),
(1220, 0, 75, '75', 0),
(1221, 0, 75, '123', 0),
(1222, 0, 75, '153', 0),
(1223, 0, 75, '160', 0),
(1224, 0, 75, '', 0),
(1225, 0, 75, 'Chế biến thực phẩm ', 0),
(1226, 0, 75, '', 0),
(1227, 0, 75, '219', 0),
(1228, 0, 75, '297', 0),
(1229, 0, 75, '298', 0),
(1230, 0, 76, '18/04/2010 ', 0),
(1231, 0, 76, 'Nguyễn Hoàng Hải ', 0),
(1232, 0, 76, '1989 ', 0),
(1233, 0, 76, '12', 0),
(1234, 0, 76, '549/86 Nguyễn Đình Chiểu, F.12 ,Q 3\n', 0),
(1235, 0, 76, '549/86 Nguyễn Đình Chiểu, F.12 ,Q 3\n', 0),
(1236, 0, 76, '38359769 ', 0),
(1237, 0, 76, '', 0),
(1238, 0, 76, '77', 0),
(1239, 0, 76, '149', 0),
(1240, 0, 76, '160', 0),
(1241, 0, 76, '', 0),
(1242, 0, 76, '', 0),
(1243, 0, 76, '', 0),
(1244, 0, 76, '219', 0),
(1245, 0, 77, '19/04/2010 ', 0),
(1246, 0, 77, 'Ngô Quốc Hòa ', 0),
(1247, 0, 77, '1979 ', 0),
(1248, 0, 77, '12', 0),
(1249, 0, 77, 'Hà Nội\n', 0),
(1250, 0, 77, '500/66/10 Đoàn Văn Bơ , F14 . Q 4\n', 0),
(1251, 0, 77, '', 0),
(1252, 0, 77, '', 0),
(1253, 0, 77, '73', 1),
(1254, 0, 77, '149', 0),
(1255, 0, 77, '160', 0),
(1256, 0, 77, '', 0),
(1257, 0, 77, 'Đồ họa ', 0),
(1258, 0, 77, '', 0),
(1259, 0, 77, '219', 0),
(1260, 0, 78, '05/06/2010 ', 0),
(1261, 0, 78, 'Trần Văn Tuấn ', 0),
(1262, 0, 78, '1985 ', 0),
(1263, 0, 78, '12', 0),
(1264, 0, 78, '', 0),
(1265, 0, 78, '182/11 ấp Long Đức 1 Tam Phước Long , Long Thành\n', 0),
(1266, 0, 78, '01645157187 ', 0),
(1267, 0, 78, 'trantuan1557@yahoo.com ', 0),
(1268, 0, 78, '75', 0),
(1269, 0, 78, '235', 0),
(1270, 0, 78, '149', 0),
(1271, 0, 78, '160', 0),
(1272, 0, 78, '', 0),
(1273, 0, 78, 'Làm hình thẻ', 0),
(1274, 0, 78, '', 0),
(1275, 0, 78, '219', 0),
(1276, 0, 78, '297', 0),
(1277, 0, 78, '298', 0),
(1278, 0, 78, '300', 0),
(1790, 85, 104, '199', 0),
(1789, 91, 104, '', 0),
(1788, 92, 104, '', 0),
(1787, 90, 104, '', 0),
(1785, 82, 104, '149', 0),
(1786, 83, 104, '160', 0),
(1783, 20, 104, '232', 0),
(1784, 22, 104, '264', 0),
(1782, 19, 104, '75', 0),
(1781, 102, 104, '10/2/2009', 0),
(1780, 103, 104, '', 0),
(1779, 105, 104, '0936320340', 0),
(1778, 104, 104, '01227264300', 0),
(1777, 106, 104, '', 0),
(1776, 107, 104, 'Thôn 6, Xã Eatieu, Cưkuin, Đắc lắc\n', 0),
(1775, 108, 104, '457', 0),
(1774, 109, 104, '460', 0),
(1773, 110, 104, '1986', 0),
(1772, 112, 104, 'Nguyễn Đình Hòa', 0),
(1771, 93, 103, '286', 0),
(1770, 86, 103, '219', 0),
(1768, 92, 103, '', 0),
(1304, 0, 80, '15/1/2010', 0),
(1305, 0, 80, 'Lê Trọng Vinh', 0),
(1306, 0, 80, '1981', 0),
(1307, 0, 80, '12', 0),
(1308, 0, 80, '108/23 Trần Mai Ninh, P.12, Q.Tân Bình\n', 0),
(1309, 0, 80, '108/23 Trần Mai Ninh, P.12, Q.Tân Bình\n', 0),
(1310, 0, 80, '0907 079 655', 0),
(1311, 0, 80, 'vinhthaovt@yahoo.com', 0),
(1312, 0, 80, '73', 1),
(1313, 0, 80, '114', 0),
(1314, 0, 80, '155', 0),
(1315, 0, 80, '160', 0),
(1316, 0, 80, '', 0),
(1317, 0, 80, 'CNTT, thiết kế đồ họa, quản trị mạng', 0),
(1318, 0, 80, '', 0),
(1319, 0, 80, '219', 0),
(1320, 0, 80, '285', 0),
(1321, 0, 81, '12/1/2010', 0),
(1322, 0, 81, 'Trần Văn Thành', 0),
(1323, 0, 81, '1983', 0),
(1324, 0, 81, '12', 0),
(1325, 0, 81, 'Ấp 2-Xuân Hòa-Xuân Lộc-Đồng Nai\n', 0),
(1326, 0, 81, '86/657 Nguyễn Kiệm, P.3, Q.Gò Vấp\n\n', 0),
(1327, 0, 81, '01686 198 587', 0),
(1328, 0, 81, 'tranvanthanh06@gmail.com', 0),
(1329, 0, 81, '75', 0),
(1330, 0, 81, '229', 0),
(1331, 0, 81, '138', 0),
(1332, 0, 81, '150', 0),
(1333, 0, 81, '162', 0),
(1334, 0, 81, '', 0),
(1335, 0, 81, '', 0),
(1336, 0, 81, '', 0),
(1337, 0, 81, '196', 0),
(1338, 0, 81, '219', 0),
(1339, 0, 81, '297', 0),
(1340, 0, 81, '298', 0),
(1341, 0, 81, '300', 0),
(1879, 112, 109, 'Nguyễn Thị Lan Thương', 0),
(1878, 86, 108, '219', 0),
(1877, 91, 108, '', 0),
(1876, 92, 108, '', 0),
(1875, 90, 108, '', 0),
(1874, 83, 108, '160', 0),
(1873, 82, 108, '149', 0),
(1871, 20, 108, '125', 0),
(1872, 21, 108, '138', 0),
(1870, 19, 108, '75', 0),
(1869, 102, 108, '27/03/2009', 0),
(1868, 103, 108, '', 0),
(1866, 104, 108, '', 0),
(1867, 105, 108, '0955814854', 0),
(1865, 106, 108, '540 Bà Hạt, F8 Q10\n', 0),
(1864, 107, 108, '540 Bà Hạt, F8 Q10\n', 0),
(1863, 108, 108, '457', 0),
(1862, 109, 108, '460', 0),
(1861, 110, 108, '1948', 0),
(1769, 91, 103, '', 0),
(1766, 83, 103, '163', 0),
(1767, 90, 103, '', 0),
(1764, 20, 103, '123', 0),
(1765, 82, 103, '151', 0),
(1763, 19, 103, '75', 0),
(1762, 102, 103, '9/2/2009', 0),
(1761, 103, 103, '', 0),
(1760, 105, 103, '', 0),
(1759, 104, 103, '35142034', 0),
(1758, 106, 103, '27/163/6 Điện Biên Phủ, F15,Quận Bình Thạnh\n', 0),
(1757, 107, 103, 'Ấp I, An Hòa, Tam Nông, Đồng Tháp\n', 0),
(1756, 108, 103, '457', 0),
(1755, 109, 103, '460', 0),
(1754, 110, 103, '1983', 0),
(1753, 112, 103, 'Mai Thanh Tiền', 0),
(1752, 88, 102, '298', 1),
(1751, 88, 102, '297', 1),
(1750, 88, 102, '296', 1),
(1749, 93, 102, '285', 0),
(1748, 86, 102, '219', 0),
(1747, 91, 102, '', 0),
(1746, 92, 102, 'Công nghệ thông tin', 0),
(1745, 90, 102, '', 0),
(1743, 82, 102, '155', 0),
(1744, 83, 102, '165', 0),
(1742, 21, 102, '131', 0),
(1741, 20, 102, '123', 0),
(1740, 19, 102, '75', 0),
(1739, 102, 102, '6/1/2009', 0),
(1738, 103, 102, 'nth19832003@yahoo.com', 0),
(1737, 105, 102, '0982 967 351', 0),
(1736, 104, 102, '38469311', 0),
(1735, 106, 102, '62/9 Lý Chính Thắng, P.8, Q.3, Tp.HCM', 0),
(1734, 107, 102, '62/9 Lý Chính Thắng, P.8, Q.3, Tp.HCM\n', 0),
(1733, 108, 102, '457', 0),
(1732, 109, 102, '460', 0),
(1731, 110, 102, '1982', 0),
(1730, 112, 102, 'Nguyễn Trường Hải', 0),
(1619, 88, 96, '298', 0),
(1620, 88, 96, '301', 0),
(1618, 88, 96, '297', 0),
(1617, 93, 96, '265', 1),
(1616, 86, 96, '219', 0),
(1615, 85, 96, '188', 1),
(1614, 91, 96, '', 0),
(1613, 92, 96, '', 0),
(1612, 90, 96, '', 0),
(1611, 83, 96, '164', 0),
(1610, 82, 96, '151', 0),
(1609, 22, 96, '19', 1),
(1608, 21, 96, '131', 0),
(1607, 20, 96, '232', 0),
(1606, 19, 96, '75', 0),
(1605, 97, 96, '7/1/2010', 0),
(1604, 17, 96, 'ngoc_tran578@yahoo.com', 0),
(1603, 16, 96, '0907 525254', 0),
(1602, 14, 96, '15/2A Ấp 3-xã Xuân Thới Sơn-huyện Hóc Môn\n', 0),
(1601, 13, 96, '15/2A Ấp 3-xã Xuân Thới Sơn-huyện Hóc Môn\n', 0),
(1600, 99, 96, '456', 0),
(1598, 95, 96, '1983', 0),
(1599, 9, 96, '12', 0),
(1597, 8, 96, 'Trần Thị Hồng Ngọc', 0),
(1596, 86, 95, '219', 0),
(1595, 91, 95, '', 0),
(1594, 92, 95, '', 0),
(1593, 90, 95, '', 0),
(1592, 83, 95, '163', 0),
(1591, 82, 95, '151', 0),
(1589, 19, 95, '75', 0),
(1590, 20, 95, '123', 0),
(1588, 16, 95, '0982 967 351-38469311', 0),
(1586, 14, 95, '62/9 Lý Chính Thắng, P.8, Q.3.\n', 0),
(1587, 17, 95, 'nth19832003@yahoo.com', 0),
(1585, 13, 95, '62/9 Lý Chính Thắng, P.8, Q.3.\n', 0),
(1583, 9, 95, '12', 0),
(1584, 99, 95, '455', 0),
(1580, 97, 95, '6/1/2009', 0),
(1581, 8, 95, 'Nguyễn Trường Hải', 0),
(1582, 95, 95, '1982', 0),
(2008, 0, 115, '75', 0),
(2007, 0, 115, '11/5/2009', 0),
(2006, 0, 115, '', 0),
(2005, 0, 115, '', 0),
(2004, 0, 115, '38359499', 0),
(2003, 0, 115, '664/132 Nguyễn Đình Chiểu, Q.3\n', 0),
(4940, 114, 107, '', 0),
(2009, 0, 115, '233', 0),
(2010, 0, 115, '151', 0),
(2011, 0, 115, '', 0),
(2012, 0, 115, '163', 0),
(2013, 0, 115, '', 0),
(2014, 0, 115, '', 0),
(2015, 0, 115, '219', 0),
(2016, 0, 115, '504', 0),
(2017, 0, 115, '', 0),
(2018, 0, 115, '297', 0),
(2019, 0, 115, '298', 0),
(2020, 0, 116, 'Đào Minh Chuyết', 0),
(2021, 0, 116, '1953', 0),
(2022, 0, 116, '462', 0),
(2023, 0, 116, '458', 0),
(2024, 0, 116, '664/132 Nguyễn Đình Chiểu, Q.3\n', 0),
(2025, 0, 116, '664/132 Nguyễn Đình Chiểu, Q.3\n', 0),
(2026, 0, 116, '38359499', 0),
(2027, 0, 116, '', 0),
(2028, 0, 116, '', 0),
(2029, 0, 116, '11/5/2009', 0),
(2030, 0, 116, '75', 0),
(2031, 0, 116, '233', 0),
(2032, 0, 116, '151', 0),
(2033, 0, 116, '', 0),
(2034, 0, 116, '163', 0),
(2035, 0, 116, '', 0),
(2036, 0, 116, '', 0),
(2037, 0, 116, '489', 0),
(2038, 0, 116, '219', 0),
(2039, 0, 116, '504', 0),
(2040, 0, 116, '', 0),
(2041, 0, 116, '297', 0),
(2042, 0, 116, '298', 0),
(2043, 112, 117, 'Đào Minh Chuyết', 0),
(2044, 110, 117, '1953', 0),
(2045, 109, 117, '462', 0),
(2046, 108, 117, '458', 0),
(2047, 107, 117, '664/132 Nguyễn Đình Chiểu, Q.3\n', 0),
(2048, 106, 117, '664/132 Nguyễn Đình Chiểu, Q.3\n', 0),
(2049, 104, 117, '38359499', 0),
(2050, 105, 117, '', 0),
(2051, 103, 117, '', 0),
(2052, 102, 117, '11/5/2009', 0),
(2053, 19, 117, '75', 0),
(2054, 20, 117, '233', 0),
(2055, 82, 117, '151', 0),
(2056, 92, 117, 'Vi tính văn phòng', 0),
(2057, 83, 117, '163', 0),
(2058, 90, 117, '', 0),
(2059, 91, 117, '', 0),
(2060, 85, 117, '199', 0),
(2061, 86, 117, '219', 0),
(2062, 93, 117, '276', 0),
(2063, 114, 117, '', 0),
(2064, 88, 117, '297', 0),
(2065, 88, 117, '298', 0),
(2066, 88, 117, '301', 0),
(2067, 0, 118, 'Nguyễn Hữu Đạt', 0),
(2068, 0, 118, '1969', 0),
(2069, 0, 118, '462', 0),
(2070, 0, 118, '457', 0),
(2071, 0, 118, 'B24/4 KP1, P.Bình An, Q.2\n', 0),
(2072, 0, 118, 'B24/4 KP1, P.Bình An, Q.2\n', 0),
(2073, 0, 118, '', 0),
(2074, 0, 118, '0955588334', 0),
(2075, 0, 118, '', 0),
(2076, 0, 118, '13/5/2009', 0),
(2077, 0, 118, '75', 0),
(2078, 0, 118, '237', 0),
(2079, 0, 118, '155', 0),
(2080, 0, 118, 'Trồng trọt', 0),
(2081, 0, 118, '465', 0),
(2082, 0, 118, '', 0),
(2083, 0, 118, '', 0),
(2084, 0, 118, '219', 0),
(2085, 0, 118, '276', 0),
(2086, 0, 118, '', 0),
(2087, 112, 119, 'Nguyễn Hữu Đạt', 0),
(2088, 110, 119, '1969', 0),
(2089, 109, 119, '462', 0),
(2090, 108, 119, '457', 0),
(2091, 107, 119, 'B24/4 KP1, P.Bình An, Q.2\n', 0),
(2092, 106, 119, 'B24/4 KP1, P.Bình An, Q.2\n', 0),
(2093, 104, 119, '', 0),
(2094, 105, 119, '0955588334', 0),
(2095, 103, 119, '', 0),
(2096, 102, 119, '13/5/2009', 0),
(2097, 19, 119, '75', 0),
(2098, 20, 119, '237', 0),
(2099, 82, 119, '155', 0),
(2100, 92, 119, 'Trồng trọt', 0),
(2101, 83, 119, '465', 0),
(2102, 90, 119, '', 0),
(2103, 91, 119, '', 0),
(2104, 85, 119, '199', 0),
(2105, 86, 119, '219', 0),
(2106, 93, 119, '276', 0),
(2107, 114, 119, '', 0),
(2108, 88, 119, '297', 0),
(2109, 88, 119, '298', 0),
(2110, 94, 119, '317', 0),
(2111, 94, 119, '318', 0),
(2112, 112, 120, 'Lý Ngọc Tuyền', 0),
(2113, 110, 120, '1981', 0),
(2114, 109, 120, '460', 0),
(2115, 108, 120, '458', 0),
(2116, 107, 120, '918A KP7, P.Bình Trị Đông, Q.Bình Tân\n', 0),
(2117, 106, 120, '918A KP7, P.Bình Trị Đông, Q.Bình Tân\n', 0),
(2118, 104, 120, '', 0),
(2119, 105, 120, '0909444669 (không gọi được)', 0),
(2120, 103, 120, '', 0),
(2121, 102, 120, '21/5/2009', 0),
(2122, 19, 120, '75', 0),
(2123, 20, 120, '229', 0),
(2124, 82, 120, '151', 0),
(2125, 92, 120, '', 0),
(2126, 83, 120, '163', 0),
(2127, 90, 120, '', 0),
(2128, 91, 120, '', 0),
(2129, 85, 120, '196', 0),
(2130, 86, 120, '219', 0),
(2131, 114, 120, '', 0),
(2132, 112, 121, 'Tô Trọng Phi', 0),
(2133, 110, 121, '1982', 0),
(2134, 109, 121, '460', 0),
(2135, 108, 121, '457', 0),
(2136, 107, 121, 'Hiển Văn, Phổ Hòa, Đức Phổ, Quảng Nam\n', 0),
(2137, 106, 121, '11/3 Đốc phủ lý, Cần Giuộc, Long An\n', 0),
(2138, 104, 121, '', 0),
(2139, 105, 121, '0956931019', 0),
(2140, 103, 121, '', 0),
(2141, 102, 121, '13/7/2009', 0),
(2142, 19, 121, '75', 0),
(2143, 20, 121, '124', 0),
(2144, 21, 121, '138', 0),
(2145, 82, 121, '152', 0),
(2146, 92, 121, 'Kỹ thuật đồ họa vi tính', 0),
(2147, 83, 121, '160', 0),
(2148, 90, 121, '', 0),
(2149, 91, 121, '', 0),
(2150, 85, 121, '483', 0),
(2151, 86, 121, '219', 0),
(2152, 114, 121, '', 0),
(2153, 88, 121, '300', 0),
(2154, 112, 122, 'Phạm Văn Lực', 0),
(2155, 110, 122, '1990', 0),
(2156, 109, 122, '460', 0),
(2157, 108, 122, '457', 0),
(2158, 107, 122, 'Nhơn Nghĩa Tây, Nhơn Phúc, An Nhơn, Bình Định\n', 0),
(2159, 106, 122, 'Trại 25 BV Chợ Rẫy\n', 0),
(2160, 104, 122, '', 0),
(2161, 105, 122, '0933874501', 0),
(2162, 103, 122, '', 0),
(2163, 102, 122, '20/7/2009', 0),
(2164, 19, 122, '75', 0),
(2165, 20, 122, '235', 0),
(2166, 82, 122, '150', 0),
(2167, 92, 122, '', 0),
(2168, 83, 122, '162', 0),
(2169, 90, 122, '', 0),
(2170, 91, 122, '', 0),
(2171, 86, 122, '219', 0),
(2172, 114, 122, '', 0),
(2173, 112, 123, 'Mai Văn Cường', 0),
(2174, 110, 123, '1983', 0),
(2175, 109, 123, '460', 0),
(2176, 108, 123, '457', 0),
(2177, 107, 123, 'P.Phước Long A, Q.9\n', 0),
(2178, 106, 123, 'P.Phước Long A, Q.9\n', 0),
(2179, 104, 123, '', 0),
(2180, 105, 123, '', 0),
(2181, 103, 123, '', 0),
(2182, 102, 123, '28/7/2009', 0),
(2183, 19, 123, '75', 0),
(2184, 20, 123, '125', 0),
(2185, 82, 123, '153', 0),
(2186, 92, 123, 'Cơ khí - đồ họa', 0),
(2187, 83, 123, '164', 0),
(2188, 90, 123, '', 0),
(2189, 91, 123, '', 0),
(2190, 86, 123, '219', 0),
(2191, 114, 123, '', 0),
(2192, 88, 123, '297', 0),
(2193, 88, 123, '298', 0),
(2194, 88, 123, '300', 0),
(2195, 88, 123, '301', 0),
(3112, 107, 169, '15/2A Ấp 3-xã Xuân Thới Sơn-huyện Hóc Môn\n', 0),
(3111, 108, 169, '457', 0),
(3110, 109, 169, '460', 0),
(3109, 110, 169, '1983', 0),
(3108, 112, 169, 'Trần Văn Thành', 0),
(3107, 114, 168, '', 0),
(3106, 93, 168, '276', 1),
(3105, 93, 168, '265', 1),
(3104, 86, 168, '219', 0),
(3102, 90, 168, '', 0),
(3101, 83, 168, '164', 0),
(3100, 92, 168, 'Kế toán', 0),
(3099, 82, 168, '151', 0),
(3098, 113, 168, '536', 0),
(3097, 20, 168, '235', 0),
(3096, 20, 168, '232', 0),
(3095, 19, 168, '75', 0),
(3094, 102, 168, '07/01/2010', 0),
(3093, 103, 168, 'ngoc_tran578@yahoo.com', 0),
(3092, 105, 168, '0907 525254', 0),
(3091, 104, 168, '', 0),
(3090, 106, 168, '15/2A Ấp 3-xã Xuân Thới Sơn-huyện Hóc Môn\n', 0),
(3089, 107, 168, '15/2A Ấp 3-xã Xuân Thới Sơn-huyện Hóc Môn\n', 0),
(3088, 108, 168, '458', 0),
(3087, 109, 168, '460', 0),
(3086, 110, 168, '1983', 0),
(3085, 112, 168, 'Trần Thị Hồng Ngọc', 0),
(3134, 107, 170, '108/23 Trần Mai Ninh, P.12, Q.Tân Bình\n', 0),
(3133, 108, 170, '457', 0),
(3132, 109, 170, '460', 0),
(3131, 110, 170, '1981', 0),
(3130, 112, 170, 'Lê Trọng Vinh', 0),
(3129, 114, 169, '', 0),
(3128, 93, 169, '273', 0),
(3127, 86, 169, '219', 0),
(3126, 85, 169, '487', 0),
(3125, 91, 169, '', 0),
(3124, 90, 169, '', 0),
(3123, 83, 169, '160', 0),
(3122, 92, 169, '', 0),
(3121, 82, 169, '150', 0),
(3120, 21, 169, '138', 0),
(3119, 20, 169, '229', 0),
(3118, 19, 169, '75', 0),
(3117, 102, 169, '12/01/2010', 0),
(3116, 103, 169, 'tranvanthanh06@gmail.com', 0),
(3115, 105, 169, '01686 198 587', 0),
(3114, 104, 169, '', 0),
(3113, 106, 169, '86/657 Nguyễn Kiệm, P.3, Q.Gò Vấp\n', 0),
(3141, 20, 170, '114', 0),
(3140, 19, 170, '73', 1),
(3139, 102, 170, '15/01/2010', 0),
(3138, 103, 170, 'vinhthaovt@yahoo.com', 0),
(3137, 105, 170, '0907 079 655', 0),
(3136, 104, 170, '', 0),
(3135, 106, 170, '108/23 Trần Mai Ninh, P.12, Q.Tân Bình\n', 0),
(2282, 112, 128, 'test446566', 0),
(2283, 110, 128, '', 0),
(2284, 109, 128, '459', 0),
(2285, 108, 128, '457', 0),
(2286, 107, 128, '', 0),
(2287, 106, 128, '', 0),
(2288, 104, 128, '', 0),
(2289, 105, 128, '', 0),
(2290, 103, 128, '', 0),
(2291, 102, 128, '', 0),
(2292, 82, 128, '149', 0),
(2293, 92, 128, '', 0),
(2294, 83, 128, '160', 0),
(2295, 90, 128, '', 0),
(2296, 91, 128, '', 0),
(2297, 86, 128, '219', 0),
(2298, 114, 128, '', 0),
(3103, 91, 168, '', 0),
(2299, 0, 129, 'Phạm Văn Lực', 0),
(2300, 0, 129, '1990', 0),
(2301, 0, 129, '459', 0),
(2302, 0, 129, '457', 0),
(2303, 0, 129, 'Nhơn Nghĩa Tây, Nhơn Phúc, An Nhơn, Bình Định\n', 0),
(2304, 0, 129, 'Trại 25 BV Chợ Rẫy\n', 0),
(2305, 0, 129, '', 0),
(2306, 0, 129, '0933874501', 0),
(2307, 0, 129, '', 0),
(2308, 0, 129, '20/7/2009', 0),
(2309, 0, 129, '75', 0),
(2310, 0, 129, '235', 0),
(2311, 0, 129, '151', 0),
(2312, 0, 129, '', 0),
(2313, 0, 129, '162', 0),
(2314, 0, 129, '', 0),
(2315, 0, 129, '', 0),
(2316, 0, 129, '219', 0),
(2317, 0, 129, '', 0),
(2318, 0, 130, 'Mai Văn Cường', 0),
(2319, 0, 130, '1983', 0),
(2320, 0, 130, '460', 0),
(2321, 0, 130, '457', 0),
(2322, 0, 130, 'P.Phước Long A, Q.9\n', 0),
(2323, 0, 130, '', 0),
(2324, 0, 130, '', 0),
(2325, 0, 130, '', 0),
(2326, 0, 130, '', 0),
(2327, 0, 130, '', 0),
(2328, 0, 130, '75', 0),
(2329, 0, 130, '125', 0),
(2330, 0, 130, '151', 0),
(2331, 0, 130, 'Cơ khí', 0),
(2332, 0, 130, '164', 0),
(2333, 0, 130, '', 0),
(2334, 0, 130, '', 0),
(2335, 0, 130, '193', 0),
(2336, 0, 130, '219', 0),
(2337, 0, 130, '', 0),
(2338, 0, 131, 'Huỳnh Bình Hán', 0),
(2339, 0, 131, '1962', 0),
(2340, 0, 131, '461', 0),
(2341, 0, 131, '457', 0),
(2342, 0, 131, '26/11 Âu Cơ, P.9, Q.Tân Bình (số cũ)\n', 0),
(2343, 0, 131, '26/11 Âu Cơ, P.9, Q.Tân Bình (số cũ)\n', 0),
(2344, 0, 131, '38603659', 0),
(2345, 0, 131, '', 0),
(2346, 0, 131, '', 0),
(2347, 0, 131, '', 0),
(2348, 0, 131, '75', 0),
(2349, 0, 131, '232', 0),
(2350, 0, 131, '149', 0),
(2351, 0, 131, '', 0),
(2352, 0, 131, '160', 0),
(2353, 0, 131, '', 0),
(2354, 0, 131, '', 0),
(2355, 0, 131, '219', 0),
(2356, 0, 131, '', 0),
(2357, 0, 132, 'Phạm Quốc Thắng', 0),
(2358, 0, 132, '1977', 0),
(2359, 0, 132, '461', 0),
(2360, 0, 132, '457', 0),
(2361, 0, 132, 'Tổ 14, ấp 6, xã Xuân Thới Sơn\n', 0),
(2362, 0, 132, 'Tổ 14, ấp 6, xã Xuân Thới Sơn\n', 0),
(2363, 0, 132, '', 0),
(2364, 0, 132, '0935599844', 0),
(2365, 0, 132, '', 0),
(2366, 0, 132, '3/8/2009', 0),
(2367, 0, 132, '75', 0),
(2368, 0, 132, '233', 0),
(2369, 0, 132, '149', 0),
(2370, 0, 132, '', 0),
(2371, 0, 132, '160', 0),
(2372, 0, 132, '', 0),
(2373, 0, 132, '', 0),
(2374, 0, 132, '195', 0),
(2375, 0, 132, '219', 0),
(2376, 0, 132, '', 0),
(2377, 0, 133, 'Bùi Thị Nguyệt Nga', 0),
(2378, 0, 133, '1982', 0),
(2379, 0, 133, '460', 0),
(2380, 0, 133, '458', 0),
(2381, 0, 133, '71/3 Bùi Đình Túy, P.12, Q.Bình Thạnh\n', 0),
(2382, 0, 133, '71/3 Bùi Đình Túy, P.12, Q.Bình Thạnh\n', 0),
(2383, 0, 133, '', 0),
(2384, 0, 133, '01695148713', 0),
(2385, 0, 133, 'btngnga@yahoo.com.vn', 0),
(2386, 0, 133, '20/8/2009', 0),
(2387, 0, 133, '75', 0),
(2388, 0, 133, '151', 0),
(2389, 0, 133, '', 0),
(2390, 0, 133, '163', 0),
(2391, 0, 133, '', 0),
(2392, 0, 133, '', 0),
(2393, 0, 133, '219', 0),
(2394, 0, 133, '', 0),
(2395, 0, 133, '300', 0),
(2396, 0, 134, 'Nguyễn Thị Thiết', 0),
(2397, 0, 134, '1984', 0),
(2398, 0, 134, '460', 0),
(2399, 0, 134, '458', 0),
(2400, 0, 134, 'Bình Thuận\n', 0),
(2401, 0, 134, 'Bình Thuận\n', 0),
(2402, 0, 134, '', 0),
(2403, 0, 134, '', 0),
(2404, 0, 134, '', 0),
(2405, 0, 134, '', 0),
(2406, 0, 134, '75', 0),
(2407, 0, 134, '125', 0),
(2408, 0, 134, '145', 0),
(2409, 0, 134, '149', 0),
(2410, 0, 134, '', 0),
(2411, 0, 134, '160', 0),
(2412, 0, 134, '', 0),
(2413, 0, 134, '', 0),
(2414, 0, 134, '219', 0),
(2415, 0, 134, '', 0),
(2416, 0, 135, 'Trần Thị Nga', 0),
(2417, 0, 135, '1984', 0),
(2418, 0, 135, '460', 0),
(2419, 0, 135, '458', 0),
(2420, 0, 135, 'Dak Lak\n', 0),
(2421, 0, 135, 'Dak Lak\n', 0),
(2422, 0, 135, '', 0),
(2423, 0, 135, '01676757656', 0),
(2424, 0, 135, '', 0),
(2425, 0, 135, '', 0),
(2426, 0, 135, '75', 0),
(2427, 0, 135, '151', 0),
(2428, 0, 135, 'kế toán', 0),
(2429, 0, 135, '165', 0),
(2430, 0, 135, '', 0),
(2431, 0, 135, '', 0),
(2432, 0, 135, '219', 0),
(2433, 0, 135, '265', 1),
(2434, 0, 135, '287', 1),
(2435, 0, 135, '', 0),
(2436, 0, 135, '297', 0),
(2437, 0, 135, '298', 0),
(2438, 112, 136, 'Mai Văn Cường', 0),
(2439, 110, 136, '1983', 0),
(2440, 109, 136, '460', 0),
(2441, 108, 136, '457', 0),
(2442, 107, 136, 'P.Phước Long A, Q.9\n', 0),
(2443, 106, 136, 'P.Phước Long A, Q.9\n', 0),
(2444, 104, 136, '', 0),
(2445, 105, 136, '', 0),
(2446, 103, 136, '', 0),
(2447, 102, 136, '28/7/2009', 0),
(2448, 19, 136, '75', 0),
(2449, 20, 136, '125', 0),
(2450, 82, 136, '153', 0),
(2451, 92, 136, 'Cơ khí - đồ họa', 0),
(2452, 83, 136, '164', 0),
(2453, 90, 136, '', 0),
(2454, 91, 136, '', 0),
(2455, 86, 136, '219', 0),
(2456, 114, 136, '', 0),
(2457, 112, 137, 'Trần Thị Nga', 0),
(2458, 110, 137, '1984', 0),
(2459, 109, 137, '460', 0),
(2460, 108, 137, '458', 0),
(2461, 107, 137, 'Daklak', 0),
(2462, 106, 137, 'Daklak', 0),
(2463, 104, 137, '', 0),
(2464, 105, 137, '01676757656', 0),
(2465, 103, 137, '', 0),
(2466, 102, 137, '24/8/2009', 0),
(2467, 19, 137, '75', 0),
(2468, 82, 137, '154', 0),
(2469, 92, 137, 'Kế toán doanh nghiệp', 0),
(2470, 83, 137, '165', 0),
(2471, 90, 137, '', 0),
(2472, 91, 137, '', 0),
(2473, 86, 137, '219', 0),
(2474, 93, 137, '265', 1),
(2475, 93, 137, '287', 1),
(2476, 114, 137, '', 0),
(2477, 0, 138, 'Nguyễn Thị Trúc Phương', 0),
(2478, 0, 138, '1985', 0),
(2479, 0, 138, '460', 0),
(2480, 0, 138, '458', 0),
(2481, 0, 138, 'Quảng Nam\n', 0),
(2482, 0, 138, '137/8 Phan Xích Long, P.12, Q.Phú Nhuận\n', 0),
(2483, 0, 138, '', 0),
(2484, 0, 138, '01692809705', 0),
(2485, 0, 138, '', 0),
(2486, 0, 138, '24/8/2009', 0),
(2487, 0, 138, '75', 0),
(2488, 0, 138, '123', 0),
(2489, 0, 138, '154', 0),
(2490, 0, 138, 'kế toán doanh nghiệp', 0),
(2491, 0, 138, '165', 0),
(2492, 0, 138, '', 0),
(2493, 0, 138, '', 0),
(2494, 0, 138, '219', 0),
(2495, 0, 138, '265', 1),
(2496, 0, 138, '504', 1),
(2497, 0, 138, '', 0),
(2498, 0, 138, '297', 0),
(2499, 0, 138, '298', 0),
(2500, 112, 139, 'Trần Đình Hữu Châu', 0),
(2501, 110, 139, '1991', 0),
(2502, 109, 139, '459', 0),
(2503, 108, 139, '457', 0),
(2504, 107, 139, '878 Trường Sơn, P.Linh Trung, Q.Thủ Đức\n', 0),
(2505, 106, 139, '878 Trường Sơn, P.Linh Trung, Q.Thủ Đức\n', 0),
(2506, 104, 139, '0985 774 917', 0),
(2507, 105, 139, '0985 774 917', 0),
(2508, 103, 139, 'saumottinhyeu@yahoo.com', 0),
(2509, 102, 139, '06/05/2010', 0),
(2510, 19, 139, '75', 0),
(2511, 20, 139, '235', 0),
(2512, 82, 139, '149', 0),
(2513, 92, 139, '', 0),
(2514, 83, 139, '160', 0),
(2515, 90, 139, '', 0),
(2516, 91, 139, '', 0),
(2517, 86, 139, '219', 0),
(2518, 114, 139, '', 0),
(2519, 112, 140, 'Tô Trọng Phi', 0),
(2520, 110, 140, '1982', 0),
(2521, 109, 140, '460', 0),
(2522, 108, 140, '457', 0),
(2523, 107, 140, 'Hiển Văn, Phổ Hòa, Đức Phổ, Quảng Nam\n', 0),
(2524, 106, 140, '11/3 Đốc phủ lý, Cần Giuộc, Long An\n', 0),
(2525, 104, 140, '0956931019', 0),
(2526, 105, 140, '0956931019', 0),
(2527, 103, 140, '', 0),
(2528, 102, 140, '', 0),
(2529, 19, 140, '75', 0),
(2530, 20, 140, '125', 0),
(2531, 82, 140, '153', 0),
(2532, 92, 140, 'Xử lý ảnh bằng Photoshop, lắp ráp chạy chương trình', 0),
(2533, 83, 140, '160', 0),
(2534, 90, 140, '', 0),
(2535, 91, 140, '', 0),
(2536, 85, 140, '208', 0),
(2537, 86, 140, '219', 0),
(2538, 114, 140, '', 0),
(2539, 88, 140, '296', 1),
(2540, 88, 140, '300', 1),
(2541, 112, 141, 'Phạm Văn Lực', 0),
(2542, 110, 141, '1990', 0),
(2543, 109, 141, '459', 0),
(2544, 108, 141, '457', 0),
(2545, 107, 141, 'Nhơn Nghĩa Tây, Nhơn Phúc, An Nhơn, Bình Định\n', 0),
(2546, 106, 141, 'Trại 25 BV Chợ Rẫy\n\n', 0),
(2547, 104, 141, '0933874501', 0),
(2548, 105, 141, '0933874501', 0),
(2549, 103, 141, '', 0),
(2550, 102, 141, '', 0),
(2551, 19, 141, '75', 0),
(2552, 20, 141, '235', 0),
(2553, 82, 141, '151', 0),
(2554, 92, 141, '', 0),
(2555, 83, 141, '160', 0),
(2556, 90, 141, '', 0),
(2557, 91, 141, '', 0),
(2558, 86, 141, '219', 0),
(2559, 114, 141, '', 0),
(2560, 112, 142, 'Mai Văn Cường', 0),
(2561, 110, 142, '1983', 0),
(2562, 109, 142, '460', 0),
(2563, 108, 142, '457', 0),
(2564, 107, 142, 'P.Phước Long A, Q.9\n', 0),
(2565, 106, 142, '', 0),
(2566, 104, 142, '', 0),
(2567, 105, 142, '', 0),
(2568, 103, 142, '', 0),
(2569, 102, 142, '', 0),
(2570, 19, 142, '75', 0),
(2571, 20, 142, '125', 0),
(2572, 82, 142, '153', 0),
(2573, 92, 142, 'cơ khí, đồ họa', 0),
(2574, 83, 142, '164', 0),
(2575, 90, 142, '', 0),
(2576, 91, 142, '', 0),
(2577, 86, 142, '219', 0),
(2578, 114, 142, '', 0),
(2579, 88, 142, '296', 1),
(2580, 88, 142, '300', 1),
(2581, 112, 143, 'Huỳnh Bình Hán', 0),
(2582, 110, 143, '1962', 0),
(2583, 109, 143, '461', 0),
(2584, 108, 143, '457', 0),
(2585, 107, 143, '26/11 Âu Cơ, P.9, Q.Tân Bình (số cũ)\n', 0),
(2586, 106, 143, '26/11 Âu Cơ, P.9, Q.Tân Bình (số cũ)\n', 0),
(2587, 104, 143, '', 0),
(2588, 105, 143, '38603659', 0),
(2589, 103, 143, '', 0),
(2590, 102, 143, '03/08/2009', 0),
(2591, 19, 143, '75', 0),
(2592, 20, 143, '232', 0),
(2593, 82, 143, '149', 0),
(2594, 92, 143, '', 0),
(2595, 83, 143, '160', 0),
(2596, 90, 143, '', 0),
(2597, 91, 143, '', 0),
(2598, 86, 143, '219', 0),
(2599, 114, 143, '', 0),
(2600, 112, 144, 'Phạm Quốc Thắng', 0),
(2601, 110, 144, '1977', 0),
(2602, 109, 144, '461', 0),
(2603, 108, 144, '457', 0),
(2604, 107, 144, '\nTổ 14, ấp 6, xã Xuân Thới Sơn\n', 0),
(2605, 106, 144, 'Tổ 14, ấp 6, xã Xuân Thới Sơn\n', 0),
(2606, 104, 144, '', 0),
(2607, 105, 144, '0935599844', 0),
(2608, 103, 144, '', 0),
(2609, 102, 144, '03/08/2009', 0),
(2610, 19, 144, '75', 0),
(2611, 20, 144, '233', 0),
(2612, 22, 144, '20', 0),
(2613, 82, 144, '149', 0),
(2614, 92, 144, '', 0),
(2615, 83, 144, '160', 0),
(2616, 90, 144, '', 0),
(2617, 91, 144, '', 0),
(2618, 86, 144, '219', 0),
(2619, 114, 144, '', 0),
(2620, 112, 145, 'Bùi Thị Nguyệt Nga', 0),
(2621, 110, 145, '1982', 0),
(2622, 109, 145, '460', 0),
(2623, 108, 145, '458', 0),
(2624, 107, 145, '71/3 Bùi Đình Túy, P.12, Q.Bình Thạnh\n', 0),
(2625, 106, 145, '71/3 Bùi Đình Túy, P.12, Q.Bình Thạnh\n', 0),
(2626, 104, 145, '', 0),
(2627, 105, 145, '01695148713', 0),
(2628, 103, 145, 'btngnga@yahoo.com.vn', 0),
(2629, 102, 145, '20/08/2009', 0),
(2630, 19, 145, '75', 0),
(2631, 82, 145, '151', 0),
(2632, 92, 145, 'KTV đồ họa (Corel, Pho, Flash, Design, Web, Template)', 0),
(2633, 83, 145, '160', 0),
(2634, 90, 145, '', 0),
(2635, 91, 145, '', 0),
(2636, 86, 145, '219', 0),
(2637, 114, 145, '', 0),
(2638, 112, 146, 'Phương', 0),
(2639, 110, 146, '1981', 0),
(2640, 109, 146, '460', 0),
(2641, 108, 146, '457', 0),
(2642, 107, 146, '25 Kha Vạn Cân\n', 0),
(2643, 106, 146, '25 Kha Vạn Cân\n', 0),
(2644, 104, 146, '', 0),
(2645, 105, 146, '01268632123', 0),
(2646, 103, 146, '', 0),
(2647, 102, 146, '20/08/2009', 0),
(2648, 19, 146, '75', 0),
(2649, 20, 146, '233', 0),
(2650, 20, 146, '235', 0),
(2651, 82, 146, '149', 0),
(2652, 92, 146, '', 0),
(2653, 83, 146, '160', 0),
(2654, 90, 146, '', 0),
(2655, 91, 146, '', 0),
(2656, 86, 146, '219', 0),
(2657, 114, 146, '', 0),
(2658, 112, 147, 'Nguyễn Thị Thiết', 0),
(2659, 110, 147, '1984', 0),
(2660, 109, 147, '460', 0),
(2661, 108, 147, '458', 0),
(2662, 107, 147, 'Bình Thuận\n', 0),
(2663, 106, 147, 'Bình Thuận\n', 0),
(2664, 104, 147, '', 0),
(2665, 105, 147, '', 0),
(2666, 103, 147, '', 0),
(2667, 102, 147, '', 0),
(2668, 19, 147, '75', 0),
(2669, 20, 147, '125', 0),
(2670, 21, 147, '145', 0),
(2671, 82, 147, '149', 0),
(2672, 92, 147, '', 0),
(2673, 83, 147, '160', 0),
(2674, 90, 147, '', 0),
(2675, 91, 147, '21/08/2009', 0),
(2676, 86, 147, '219', 0),
(2677, 114, 147, '', 0),
(2678, 112, 148, 'Trần Thị Nga', 0),
(2679, 110, 148, '1984', 0),
(2680, 109, 148, '460', 0),
(2681, 108, 148, '458', 0),
(2682, 107, 148, 'Dak Lak\n', 0),
(2683, 106, 148, 'Dak Lak\n', 0),
(2684, 104, 148, '', 0),
(2685, 105, 148, '01676757656', 0),
(2686, 103, 148, '', 0),
(2687, 102, 148, '24/08/2009', 0),
(2688, 19, 148, '75', 0),
(2689, 82, 148, '153', 0),
(2690, 92, 148, 'Kế toán doanh nghiệp', 0),
(2691, 83, 148, '168', 0),
(2692, 90, 148, '', 0),
(2693, 91, 148, '', 0),
(2694, 85, 148, '469', 0),
(2695, 86, 148, '219', 0),
(2696, 93, 148, '287', 0),
(2697, 93, 148, '498', 0),
(2698, 114, 148, '', 0),
(2699, 112, 149, 'Nguyễn Thị Trúc Phương', 0),
(2700, 110, 149, '1985', 0),
(2701, 109, 149, '460', 0),
(2702, 108, 149, '458', 0),
(2703, 107, 149, 'Quảng Nam\n', 0),
(2704, 106, 149, '137/8 Phan Xích Long, P.12, Q.Phú Nhuận\n', 0),
(2705, 104, 149, '', 0),
(2706, 105, 149, '01692809705', 0),
(2707, 103, 149, '', 0),
(2708, 102, 149, '24/08/2009', 0),
(2709, 19, 149, '75', 0),
(2710, 20, 149, '123', 0),
(2711, 82, 149, '154', 0),
(2712, 92, 149, 'Kế toán doanh nghiệp', 0),
(2713, 83, 149, '168', 0),
(2714, 90, 149, '', 0),
(2715, 91, 149, '', 0),
(2716, 86, 149, '219', 0),
(2717, 93, 149, '265', 1),
(2718, 114, 149, '', 0),
(2719, 112, 150, 'Nguyễn Văn Tuấn', 0),
(2720, 110, 150, '1979', 0),
(2721, 109, 150, '461', 0),
(2722, 108, 150, '457', 0),
(2723, 107, 150, '89A1 KP7, P. Tân Hưng Thuận, Q.12\n', 0),
(2724, 106, 150, '89A1 KP7, P. Tân Hưng Thuận, Q.12\n', 0),
(2725, 104, 150, '', 0),
(2726, 105, 150, '0975295146', 0),
(2727, 103, 150, '', 0),
(2728, 102, 150, '14/09/2009', 0),
(2729, 19, 150, '75', 0),
(2730, 20, 150, '235', 0),
(2731, 82, 150, '149', 0),
(2732, 92, 150, '', 0),
(2733, 83, 150, '160', 0),
(2734, 90, 150, '', 0),
(2735, 91, 150, '', 0),
(2736, 86, 150, '219', 0),
(2737, 114, 150, '', 0),
(2738, 112, 151, 'Huỳnh Thị Thu', 0),
(2739, 110, 151, '1984', 0),
(2740, 109, 151, '460', 0),
(2741, 108, 151, '458', 0),
(2742, 107, 151, 'Phú Yên\n', 0),
(2743, 106, 151, '71/3 Bùi Đình Túy, P.12, Q.Bình Thạnh\n', 0),
(2744, 104, 151, '', 0),
(2745, 105, 151, '01283327450', 0),
(2746, 103, 151, 'huynhthu_2009@yahoo.com', 0),
(2747, 102, 151, '18/09/2009', 0),
(2748, 19, 151, '75', 0),
(2749, 20, 151, '233', 0),
(2750, 82, 151, '151', 0),
(2751, 92, 151, 'Kế toán doanh nghiệp', 0),
(2752, 83, 151, '164', 0),
(2753, 90, 151, '', 0),
(2754, 91, 151, '', 0),
(2755, 85, 151, '188', 1),
(2756, 86, 151, '219', 0),
(2757, 93, 151, '265', 1),
(2758, 114, 151, '', 0),
(2759, 88, 151, '300', 0),
(2760, 112, 152, 'Phạm Quốc Vĩnh', 0),
(2761, 110, 152, '1979', 0),
(2762, 109, 152, '461', 0),
(2763, 108, 152, '457', 0),
(2764, 107, 152, 'Tây Ninh\n', 0),
(2765, 106, 152, '', 0),
(2766, 104, 152, '', 0),
(2767, 105, 152, '01654066386', 0),
(2768, 103, 152, '', 0),
(2769, 102, 152, '21/09/2009', 0),
(2770, 19, 152, '75', 0),
(2771, 20, 152, '232', 0),
(2772, 113, 152, '535', 0),
(2773, 82, 152, '149', 0),
(2774, 92, 152, '', 0),
(2775, 83, 152, '160', 0),
(2776, 90, 152, '', 0),
(2777, 91, 152, '', 0),
(2778, 86, 152, '219', 0),
(2779, 114, 152, '', 0),
(2780, 112, 153, 'Võ Lê Anh Thư', 0),
(2781, 110, 153, '1979', 0),
(2782, 109, 153, '461', 0),
(2783, 108, 153, '458', 0),
(2784, 107, 153, '65 Nguyễn Thượng Hiền, P.15, Q.Bình Thạnh\n', 0),
(2785, 106, 153, '65 Nguyễn Thượng Hiền, P.15, Q.Bình Thạnh\n', 0),
(2786, 104, 153, '38415467', 0),
(2787, 105, 153, '', 0),
(2788, 103, 153, '', 0),
(2789, 102, 153, '21/09/2009', 0),
(2790, 19, 153, '75', 0),
(2791, 20, 153, '233', 0),
(2792, 21, 153, '131', 0),
(2793, 82, 153, '151', 0),
(2794, 92, 153, 'Đồ họa', 0),
(2795, 83, 153, '164', 0),
(2796, 90, 153, '', 0),
(2797, 91, 153, '', 0),
(2798, 86, 153, '219', 0),
(2799, 114, 153, '', 0),
(2800, 88, 153, '300', 0),
(2801, 112, 154, 'Đinh Thị Thu An', 0),
(2802, 110, 154, '1986', 0),
(2803, 109, 154, '460', 0),
(2804, 108, 154, '458', 0),
(2805, 107, 154, '80 Tổ 4 Hương Lộ 3, An Châu, Châu Thành\n', 0),
(2806, 106, 154, 'TT Dạy nghề NKT&TMC; Hóc Môn\n', 0),
(2807, 104, 154, '', 0),
(2808, 105, 154, '01666619716', 0),
(2809, 103, 154, '', 0),
(2810, 102, 154, '02/10/2009', 0),
(2811, 19, 154, '75', 0),
(2812, 20, 154, '233', 0),
(2813, 82, 154, '151', 0),
(2814, 92, 154, 'Kế toán', 0),
(2815, 83, 154, '164', 0),
(2816, 90, 154, '', 0),
(2817, 91, 154, '', 0),
(2818, 85, 154, '194', 0),
(2819, 86, 154, '219', 0),
(2820, 93, 154, '276', 0),
(2821, 114, 154, '', 0),
(2822, 112, 155, 'Trần Thị Thu Thanh', 0),
(2823, 110, 155, '1987', 0),
(2824, 109, 155, '460', 0),
(2825, 108, 155, '458', 0),
(2826, 107, 155, 'Đồng Nai\n', 0),
(2827, 106, 155, '', 0),
(2828, 104, 155, '', 0),
(2829, 105, 155, '01225629495', 0),
(2830, 103, 155, 'tranthanh.ctttt@gmail.com', 0),
(2831, 102, 155, '02/10/2009', 0),
(2832, 19, 155, '73', 1),
(2833, 19, 155, '75', 1),
(2834, 20, 155, '114', 0),
(2835, 20, 155, '232', 0),
(2836, 82, 155, '153', 0),
(2837, 92, 155, 'Đồ họa', 0),
(2838, 83, 155, '160', 0),
(2839, 90, 155, '', 0),
(2840, 91, 155, '', 0),
(2841, 86, 155, '219', 0),
(2842, 93, 155, '276', 0),
(2843, 114, 155, '', 0),
(2844, 88, 155, '300', 0),
(2845, 112, 156, 'Trần Thị Xuân Liễu', 0),
(2846, 110, 156, '1988', 0),
(2847, 109, 156, '459', 0),
(2848, 108, 156, '457', 0),
(2849, 107, 156, 'Khánh Hòa\n', 0),
(2850, 106, 156, '324/32C Tôn Thất Thuyết, P.1, Q.4\n', 0),
(2851, 104, 156, '', 0),
(2852, 105, 156, '01998323856', 0),
(2853, 103, 156, 'xuanlieu.tranthi@gmail.com', 0),
(2854, 102, 156, '03/11/2009', 0),
(2855, 19, 156, '75', 0),
(2856, 20, 156, '123', 0),
(2857, 82, 156, '151', 0),
(2858, 92, 156, 'Kế toán', 0),
(2859, 83, 156, '164', 0),
(2860, 90, 156, '', 0),
(2861, 91, 156, '', 0),
(2862, 85, 156, '188', 1),
(2863, 86, 156, '219', 0),
(2864, 93, 156, '265', 1),
(2865, 93, 156, '276', 1),
(2866, 114, 156, '', 0),
(2867, 112, 157, 'Hoàng Văn Dũng', 0),
(2868, 110, 157, '1989', 0),
(2869, 109, 157, '460', 0),
(2870, 108, 157, '457', 0),
(2871, 107, 157, '1721 ấp 2, P.Hiệp An, TX TDM, Bình Dương\n', 0),
(2872, 106, 157, '502 Đỗ Xuân Hợp, P.Phước Bình, Q.9\n', 0),
(2873, 104, 157, '', 0),
(2874, 105, 157, '', 0),
(2875, 103, 157, '', 0),
(2876, 102, 157, '04/11/2009', 0),
(2877, 19, 157, '75', 0),
(2878, 20, 157, '232', 0),
(2879, 82, 157, '151', 0),
(2880, 92, 157, 'Quản trị mạng', 0),
(2881, 83, 157, '160', 0),
(2882, 90, 157, '', 0),
(2883, 91, 157, '', 0),
(2884, 86, 157, '219', 0),
(2885, 93, 157, '523', 0),
(2886, 114, 157, '', 0),
(2887, 112, 158, 'Đậu Đức Duẩn', 0),
(2888, 110, 158, '1984', 0),
(2889, 109, 158, '460', 0),
(2890, 108, 158, '457', 0),
(2891, 107, 158, 'Nghệ An\n', 0),
(2892, 106, 158, 'Bình Chiểu, Thủ Đức\n', 0),
(2893, 104, 158, '', 0),
(2894, 105, 158, '0987694008', 0),
(2895, 103, 158, 'ducduanhd@yahoo.com.vn', 0),
(2896, 102, 158, '05/11/2009', 0),
(2897, 19, 158, '75', 0),
(2898, 20, 158, '235', 0),
(2899, 82, 158, '151', 0),
(2900, 92, 158, 'Đồ họa', 0),
(2901, 83, 158, '160', 0),
(2902, 90, 158, '', 0),
(2903, 91, 158, '', 0),
(2904, 86, 158, '219', 0),
(2905, 93, 158, '276', 0),
(2906, 114, 158, '', 0),
(2907, 88, 158, '300', 0),
(2908, 112, 159, 'Lưu Huy Tài ', 0),
(2909, 110, 159, '1981', 0),
(2910, 109, 159, '460', 0),
(2911, 108, 159, '457', 0),
(2912, 107, 159, '259 Phan Văn Khỏe, P.5, Q.6\n', 0),
(2913, 106, 159, '259 Phan Văn Khỏe, P.5, Q.6\n', 0),
(2914, 104, 159, '', 0),
(2915, 105, 159, '0952160110', 0),
(2916, 103, 159, 'ut_tai81@yahoo.com', 0),
(2917, 102, 159, '07/11/2009', 0),
(2918, 19, 159, '75', 0),
(2919, 20, 159, '233', 0),
(2920, 82, 159, '151', 0),
(2921, 92, 159, 'Đồ họa', 0),
(2922, 83, 159, '160', 0),
(2923, 90, 159, '', 0),
(2924, 91, 159, '', 0),
(2925, 86, 159, '219', 0),
(2926, 114, 159, '', 0),
(2927, 112, 160, 'Lưu Huỳnh Hậu Giang', 0),
(2928, 110, 160, '1984', 0),
(2929, 109, 160, '460', 0),
(2930, 108, 160, '457', 0),
(2931, 107, 160, 'Sóc Trăng\n', 0),
(2932, 106, 160, '71/3 Bùi Đình Túy, P.12, Q.Bình Thạnh\n', 0),
(2933, 104, 160, '', 0),
(2934, 105, 160, '0937867185', 0),
(2935, 103, 160, 'minhgiang71@gmail.com', 0),
(2936, 102, 160, '13/11/2009', 0),
(2937, 19, 160, '75', 0),
(2938, 20, 160, '232', 0),
(2939, 82, 160, '155', 0),
(2940, 92, 160, 'Tin học', 0),
(2941, 83, 160, '168', 0),
(2942, 90, 160, '', 0),
(2943, 91, 160, '', 0),
(2944, 86, 160, '219', 0),
(2945, 93, 160, '285', 0),
(2946, 114, 160, '', 0),
(2947, 88, 160, '296', 1),
(2948, 112, 161, 'Hồ Thanh Phong', 0),
(2949, 110, 161, '1986', 0),
(2950, 109, 161, '460', 0),
(2951, 108, 161, '457', 0),
(2952, 107, 161, '43/7 Phan Xích Long, P.3, Q.Phú Nhuận\n', 0),
(2953, 106, 161, '43/7 Phan Xích Long, P.3, Q.Phú Nhuận\n', 0),
(2954, 104, 161, '', 0),
(2955, 105, 161, '0909503653', 0),
(2956, 103, 161, 'vengaboy_vnn@yahoo.com', 0),
(2957, 102, 161, '19/11/2009', 0),
(2958, 19, 161, '75', 0),
(2959, 20, 161, '235', 0),
(2960, 82, 161, '151', 0),
(2961, 92, 161, 'Photoshop căn bản, AI căn bản, Corel', 0),
(2962, 83, 161, '160', 0),
(2963, 90, 161, '', 0),
(2964, 91, 161, '', 0),
(2965, 86, 161, '219', 0),
(2966, 93, 161, '285', 0),
(2967, 114, 161, '', 0),
(2968, 88, 161, '296', 1),
(2969, 88, 161, '300', 1),
(2970, 112, 162, 'Nguyễn Thị Hương', 0),
(2971, 110, 162, '1985', 0),
(2972, 109, 162, '460', 0),
(2973, 108, 162, '458', 0),
(2974, 107, 162, 'Dak Lak\n', 0),
(2975, 106, 162, '119 Trần Hưng Đạo, Q.1\n', 0),
(2976, 104, 162, '', 0),
(2977, 105, 162, '0908627590', 0),
(2978, 103, 162, 'huongluckystar2005@yahoo.com', 0),
(2979, 102, 162, '19/11/2009', 0),
(2980, 19, 162, '75', 0),
(2981, 20, 162, '123', 0),
(2982, 82, 162, '155', 0),
(2983, 92, 162, 'Công nghệ thông tin', 0),
(2984, 83, 162, '165', 0),
(2985, 90, 162, '', 0),
(2986, 91, 162, '', 0),
(2987, 86, 162, '219', 0),
(2988, 93, 162, '285', 0),
(2989, 114, 162, '', 0),
(2990, 88, 162, '296', 1),
(2991, 112, 163, 'Lương Thị Phương', 0),
(2992, 110, 163, '1982', 0),
(2993, 109, 163, '460', 0),
(2994, 108, 163, '458', 0),
(2995, 107, 163, 'Thanh Hóa\n', 0),
(2996, 106, 163, '', 0),
(2997, 104, 163, '', 0),
(2998, 105, 163, '01264500959', 0),
(2999, 103, 163, '', 0),
(3000, 102, 163, '23/11/2009', 0),
(3001, 82, 163, '149', 0),
(3002, 92, 163, '', 0),
(3003, 83, 163, '160', 0),
(3004, 90, 163, '', 0),
(3005, 91, 163, '', 0),
(3006, 86, 163, '219', 0),
(3007, 93, 163, '276', 0),
(3008, 114, 163, '', 0),
(3009, 112, 164, 'Lê Anh Tuấn', 0),
(3010, 110, 164, '1989', 0),
(3011, 109, 164, '460', 0),
(3012, 108, 164, '457', 0),
(3013, 107, 164, '87A4 Hòa Hưng, P.12, Q.10\n', 0),
(3014, 106, 164, '87A4 Hòa Hưng, P.12, Q.10\n', 0),
(3015, 104, 164, '', 0),
(3016, 105, 164, '01679502073 hoặc 01668571662', 0),
(3017, 103, 164, '', 0),
(3018, 102, 164, '', 0),
(3019, 82, 164, '149', 0),
(3020, 92, 164, '', 0),
(3021, 83, 164, '160', 0),
(3022, 90, 164, '', 0),
(3023, 91, 164, '', 0),
(3024, 86, 164, '219', 0),
(3025, 114, 164, '', 0),
(3026, 112, 165, 'Nguyễn Hoài Linh', 0),
(3027, 110, 165, '1980', 0),
(3028, 109, 165, '460', 0),
(3029, 108, 165, '457', 0),
(3030, 107, 165, 'Quảng Nam\n', 0),
(3031, 106, 165, 'Tổ 5, Khóm 5, Núi Thành, Quảng Nam\n', 0),
(3032, 104, 165, '', 0),
(3033, 105, 165, '0974471980', 0),
(3034, 103, 165, 'linhnguyenhoai66198@yahoo.com', 0),
(3035, 102, 165, '01/12/2009', 0),
(3036, 19, 165, '75', 0),
(3037, 20, 165, '232', 0),
(3038, 82, 165, '149', 0),
(3039, 92, 165, '', 0),
(3040, 83, 165, '160', 0),
(3041, 90, 165, '', 0),
(3042, 91, 165, '', 0),
(3043, 86, 165, '219', 0),
(3044, 93, 165, '524', 0),
(3045, 114, 165, '', 0),
(3046, 112, 166, 'Nguyễn Văn Tùng', 0),
(3047, 110, 166, '1984', 0),
(3048, 109, 166, '460', 0),
(3049, 108, 166, '457', 0),
(3050, 107, 166, 'Thanh Hóa\n', 0),
(3051, 106, 166, '192/1E ấp Tam Đông, Thới Tam Thôn, Hóc Môn\n', 0),
(3052, 104, 166, '', 0),
(3053, 105, 166, '0915083537', 0),
(3054, 103, 166, 'thanhtung054xh@yahoo.com.vn', 0),
(3055, 102, 166, '29/12/2009', 0),
(3056, 19, 166, '75', 0),
(3057, 82, 166, '155', 0),
(3058, 92, 166, 'Xã hội học', 0),
(3059, 83, 166, '165', 0),
(3060, 90, 166, '', 0),
(3061, 91, 166, '', 0),
(3062, 86, 166, '219', 0),
(3063, 93, 166, '517', 0),
(3064, 114, 166, '', 0),
(3065, 88, 166, '311', 0),
(3066, 112, 167, 'Hồ Sỹ Hiền', 0),
(3067, 110, 167, '1986', 0),
(3068, 109, 167, '460', 0),
(3069, 108, 167, '457', 0),
(3070, 107, 167, 'Nghệ An\n', 0),
(3071, 106, 167, '', 0),
(3072, 104, 167, '', 0),
(3073, 105, 167, '0988567690', 0),
(3074, 103, 167, 'hosylyhien@yahoo.com', 0),
(3075, 102, 167, '30/12/2009', 0),
(3076, 19, 167, '75', 0),
(3077, 20, 167, '123', 0),
(3078, 82, 167, '155', 0),
(3079, 92, 167, 'Việt nam học', 0),
(3080, 83, 167, '165', 0),
(3081, 90, 167, '', 0),
(3082, 91, 167, '', 0),
(3083, 86, 167, '219', 0),
(3084, 114, 167, '', 0),
(3142, 82, 170, '155', 0),
(3143, 92, 170, 'CNTT, thiết kế đồ họa, quản trị mạng', 0),
(3144, 83, 170, '165', 0),
(3145, 90, 170, '', 0),
(3146, 91, 170, '', 0),
(3147, 86, 170, '219', 0),
(3148, 93, 170, '285', 0),
(3149, 114, 170, '', 0),
(3150, 88, 170, '296', 1),
(3151, 88, 170, '300', 1),
(3152, 112, 171, 'Nguyễn Lê Phước', 0),
(3153, 110, 171, '1982', 0),
(3154, 109, 171, '460', 0),
(3155, 108, 171, '457', 0),
(3156, 107, 171, 'Long An\n', 0),
(3157, 106, 171, '293 Nguyễn Thiện Thuật, F.1, Q.3\n', 0),
(3158, 104, 171, '', 0),
(3159, 105, 171, '01214702870', 0),
(3160, 103, 171, '', 0),
(3161, 102, 171, '17/01/2010', 0),
(3162, 19, 171, '108', 0),
(3163, 82, 171, '154', 0),
(3164, 92, 171, 'Gia công chi tiết máy, tủ điện', 0),
(3165, 83, 171, '165', 0),
(3166, 90, 171, '', 0),
(3167, 91, 171, '', 0),
(3168, 85, 171, '193', 0),
(3169, 86, 171, '219', 0),
(3170, 93, 171, '270', 0),
(3171, 114, 171, '', 0),
(3172, 112, 172, 'Trần Thị Nga', 0),
(3173, 110, 172, '1984', 0),
(3174, 109, 172, '460', 0),
(3175, 108, 172, '458', 0),
(3176, 107, 172, 'Hà Tĩnh\n', 0),
(3177, 106, 172, 'Trường CĐNKTCN, 502 Đỗ Xuân Hợp, F.Phước Bình, Q.9\n', 0),
(3178, 104, 172, '', 0),
(3179, 105, 172, '01676757656', 0),
(3180, 103, 172, 'tranngaphonui@yahoo.com', 0),
(3181, 102, 172, '15/03/2010', 0),
(3182, 19, 172, '75', 0),
(3183, 20, 172, '233', 0),
(3184, 82, 172, '154', 0),
(3185, 92, 172, 'Kế toán doanh nghiệp', 0),
(3186, 83, 172, '165', 0),
(3187, 90, 172, '', 0),
(3188, 91, 172, '', 0),
(3189, 85, 172, '493', 0),
(3190, 86, 172, '219', 0),
(3191, 93, 172, '265', 1),
(3192, 114, 172, '', 0),
(3193, 88, 172, '298', 0),
(3194, 112, 173, 'Nguyễn Thị Trúc Phương', 0),
(3195, 110, 173, '1985', 0),
(3196, 109, 173, '460', 0),
(3197, 108, 173, '458', 0),
(3198, 107, 173, 'Quảng Ngãi\n', 0),
(3199, 106, 173, '317/2A Phan Xích Long, F.2, Q.Phú Nhuận\n', 0),
(3200, 104, 173, '', 0),
(3201, 105, 173, '01692809705', 0),
(3202, 103, 173, '', 0),
(3203, 102, 173, '15/03/2010', 0),
(3204, 19, 173, '75', 0),
(3205, 20, 173, '123', 0),
(3206, 82, 173, '154', 0),
(3207, 92, 173, 'Kế toán', 0),
(3208, 83, 173, '165', 0),
(3209, 90, 173, '', 0),
(3210, 91, 173, '', 0),
(3211, 86, 173, '219', 0),
(3212, 93, 173, '265', 1),
(3213, 93, 173, '276', 1),
(3214, 114, 173, '', 0),
(3215, 112, 174, 'Trần Anh Tuấn', 0),
(3216, 110, 174, '1984', 0),
(3217, 109, 174, '460', 0),
(3218, 108, 174, '457', 0),
(3219, 107, 174, 'Tp.HCM\n', 0),
(3220, 106, 174, '162/31 Phan Đăng Lưu, F.3, Q.Phú Nhuận\n', 0),
(3221, 104, 174, '38451257', 0),
(3222, 105, 174, '01254509095 ', 0),
(3223, 103, 174, 'anhtuantran198425@yahoo.com', 0),
(3224, 102, 174, '17/03/2010', 0),
(3225, 19, 174, '75', 0),
(3226, 21, 174, '135', 0),
(3227, 82, 174, '155', 0),
(3228, 92, 174, 'Công nghệ thông tin', 0),
(3229, 83, 174, '165', 0),
(3230, 90, 174, 'ĐH KTCN TPHCM (Trung cấp)', 0),
(3231, 91, 174, '', 0),
(3232, 86, 174, '219', 0),
(3233, 93, 174, '285', 0),
(3234, 114, 174, '', 0),
(3235, 88, 174, '296', 1),
(3236, 112, 175, 'Phạm Hồng Nhung', 0),
(3237, 110, 175, '1991', 0),
(3238, 109, 175, '459', 0),
(3239, 108, 175, '458', 0),
(3240, 107, 175, 'Tp.HCM\n', 0),
(3241, 106, 175, '260/44A Nguyễn Thái Bình, F.12, Q.Tân Bình\n', 0),
(3242, 104, 175, '', 0),
(3243, 105, 175, '01677 698 027', 0),
(3244, 103, 175, 'juliet_rosy91@yahoo.com', 0),
(3245, 102, 175, '20/03/2010', 0),
(3246, 19, 175, '73', 1),
(3247, 19, 175, '75', 1),
(3248, 20, 175, '117', 0),
(3249, 20, 175, '123', 0),
(3250, 82, 175, '150', 0),
(3251, 92, 175, '', 0),
(3252, 83, 175, '160', 0),
(3253, 90, 175, '', 0),
(3254, 91, 175, '', 0),
(3255, 86, 175, '219', 0),
(3256, 114, 175, '', 0),
(3257, 112, 176, 'Nguyễn Thị Thanh Thúy', 0),
(3258, 110, 176, '1987', 0),
(3259, 109, 176, '460', 0),
(3260, 108, 176, '458', 0),
(3261, 107, 176, 'Bình Định\n', 0),
(3262, 106, 176, '27B Bùi Thị Xuân, F.12, Q.Tân Bình\n', 0),
(3263, 104, 176, '', 0),
(3264, 105, 176, '0938 473 882', 0),
(3265, 103, 176, 'sweetlove_0468@yahoo.com', 0),
(3266, 102, 176, '24/03/2010', 0),
(3267, 19, 176, '75', 0),
(3268, 20, 176, '233', 0),
(3269, 21, 176, '131', 0),
(3270, 82, 176, '154', 0),
(3271, 92, 176, 'Kế toán DN', 0),
(3272, 83, 176, '165', 0),
(3273, 90, 176, '', 0),
(3274, 91, 176, '', 0),
(3275, 85, 176, '188', 1),
(3276, 86, 176, '219', 0),
(3277, 93, 176, '265', 1),
(3278, 114, 176, '', 0),
(3279, 112, 177, 'Trần Thị Diệu Hiền', 0),
(3280, 110, 177, '1981', 0),
(3281, 109, 177, '460', 0),
(3282, 108, 177, '458', 0),
(3283, 107, 177, '244/3 Hồng Lạc, F11, Q.Tân Bình\n', 0),
(3284, 106, 177, '244/3 Hồng Lạc, F11, Q.Tân Bình\n', 0),
(3285, 104, 177, '2652730', 0),
(3286, 105, 177, '01656 608 120', 0),
(3287, 103, 177, 'hien.tran44@yahoo.com', 0),
(3288, 102, 177, '01/04/2010', 0),
(3289, 19, 177, '75', 0),
(3290, 20, 177, '233', 0),
(3291, 82, 177, '155', 0),
(3292, 92, 177, 'Anh Văn', 0),
(3293, 83, 177, '165', 0),
(3294, 90, 177, 'ĐH KHXH&NV;', 0),
(3295, 91, 177, '', 0),
(3296, 85, 177, '196', 0),
(3297, 86, 177, '219', 0),
(3298, 93, 177, '507', 0),
(3299, 114, 177, '', 0),
(3300, 112, 178, 'Lê Hữu Tài', 0),
(3301, 110, 178, '1985', 0),
(3302, 109, 178, '460', 0),
(3303, 108, 178, '457', 0),
(3304, 107, 178, '923/13 Tân Kỳ Tân Quý, KP2, Q.Bình Tân\n', 0),
(3305, 106, 178, '923/13 Tân Kỳ Tân Quý, KP2, Q.Bình Tân\n', 0),
(3306, 104, 178, '', 0),
(3307, 105, 178, '01688 012 257', 0),
(3308, 103, 178, 'taile_496@yahoo.com', 0),
(3309, 102, 178, '04/04/2010', 0),
(3310, 19, 178, '75', 0),
(3311, 20, 178, '232', 0),
(3312, 113, 178, '536', 0),
(3313, 82, 178, '154', 0),
(3314, 92, 178, 'CNTT, Bác sĩ máy tính', 0),
(3315, 83, 178, '165', 0),
(3316, 90, 178, 'Ispace', 0),
(3317, 91, 178, '', 0),
(3318, 86, 178, '219', 0),
(3319, 93, 178, '285', 0),
(3320, 93, 178, '512', 0),
(3321, 114, 178, '', 0),
(3322, 88, 178, '296', 1),
(3323, 112, 179, 'Huỳnh Thanh Trúc', 0),
(3324, 110, 179, '1986', 0),
(3325, 109, 179, '460', 0),
(3326, 108, 179, '458', 0),
(3327, 107, 179, 'Tiền Giang\n', 0),
(3328, 106, 179, '', 0),
(3329, 104, 179, '', 0),
(3330, 105, 179, '01227 225 303', 0),
(3331, 103, 179, 'baby.bambou@yahoo.com', 0),
(3332, 102, 179, '18/04/2010', 0),
(3333, 19, 179, '75', 0),
(3334, 20, 179, '534', 0),
(3335, 82, 179, '155', 0),
(3336, 92, 179, 'Kế toán', 0),
(3337, 83, 179, '165', 0),
(3338, 90, 179, '', 0),
(3339, 91, 179, '', 0),
(3340, 85, 179, '188', 1),
(3341, 86, 179, '219', 0),
(3342, 93, 179, '265', 1),
(3343, 114, 179, '', 0),
(3344, 112, 180, 'Lê Văn Liễu', 0),
(3345, 110, 180, '1983', 0),
(3346, 109, 180, '460', 0),
(3347, 108, 180, '457', 0),
(3348, 107, 180, 'Nghệ An\n', 0),
(3349, 106, 180, '217/A10 XVNT, F.17, Q.Bình Thạnh\n', 0),
(3350, 104, 180, '', 0),
(3351, 105, 180, '0973 556 844', 0),
(3352, 103, 180, 'levanlieu2004@gmail.com', 0),
(3353, 102, 180, '18/04/2010', 0),
(3354, 19, 180, '75', 0),
(3355, 20, 180, '534', 0),
(3356, 82, 180, '155', 0),
(3357, 92, 180, 'Lập trình', 0),
(3358, 83, 180, '165', 0),
(3359, 90, 180, 'ĐH DL V.Lang', 0),
(3360, 91, 180, '', 0),
(3361, 86, 180, '219', 0),
(3362, 114, 180, '', 0),
(3363, 88, 180, '296', 1),
(3364, 112, 181, 'Nguyễn Thị Lan Thương', 0),
(3365, 110, 181, '1978', 0),
(3366, 109, 181, '461', 0),
(3367, 108, 181, '458', 0),
(3368, 107, 181, 'Kiên Giang\n', 0),
(3369, 106, 181, '', 0),
(3370, 104, 181, '', 0),
(3371, 105, 181, '0916 660 562', 0),
(3372, 103, 181, '', 0),
(3373, 102, 181, '18/04/2010', 0),
(3374, 19, 181, '75', 0),
(3375, 20, 181, '232', 0),
(3376, 82, 181, '149', 0),
(3377, 92, 181, '', 0),
(3378, 83, 181, '160', 0),
(3379, 90, 181, '', 0),
(3380, 91, 181, '', 0),
(3381, 85, 181, '468', 0),
(3382, 86, 181, '219', 0),
(3383, 93, 181, '525', 0),
(3384, 114, 181, '', 0),
(3385, 112, 182, 'Nguyễn Cảnh Hữu', 0),
(3386, 110, 182, '1960', 0),
(3387, 109, 182, '461', 0),
(3388, 108, 182, '457', 0),
(3389, 107, 182, 'Huế\n', 0),
(3390, 106, 182, '285/94F CMT8, F.12, Q.10\n', 0),
(3391, 104, 182, '38 625 664', 0),
(3392, 105, 182, '', 0),
(3393, 103, 182, '', 0),
(3394, 102, 182, '18/04/2010', 0),
(3395, 82, 182, '149', 0),
(3396, 92, 182, '', 0),
(3397, 83, 182, '160', 0),
(3398, 90, 182, '', 0),
(3399, 91, 182, '', 0),
(3400, 86, 182, '219', 0),
(3401, 114, 182, '', 0),
(3402, 112, 183, 'Trịnh Quý Phi', 0),
(3403, 110, 183, '1983', 0),
(3404, 109, 183, '460', 0),
(3405, 108, 183, '458', 0),
(3406, 107, 183, 'B231 Nguyễn Văn Quá, Q.12\n', 0),
(3407, 106, 183, 'B231 Nguyễn Văn Quá, Q.12\n', 0),
(3408, 104, 183, '', 0),
(3409, 105, 183, '0933 130 683', 0),
(3410, 103, 183, 'phi832002@yahoo.com', 0),
(3411, 102, 183, '18/04/2010', 0),
(3412, 19, 183, '75', 0),
(3413, 82, 183, '154', 0),
(3414, 92, 183, 'KTV tin học, đồ họa', 0),
(3415, 83, 183, '165', 0),
(3416, 90, 183, '', 0),
(3417, 91, 183, '', 0),
(3418, 85, 183, '489', 0),
(3419, 86, 183, '219', 0),
(3420, 93, 183, '276', 0),
(3421, 114, 183, '', 0),
(3422, 112, 184, 'Nguyễn Thụy Tố Trâm', 0),
(3423, 110, 184, '1988', 0),
(3424, 109, 184, '460', 0),
(3425, 108, 184, '458', 0),
(3426, 107, 184, 'Bến Tre\n', 0),
(3427, 106, 184, '527/A1 Ấp 6, xã An Thủy, H.Ba Tri, Bến Tre\n', 0),
(3428, 104, 184, '', 0),
(3429, 105, 184, '01684 027 368', 0),
(3430, 103, 184, 'thuytram1210@gmail.com', 0),
(3431, 102, 184, '18/04/2010', 0),
(3432, 19, 184, '74', 0),
(3433, 20, 184, '121', 0),
(3434, 82, 184, '155', 0),
(3435, 92, 184, 'Công tác xã hội', 0),
(3436, 83, 184, '165', 0),
(3437, 90, 184, 'Đại học đồng tháp', 0),
(3438, 91, 184, '', 0),
(3439, 85, 184, '476', 0),
(3440, 86, 184, '219', 0),
(3441, 93, 184, '517', 0),
(3442, 114, 184, '', 0),
(3443, 112, 185, 'Lương Thị Ngọc Thúy', 0),
(3444, 110, 185, '1983', 0),
(3445, 109, 185, '460', 0),
(3446, 108, 185, '458', 0),
(3447, 107, 185, '83/18 Bạch Đằng, F.2, Q.Tân Bình\n', 0),
(3448, 106, 185, '83/18 Bạch Đằng, F.2, Q.Tân Bình\n', 0),
(3449, 104, 185, '38485938', 0),
(3450, 105, 185, '0979 798 665 ', 0),
(3451, 103, 185, 'luongthingocthuy@gmail.com', 0),
(3452, 102, 185, '18/04/2010', 0),
(3453, 19, 185, '75', 0),
(3454, 82, 185, '154', 0),
(3455, 92, 185, 'Thiết kế đồ họa', 0),
(3456, 83, 185, '165', 0),
(3457, 90, 185, '', 0),
(3458, 91, 185, '', 0),
(3459, 85, 185, '473', 0),
(3460, 86, 185, '219', 0),
(3461, 93, 185, '520', 0),
(3462, 114, 185, '', 0),
(3463, 88, 185, '300', 0),
(3464, 112, 186, 'Trần Đỗ Uyên', 0),
(3465, 110, 186, '1982', 0),
(3466, 109, 186, '460', 0),
(3467, 108, 186, '458', 0),
(3468, 107, 186, '286/44 Bình Trị Đông A, Q.Bình Tân\n', 0),
(3469, 106, 186, '286/44 Bình Trị Đông A, Q.Bình Tân\n', 0),
(3470, 104, 186, '', 0),
(3471, 105, 186, '01666 305 381', 0),
(3472, 103, 186, '', 0),
(3473, 102, 186, '18/04/2010', 0),
(3474, 19, 186, '75', 0),
(3475, 82, 186, '153', 0),
(3476, 92, 186, 'Thiết kế QC', 0),
(3477, 83, 186, '164', 0),
(3478, 90, 186, 'TT KT dạy nghề Q.3', 0),
(3479, 91, 186, '', 0),
(3480, 86, 186, '219', 0),
(3481, 93, 186, '287', 0),
(3482, 114, 186, '', 0),
(3483, 88, 186, '300', 0),
(3484, 112, 187, 'Võ Thị Bích Lê', 0),
(3485, 110, 187, '1987', 0),
(3486, 109, 187, '460', 0),
(3487, 108, 187, '458', 0),
(3488, 107, 187, 'Tiền Giang\n', 0),
(3489, 106, 187, 'Lớp CTXH 2006, ĐH Đồng Tháp\n', 0),
(3490, 104, 187, '', 0),
(3491, 105, 187, '0918 769 322', 0),
(3492, 103, 187, 'vothibichle@gmail.com', 0),
(3493, 102, 187, '18/04/2010', 0),
(3494, 82, 187, '155', 0),
(3495, 92, 187, 'Công tác xã hội', 0),
(3496, 83, 187, '160', 0),
(3497, 90, 187, '', 0),
(3498, 91, 187, '', 0),
(3499, 85, 187, '476', 0),
(3500, 86, 187, '219', 0),
(3501, 93, 187, '267', 0),
(3502, 93, 187, '517', 0),
(3503, 114, 187, '', 0),
(3504, 88, 187, '304', 0),
(3505, 112, 188, ' Huỳnh Trúc Lâm', 0),
(3506, 110, 188, '1987', 0),
(3507, 109, 188, '460', 0),
(3508, 108, 188, '457', 0),
(3509, 107, 188, 'Bến Tre\n', 0),
(3510, 106, 188, 'F.Thới An, Q.12\n', 0),
(3511, 104, 188, '', 0),
(3512, 105, 188, '01225 193 558', 0),
(3513, 103, 188, '', 0),
(3514, 102, 188, '18/04/2010', 0),
(3515, 19, 188, '75', 0),
(3516, 82, 188, '149', 0),
(3517, 92, 188, 'Điện tử', 0),
(3518, 83, 188, '164', 0),
(3519, 90, 188, '', 0),
(3520, 91, 188, '', 0),
(3521, 86, 188, '219', 0),
(3522, 114, 188, '', 0),
(3523, 112, 189, 'Dương Anh Mỹ', 0),
(3524, 110, 189, '1987', 0),
(3525, 109, 189, '460', 0),
(3526, 108, 189, '457', 0),
(3527, 107, 189, '110 Lô D, chung cư Cô Giang, F.Cô Giang, Q.1\n', 0),
(3528, 106, 189, '110 Lô D, chung cư Cô Giang, F.Cô Giang, Q.1\n', 0),
(3529, 104, 189, '', 0),
(3530, 105, 189, '01694 361 758 ', 0),
(3531, 103, 189, 'mrduongnguyentran@gmail.com', 0),
(3532, 102, 189, '18/04/2010', 0),
(3533, 19, 189, '75', 0),
(3534, 20, 189, '233', 0),
(3535, 82, 189, '154', 0),
(3536, 92, 189, 'CNTT', 0),
(3537, 83, 189, '165', 0),
(3538, 90, 189, 'CĐ Cao Thắng, ĐH Văn Lang', 0),
(3539, 91, 189, '', 0),
(3540, 86, 189, '219', 0),
(3541, 93, 189, '520', 0),
(3542, 114, 189, '', 0),
(3543, 88, 189, '296', 1),
(3544, 112, 190, 'Võ Thị Thu Thủy', 0),
(3545, 110, 190, '1982', 0),
(3546, 109, 190, '460', 0),
(3547, 108, 190, '458', 0),
(3548, 107, 190, 'Khánh Hòa\n', 0),
(3549, 106, 190, '275/58 Bạch Đằng, F.15, Q.Bình Tân\n', 0),
(3550, 104, 190, '', 0),
(3551, 105, 190, '0938 610 488', 0),
(3552, 103, 190, 'thuthuyvo1982@yahoo.com', 0),
(3553, 102, 190, '18/04/2010', 0),
(3554, 19, 190, '75', 0),
(3555, 20, 190, '232', 0),
(3556, 82, 190, '155', 0),
(3557, 92, 190, 'Kế toán', 0),
(3558, 83, 190, '165', 0),
(3559, 90, 190, 'ĐHQG-Khoa KT', 0),
(3560, 91, 190, '', 0),
(3561, 85, 190, '494', 0),
(3562, 86, 190, '219', 0),
(3563, 114, 190, '', 0),
(3564, 112, 191, 'Hồ Duy Trinh', 0),
(3565, 110, 191, '1984', 0),
(3566, 109, 191, '460', 0),
(3567, 108, 191, '457', 0),
(3568, 107, 191, 'Nghệ An\n', 0),
(3569, 106, 191, '', 0),
(3570, 104, 191, '', 0),
(3571, 105, 191, '0976 746 276', 0),
(3572, 103, 191, 'chicomottrendoi_1984@yahoo.com', 0),
(3573, 102, 191, '18/04/2010', 0),
(3574, 19, 191, '73', 1),
(3575, 20, 191, '114', 0),
(3576, 82, 191, '155', 0),
(3577, 92, 191, 'Lập trình viên, điện tử tin học', 0),
(3578, 83, 191, '165', 0),
(3579, 90, 191, '', 0),
(3580, 91, 191, '', 0),
(3581, 85, 191, '194', 0),
(3582, 85, 191, '470', 0),
(3583, 86, 191, '219', 0),
(3584, 93, 191, '271', 0),
(3585, 93, 191, '276', 0),
(3586, 93, 191, '520', 0),
(3587, 93, 191, '523', 0),
(3588, 114, 191, '', 0),
(3589, 88, 191, '296', 1),
(3590, 112, 192, 'Lê Thanh Vũ', 0),
(3591, 110, 192, '1980', 0),
(3592, 109, 192, '460', 0),
(3593, 108, 192, '457', 0),
(3594, 107, 192, '130/64 Nguyễn Văn Luông, F.10, Q.6\n', 0),
(3595, 106, 192, '130/64 Nguyễn Văn Luông, F.10, Q.6\n', 0),
(3596, 104, 192, '', 0),
(3597, 105, 192, '0907 324 275', 0),
(3598, 103, 192, '', 0),
(3599, 102, 192, '18/04/2010', 0),
(3600, 19, 192, '75', 0),
(3601, 20, 192, '235', 0),
(3602, 82, 192, '153', 0),
(3603, 92, 192, 'Thiết kế QC, kinh doanh', 0),
(3604, 83, 192, '164', 0),
(3605, 90, 192, '', 0),
(3606, 91, 192, '', 0),
(3607, 85, 192, '218', 0),
(3608, 86, 192, '219', 0),
(3609, 93, 192, '499', 0),
(3610, 93, 192, '511', 0),
(3611, 114, 192, '', 0),
(3612, 88, 192, '300', 0),
(3613, 112, 193, 'Lê Thị Mỹ Dung', 0),
(3614, 110, 193, '1987', 0),
(3615, 109, 193, '460', 0),
(3616, 108, 193, '458', 0),
(3617, 107, 193, '14/3/7 , đường số 4 , F. HBC, Q. TĐ\n', 0),
(3618, 106, 193, '14/3/7 , đường số 4 , F. HBC, Q. TĐ\n', 0),
(3619, 104, 193, '', 0),
(3620, 105, 193, '0907392394', 0),
(3621, 103, 193, 'thatqay_sieuquay@yahoo.com', 0),
(3622, 102, 193, '18/04/2010', 0),
(3623, 19, 193, '75', 0),
(3624, 20, 193, '233', 0),
(3625, 82, 193, '154', 0),
(3626, 92, 193, 'Kế toán, họa viên kiến trúc, Corel - phtoshop', 0),
(3627, 83, 193, '165', 0),
(3628, 90, 193, '', 0),
(3629, 91, 193, '', 0),
(3630, 86, 193, '219', 0),
(3631, 93, 193, '265', 1),
(3632, 114, 193, '', 0),
(3633, 112, 194, 'Nguyễn Thành Tín', 0),
(3634, 110, 194, '1958', 0),
(3635, 109, 194, '462', 0),
(3636, 108, 194, '457', 0),
(3637, 107, 194, 'Bến Tre\n', 0),
(3638, 106, 194, '65 đường 7, F. Bình An , Q.2\n', 0),
(3639, 104, 194, '', 0),
(3640, 105, 194, '0913847124', 0),
(3641, 103, 194, 'thanhtin_bt@yahoo.com.vn', 0),
(3642, 102, 194, '18/04/2010', 0),
(3643, 19, 194, '75', 0),
(3644, 20, 194, '233', 0),
(3645, 82, 194, '149', 0),
(3646, 92, 194, 'Kỹ thuật dựng phim', 0),
(3647, 83, 194, '160', 0),
(3648, 90, 194, '', 0),
(3649, 91, 194, '', 0),
(3650, 86, 194, '219', 0),
(3651, 93, 194, '521', 0),
(3652, 114, 194, '', 0),
(3653, 112, 195, 'Vũ Văn Trương', 0),
(3654, 110, 195, '1989', 0),
(3655, 109, 195, '460', 0),
(3656, 108, 195, '457', 0),
(3657, 107, 195, 'Nam Định\n', 0),
(3658, 106, 195, '', 0),
(3659, 104, 195, '', 0),
(3660, 105, 195, '0977636523', 0),
(3661, 103, 195, 'vantruong@gmail.com', 0),
(3662, 102, 195, '18/04/2010', 0),
(3663, 19, 195, '75', 0),
(3664, 20, 195, '235', 0),
(3665, 82, 195, '149', 0),
(3666, 92, 195, 'Hoa viên kiến trúc', 0),
(3667, 83, 195, '160', 0),
(3668, 90, 195, '', 0),
(3669, 91, 195, '', 0),
(3670, 85, 195, '483', 0),
(3671, 86, 195, '219', 0),
(3672, 93, 195, '510', 0),
(3673, 114, 195, '', 0),
(3674, 112, 196, 'Nguyễn Thị Bon', 0),
(3675, 110, 196, '1983', 0),
(3676, 109, 196, '460', 0),
(3677, 108, 196, '458', 0),
(3678, 107, 196, 'Long An\n', 0),
(3679, 106, 196, '9/153 KP6, F.HBC, Q. Thủ Đức\n', 0),
(3680, 104, 196, '', 0),
(3681, 105, 196, '01653593553', 0),
(3682, 103, 196, 'anbonnguyen@gmail.com', 0),
(3683, 102, 196, '18/04/2010', 0),
(3684, 19, 196, '75', 0),
(3685, 82, 196, '149', 0),
(3686, 92, 196, 'Đồ họa', 0),
(3687, 83, 196, '160', 0),
(3688, 90, 196, '', 0),
(3689, 91, 196, '', 0),
(3690, 86, 196, '219', 0),
(3691, 93, 196, '520', 0),
(3692, 93, 196, '521', 0),
(3693, 114, 196, '', 0),
(3694, 112, 197, 'Nguyễn Văn Quí', 0),
(3695, 110, 197, '1987', 0),
(3696, 109, 197, '460', 0),
(3697, 108, 197, '457', 0),
(3698, 107, 197, 'Đồng Tháp\n', 0),
(3699, 106, 197, 'Ấp 1 , Mỹ Đông , Tháp Mười , Đồng Tháp \n', 0),
(3700, 104, 197, '', 0),
(3701, 105, 197, '01696842593', 0),
(3702, 103, 197, 'nguyenvanquicntt05@gmail.com', 0),
(3703, 102, 197, '18/04/2010', 0),
(3704, 19, 197, '75', 0),
(3705, 82, 197, '155', 0),
(3706, 92, 197, 'Công nghệ thông tin', 0),
(3707, 83, 197, '165', 0),
(3708, 90, 197, 'ĐH Đồng Tháp', 0),
(3709, 91, 197, '', 0),
(3710, 86, 197, '219', 0),
(3711, 93, 197, '520', 0),
(3712, 114, 197, '', 0),
(3713, 88, 197, '296', 1),
(3714, 112, 198, 'Dương Hiền Vương', 0),
(3715, 110, 198, '1987', 0),
(3716, 109, 198, '460', 0),
(3717, 108, 198, '457', 0),
(3718, 107, 198, '27/28 Phan Sào Nam , F.11 , Q.TB\n', 0),
(3719, 106, 198, '27/28 Phan Sào Nam , F.11 , Q.TB\n', 0),
(3720, 104, 198, '', 0),
(3721, 105, 198, '01224985551', 0),
(3722, 103, 198, 'mr_luom1709@yahoo.com', 0),
(3723, 102, 198, '18/04/2010', 0),
(3724, 19, 198, '75', 0),
(3725, 20, 198, '232', 0),
(3726, 82, 198, '155', 0),
(3727, 92, 198, 'Thiết kế quảng cáo ', 0),
(3728, 83, 198, '165', 0),
(3729, 90, 198, 'ĐH Văn Lang', 0),
(3730, 91, 198, '', 0),
(3731, 86, 198, '219', 0),
(3732, 114, 198, '', 0),
(3733, 88, 198, '300', 0),
(3734, 112, 199, 'Nguyễn Thanh Tùng', 0),
(3735, 110, 199, '1979', 0),
(3736, 109, 199, '461', 0),
(3737, 108, 199, '457', 0),
(3738, 107, 199, 'Bến Tre\n', 0),
(3739, 106, 199, '71/3 Bùi Đình Túy , F12 , Q BT\n', 0),
(3740, 104, 199, '', 0),
(3741, 105, 199, '0907859934', 0),
(3742, 103, 199, 'tungnguyen996@gmail.com', 0),
(3743, 102, 199, '18/04/2010', 0),
(3744, 19, 199, '75', 0),
(3745, 20, 199, '233', 0),
(3746, 82, 199, '155', 0),
(3747, 92, 199, 'Thiết kế đồ họa', 0),
(3748, 83, 199, '165', 0),
(3749, 90, 199, 'ĐH DL V.Lang', 0),
(3750, 91, 199, '', 0),
(3751, 86, 199, '219', 0),
(3752, 114, 199, '', 0),
(3753, 88, 199, '300', 0),
(3754, 112, 200, 'Đặng Hữu Phúc', 0),
(3755, 110, 200, '1987', 0),
(3756, 109, 200, '460', 0),
(3757, 108, 200, '457', 0),
(3758, 107, 200, 'BR - VT\n', 0),
(3759, 106, 200, 'Bàu Chinh - Châu Đức - BRVT\n', 0),
(3760, 104, 200, '', 0),
(3761, 105, 200, '0988442851', 0),
(3762, 103, 200, '', 0),
(3763, 102, 200, '18/04/2010', 0),
(3764, 82, 200, '149', 0),
(3765, 92, 200, 'Thiết kế quảng cáo', 0),
(3766, 83, 200, '160', 0),
(3767, 90, 200, '', 0),
(3768, 91, 200, '', 0),
(3769, 86, 200, '219', 0),
(3770, 114, 200, '', 0),
(3771, 112, 201, 'Phạm Văn Dũng', 0),
(3772, 110, 201, '1984', 0),
(3773, 109, 201, '460', 0),
(3774, 108, 201, '457', 0),
(3775, 107, 201, '60 A đường Cây Keo , F. Tân Phú\n', 0),
(3776, 106, 201, '60 A đường Cây Keo , F. Tân Phú\n', 0),
(3777, 104, 201, '', 0),
(3778, 105, 201, '01666665035', 0),
(3779, 103, 201, '', 0),
(3780, 102, 201, '', 0),
(3781, 19, 201, '75', 0),
(3782, 82, 201, '154', 0),
(3783, 92, 201, 'kế toán', 0),
(3784, 83, 201, '165', 0),
(3785, 90, 201, 'CĐ KT Kỹ Thuật', 0),
(3786, 91, 201, '', 0),
(3787, 85, 201, '188', 1),
(3788, 85, 201, '199', 1),
(3789, 86, 201, '219', 0),
(3790, 93, 201, '265', 1),
(3791, 114, 201, '', 0),
(3792, 112, 202, 'Vương Tiến Luận', 0),
(3793, 110, 202, '1986', 0),
(3794, 109, 202, '460', 0),
(3795, 108, 202, '457', 0),
(3796, 107, 202, '4405 Nguyễn Cửu Phú Bình Tân\n', 0),
(3797, 106, 202, '4405 Nguyễn Cửu Phú Bình Tân\n', 0),
(3798, 104, 202, '', 0),
(3799, 105, 202, '01265607170', 0),
(3800, 103, 202, 'tienluan1277@gmail.com', 0),
(3801, 102, 202, '18/04/2010', 0),
(3802, 19, 202, '75', 0),
(3803, 20, 202, '237', 0),
(3804, 82, 202, '151', 0),
(3805, 92, 202, '', 0),
(3806, 83, 202, '160', 0),
(3807, 90, 202, '', 0),
(3808, 91, 202, '', 0),
(3809, 86, 202, '219', 0),
(3810, 93, 202, '512', 0),
(3811, 114, 202, '', 0),
(3812, 112, 203, 'Nguyễn Quang Huy', 0),
(3813, 110, 203, '', 0),
(3814, 109, 203, '459', 0),
(3815, 108, 203, '457', 0),
(3816, 107, 203, '', 0),
(3817, 106, 203, '', 0),
(3818, 104, 203, '', 0),
(3819, 105, 203, '0917407583', 0),
(3820, 103, 203, '', 0),
(3821, 102, 203, '', 0),
(3822, 82, 203, '155', 0),
(3823, 92, 203, 'kỹ thuật lập trình', 0),
(3824, 83, 203, '165', 0),
(3825, 90, 203, '', 0),
(3826, 91, 203, '', 0),
(3827, 86, 203, '219', 0),
(3828, 114, 203, '', 0),
(3829, 112, 204, 'Đào Thành Phấn', 0),
(3830, 110, 204, '1985', 0),
(3831, 109, 204, '460', 0),
(3832, 108, 204, '457', 0),
(3833, 107, 204, 'Ninh Thuận\n', 0),
(3834, 106, 204, '217/10 A XVNT , F. 17 , Q. BT\n', 0),
(3835, 104, 204, '', 0),
(3836, 105, 204, '0932022512', 0),
(3837, 103, 204, '', 0),
(3838, 102, 204, '18/04/2010', 0),
(3839, 19, 204, '75', 0),
(3840, 20, 204, '233', 0),
(3841, 82, 204, '149', 0),
(3842, 92, 204, '', 0),
(3843, 83, 204, '160', 0),
(3844, 90, 204, '', 0),
(3845, 91, 204, '', 0),
(3846, 86, 204, '219', 0),
(3847, 114, 204, '', 0),
(3848, 112, 205, 'Nguyễn Thị Mỹ Lan', 0),
(3849, 110, 205, '1964', 0),
(3850, 109, 205, '462', 0),
(3851, 108, 205, '458', 0),
(3852, 107, 205, '', 0),
(3853, 106, 205, '', 0),
(3854, 104, 205, '', 0),
(3855, 105, 205, '0986489185', 0),
(3856, 103, 205, '', 0),
(3857, 102, 205, '18/04/2010', 0),
(3858, 82, 205, '149', 0),
(3859, 92, 205, '', 0),
(3860, 83, 205, '160', 0),
(3861, 90, 205, '', 0),
(3862, 91, 205, '', 0),
(3863, 86, 205, '219', 0),
(3864, 93, 205, '276', 0),
(3865, 114, 205, '', 0),
(3866, 112, 206, 'Trịnh Mỹ Hồng', 0),
(3867, 110, 206, '1988', 0),
(3868, 109, 206, '460', 0),
(3869, 108, 206, '458', 0),
(3870, 107, 206, '19 Ngô Đức Kế , F.12 , Q. BT\n', 0),
(3871, 106, 206, '19 Ngô Đức Kế , F.12 , Q. BT\n', 0),
(3872, 104, 206, '', 0),
(3873, 105, 206, '0986384571', 0),
(3874, 103, 206, '', 0),
(3875, 102, 206, '', 0),
(3876, 19, 206, '74', 0),
(3877, 19, 206, '75', 0),
(3878, 20, 206, '121', 0),
(3879, 82, 206, '153', 0),
(3880, 92, 206, 'Kế toán', 0),
(3881, 83, 206, '164', 0),
(3882, 90, 206, '', 0),
(3883, 91, 206, '', 0),
(3884, 86, 206, '219', 0),
(3885, 93, 206, '276', 0),
(3886, 114, 206, '', 0),
(3887, 112, 207, 'Đỗ Minh Đức ', 0),
(3888, 110, 207, '1957', 0),
(3889, 109, 207, '462', 0),
(3890, 108, 207, '457', 0),
(3891, 107, 207, '340 Nguyễn Trọng Tuyển\n', 0),
(3892, 106, 207, '340 Nguyễn Trọng Tuyển\n', 0),
(3893, 104, 207, '', 0),
(3894, 105, 207, '01214425607', 0),
(3895, 103, 207, '', 0),
(3896, 102, 207, '18/04/2010', 0),
(3897, 19, 207, '75', 0),
(3898, 20, 207, '232', 0),
(3899, 82, 207, '155', 0),
(3900, 92, 207, 'Kế toán', 0),
(3901, 83, 207, '165', 0),
(3902, 90, 207, 'ĐH TCKT', 0),
(3903, 91, 207, '', 0),
(3904, 85, 207, '188', 1),
(3905, 86, 207, '219', 0),
(3906, 93, 207, '265', 1),
(3907, 114, 207, '', 0),
(3908, 112, 208, 'Phạm Văn Cường', 0),
(3909, 110, 208, '1982', 0),
(3910, 109, 208, '460', 0),
(3911, 108, 208, '457', 0),
(3912, 107, 208, 'Tân Chánh Hiệp Q. 12\n', 0),
(3913, 106, 208, 'Tân Chánh Hiệp Q. 12\n', 0),
(3914, 104, 208, '', 0),
(3915, 105, 208, '0935580837', 0),
(3916, 103, 208, 'binhminh_qh@yahoo.com', 0),
(3917, 102, 208, '18/04/2010', 0),
(3918, 19, 208, '75', 0),
(3919, 82, 208, '155', 0),
(3920, 92, 208, 'Kế toán', 0),
(3921, 83, 208, '165', 0),
(3922, 90, 208, 'ĐH Qui Nhơn', 0),
(3923, 91, 208, '', 0),
(3924, 85, 208, '199', 0),
(3925, 86, 208, '219', 0),
(3926, 93, 208, '265', 1),
(3927, 114, 208, '', 0),
(3928, 112, 209, 'Huỳnh Thị Duy Trinh', 0),
(3929, 110, 209, '1982', 0),
(3930, 109, 209, '460', 0),
(3931, 108, 209, '458', 0),
(3932, 107, 209, 'Đà Nẵng\n', 0),
(3933, 106, 209, 'Đà Nẵng\n', 0),
(3934, 104, 209, '', 0),
(3935, 105, 209, '0934805117', 0),
(3936, 103, 209, '', 0),
(3937, 102, 209, '18/04/2010', 0),
(3938, 82, 209, '155', 0),
(3939, 92, 209, 'Tiếng Anh', 0),
(3940, 83, 209, '165', 0),
(3941, 90, 209, 'ĐH Đà Nẵng', 0),
(3942, 91, 209, '', 0),
(3943, 86, 209, '219', 0),
(3944, 114, 209, '', 0),
(3945, 112, 210, 'Trần Thị Mỹ Trinh', 0),
(3946, 110, 210, '1985', 0),
(3947, 109, 210, '460', 0),
(3948, 108, 210, '458', 0),
(3949, 107, 210, 'Đồng Nai\n', 0),
(3950, 106, 210, '98 Trần Phú - TX Long Khánh\n', 0),
(3951, 104, 210, '', 0),
(3952, 105, 210, '01212042506', 0),
(3953, 103, 210, '', 0),
(3954, 102, 210, '18/04/2010', 0),
(3955, 19, 210, '75', 0),
(3956, 20, 210, '123', 0),
(3957, 82, 210, '153', 0),
(3958, 92, 210, 'Chế biến thực phẩm', 0),
(3959, 83, 210, '164', 0),
(3960, 90, 210, '', 0),
(3961, 91, 210, '', 0),
(3962, 86, 210, '219', 0),
(3963, 114, 210, '', 0),
(3964, 112, 211, 'Nguyễn Hoàng Hải', 0),
(3965, 110, 211, '1989', 0),
(3966, 109, 211, '460', 0),
(3967, 108, 211, '457', 0),
(3968, 107, 211, '549/86 Nguyễn Đình Chiểu, F.12 ,Q 3\n', 0),
(3969, 106, 211, '549/86 Nguyễn Đình Chiểu, F.12 ,Q 3\n', 0),
(3970, 104, 211, '38359769', 0),
(3971, 105, 211, '', 0),
(3972, 103, 211, '', 0),
(3973, 102, 211, '', 0),
(3974, 19, 211, '463', 0),
(3975, 20, 211, '244', 0),
(3976, 82, 211, '149', 0),
(3977, 92, 211, '', 0),
(3978, 83, 211, '160', 0),
(3979, 90, 211, '', 0),
(3980, 91, 211, '', 0),
(3981, 86, 211, '219', 0),
(3982, 114, 211, '', 0),
(3983, 112, 212, 'Ngô Quốc Hòa', 0),
(3984, 110, 212, '1979', 0),
(3985, 109, 212, '461', 0),
(3986, 108, 212, '457', 0),
(3987, 107, 212, 'Hà Nội\n', 0),
(3988, 106, 212, '500/66/10 Đoàn Văn Bơ , F14 . Q 4\n', 0),
(3989, 104, 212, '', 0),
(3990, 105, 212, '', 0),
(3991, 103, 212, '', 0),
(3992, 102, 212, '19/04/2010', 0),
(3993, 19, 212, '73', 1),
(3994, 82, 212, '149', 0),
(3995, 92, 212, 'Đồ họa', 0),
(3996, 83, 212, '160', 0),
(3997, 90, 212, '', 0),
(3998, 91, 212, '', 0),
(3999, 86, 212, '219', 0),
(4000, 114, 212, '', 0),
(4001, 88, 212, '300', 0),
(4002, 112, 213, 'Hồ Văn Thiên', 0),
(4003, 110, 213, '1982', 0),
(4004, 109, 213, '460', 0),
(4005, 108, 213, '457', 0),
(4006, 107, 213, 'Quảng Trị\n', 0),
(4007, 106, 213, '180 A Dương Quảng Hàm , F 5 , Q. GV\n', 0),
(4008, 104, 213, '0533605016', 0),
(4009, 105, 213, '', 0),
(4010, 103, 213, 'thienho18@yahoo.com', 0),
(4011, 102, 213, '', 0),
(4012, 19, 213, '75', 0),
(4013, 20, 213, '233', 0),
(4014, 82, 213, '149', 0),
(4015, 92, 213, 'Đồ họa', 0),
(4016, 83, 213, '160', 0),
(4017, 90, 213, '', 0),
(4018, 91, 213, '', 0),
(4019, 86, 213, '219', 0),
(4020, 114, 213, '', 0),
(4021, 88, 213, '300', 0),
(4022, 112, 214, 'Trần Văn Tuấn', 0),
(4023, 110, 214, '1985', 0),
(4024, 109, 214, '460', 0),
(4025, 108, 214, '457', 0),
(4026, 107, 214, '', 0),
(4027, 106, 214, '182/11 ấp Long Đức 1 Tam Phước Long , Long Thành\n', 0),
(4028, 104, 214, '', 0),
(4029, 105, 214, '01645157187', 0),
(4030, 103, 214, 'trantuan1557@yahoo.com', 0),
(4031, 102, 214, '06/05/2010', 0),
(4032, 19, 214, '75', 0),
(4033, 20, 214, '233', 0),
(4034, 82, 214, '149', 0),
(4035, 92, 214, '', 0),
(4036, 83, 214, '160', 0),
(4037, 90, 214, '', 0),
(4038, 91, 214, '', 0),
(4039, 86, 214, '219', 0),
(4040, 114, 214, '', 0),
(4041, 94, 214, '320', 0),
(4042, 0, 215, '', 0),
(4043, 0, 215, '', 0),
(4044, 0, 215, '459', 0),
(4045, 0, 215, '457', 0),
(4046, 0, 215, '', 0),
(4047, 0, 215, '', 0),
(4048, 0, 215, '', 0),
(4049, 0, 215, '', 0),
(4050, 0, 215, '', 0),
(4051, 0, 215, '', 0),
(4052, 0, 215, '149', 0),
(4053, 0, 215, '', 0),
(4054, 0, 215, '160', 0),
(4055, 0, 215, '', 0),
(4056, 0, 215, '', 0),
(4057, 0, 215, '219', 0),
(4058, 0, 215, '', 0),
(4059, 0, 216, 'Vũ Thị Tâm', 0),
(4060, 0, 216, '1983', 0),
(4061, 0, 216, '460', 0),
(4062, 0, 216, '458', 0),
(4063, 0, 216, '\n', 0),
(4064, 0, 216, '60 Trần Chánh Chiếu,P.14,Q.5', 0),
(4065, 0, 216, '', 0),
(4066, 0, 216, '091.9411.646', 0),
(4067, 0, 216, 'dieuhau83@yahoo.com', 0),
(4068, 0, 216, '18/05/2010', 0),
(4069, 0, 216, '149', 0),
(4070, 0, 216, '', 0),
(4071, 0, 216, '160', 0),
(4072, 0, 216, '', 0),
(4073, 0, 216, '', 0),
(4074, 0, 216, '219', 0),
(4075, 0, 216, '', 0),
(4076, 0, 217, 'Vũ Thị Tâm', 0),
(4077, 0, 217, '1983', 0),
(4078, 0, 217, '460', 0),
(4079, 0, 217, '458', 0),
(4080, 0, 217, '', 0),
(4081, 0, 217, '60 Trần Chánh Chiếu,P.14,Q.5\n', 0),
(4082, 0, 217, '', 0),
(4083, 0, 217, '091.9411.646 ( Vân )', 0),
(4084, 0, 217, 'dieuhau83@yahoo.com', 0),
(4085, 0, 217, '18/05/2010', 0),
(4086, 0, 217, '73', 1),
(4087, 0, 217, '149', 0),
(4088, 0, 217, '', 0),
(4089, 0, 217, '160', 0),
(4090, 0, 217, '', 0),
(4091, 0, 217, '', 0),
(4092, 0, 217, '219', 0),
(4093, 0, 217, '', 0),
(4094, 0, 218, 'Vũ Thị Tâm', 0),
(4095, 0, 218, '1983', 0),
(4096, 0, 218, '460', 0),
(4097, 0, 218, '458', 0),
(4098, 0, 218, '', 0),
(4099, 0, 218, '60 Trần Chánh Chiếu,P.14,Q.5\n', 0),
(4100, 0, 218, '', 0),
(4101, 0, 218, '091.9411.646 ( Vân )', 0),
(4102, 0, 218, 'dieuhau83@yahoo.com', 0),
(4103, 0, 218, '18/05/2010', 0),
(4104, 0, 218, '73', 1),
(4105, 0, 218, '149', 0),
(4106, 0, 218, '', 0),
(4107, 0, 218, '160', 0),
(4108, 0, 218, '', 0),
(4109, 0, 218, '', 0),
(4110, 0, 218, '219', 0),
(4111, 0, 218, '', 0),
(4112, 112, 219, 'Vũ Thị Tâm', 0),
(4113, 110, 219, '1983', 0),
(4114, 109, 219, '460', 0),
(4115, 108, 219, '458', 0),
(4116, 107, 219, '', 0),
(4117, 106, 219, '60 Trần Chánh Chiếu,P.14,Q.5\n', 0),
(4118, 104, 219, '', 0),
(4119, 105, 219, '091.9411.646 ( Vân )', 0),
(4120, 103, 219, 'dieuhau83@yahoo.com', 0),
(4121, 102, 219, '18/05/2010', 0),
(4122, 19, 219, '73', 1),
(4123, 82, 219, '149', 0),
(4124, 92, 219, '', 0),
(4125, 83, 219, '160', 0),
(4126, 90, 219, '', 0),
(4127, 91, 219, '', 0),
(4128, 86, 219, '219', 0),
(4129, 114, 219, '', 0),
(4130, 112, 220, 'Huỳnh Văn Chuẩn', 0),
(4131, 110, 220, '1977', 0),
(4132, 109, 220, '461', 0),
(4133, 108, 220, '457', 0),
(4134, 107, 220, 'Quận 12\n', 0),
(4135, 106, 220, 'Quận 12\n', 0),
(4136, 104, 220, '', 0),
(4137, 105, 220, '090.742.9963', 0),
(4138, 103, 220, 'chuanbmmk@yahoo.com', 0),
(4139, 102, 220, '18/05/2010', 0),
(4140, 19, 220, '75', 0),
(4141, 20, 220, '234', 0),
(4142, 113, 220, '539', 1),
(4143, 82, 220, '155', 0),
(4144, 92, 220, 'Kinh tế', 0),
(4145, 83, 220, '165', 0),
(4146, 90, 220, 'Đại học Cần Thơ', 0),
(4147, 91, 220, '', 0),
(4148, 86, 220, '219', 0),
(4149, 93, 220, '265', 1),
(4150, 93, 220, '276', 1),
(4151, 114, 220, '', 0),
(4152, 88, 220, '297', 0),
(4153, 88, 220, '298', 0),
(4154, 88, 220, '299', 0),
(4155, 112, 221, 'Lâm Thanh Bình ', 0),
(4156, 110, 221, '1977', 0),
(4157, 109, 221, '461', 0),
(4158, 108, 221, '457', 0),
(4159, 107, 221, '', 0),
(4160, 106, 221, 'Đang ở Hà Nội\n', 0),
(4161, 104, 221, '', 0),
(4162, 105, 221, '090.761.6939', 0),
(4163, 103, 221, 'thanhbinhsifa@yahoo.com', 0),
(4164, 102, 221, '19/05/2010', 0),
(4165, 82, 221, '155', 0),
(4166, 92, 221, 'IT', 0),
(4167, 83, 221, '165', 0),
(4168, 90, 221, 'Nhật', 0),
(4169, 91, 221, '', 0),
(4170, 86, 221, '219', 0),
(4171, 114, 221, '', 0),
(4172, 112, 222, 'Huỳnh Thị Cẩm Thúy', 0),
(4173, 110, 222, '1989', 0),
(4174, 109, 222, '460', 0),
(4175, 108, 222, '458', 0),
(4176, 107, 222, '', 0),
(4177, 106, 222, 'Quận 12\n', 0),
(4178, 104, 222, '', 0),
(4179, 105, 222, '', 0),
(4180, 103, 222, 'huynh.camthuy@yahoo.com', 0),
(4181, 102, 222, '20/05/2010', 0),
(4182, 19, 222, '75', 0),
(4183, 20, 222, '233', 0),
(4184, 113, 222, '539', 1),
(4185, 82, 222, '153', 0),
(4186, 92, 222, 'Kế Toán', 0),
(4187, 83, 222, '164', 0),
(4188, 90, 222, 'Trường Công Nghệ Thực Phẩm', 0),
(4189, 91, 222, '', 0),
(4190, 86, 222, '219', 0),
(4191, 114, 222, '', 0),
(4192, 112, 223, 'Vũ Đình Trung', 0),
(4193, 110, 223, '1981', 0),
(4194, 109, 223, '460', 0),
(4195, 108, 223, '457', 0),
(4196, 107, 223, '721/14 A P.26, Quận Bình Thạnh\n', 0),
(4197, 106, 223, '', 0),
(4198, 104, 223, '', 0),
(4199, 105, 223, '0164.6591.488', 0),
(4200, 103, 223, '', 0),
(4201, 102, 223, '20/05/2010', 0),
(4202, 21, 223, '131', 0),
(4203, 82, 223, '149', 0),
(4204, 92, 223, '', 0),
(4205, 83, 223, '160', 0),
(4206, 90, 223, '', 0),
(4207, 91, 223, '', 0),
(4208, 86, 223, '219', 0),
(4209, 114, 223, '', 0),
(4210, 112, 224, 'Lê Hải Đăng', 0),
(4211, 110, 224, '1987', 0),
(4212, 109, 224, '460', 0),
(4213, 108, 224, '457', 0),
(4214, 107, 224, 'Đồng Nai\n', 0),
(4215, 106, 224, '', 0),
(4216, 104, 224, '', 0),
(4217, 105, 224, '', 0),
(4218, 103, 224, 'mr.dpro@yahoo.com', 0),
(4219, 102, 224, '20/05/2010', 0),
(4220, 19, 224, '75', 0),
(4221, 20, 224, '232', 0),
(4222, 113, 224, '535', 0),
(4223, 82, 224, '153', 0),
(4224, 92, 224, 'Kỹ thuật máy tính', 0),
(4225, 83, 224, '164', 0),
(4226, 90, 224, '', 0),
(4227, 91, 224, '', 0),
(4228, 86, 224, '219', 0),
(4229, 114, 224, '', 0),
(4230, 112, 225, 'Phạm Minh Hóa', 0),
(4231, 110, 225, '1990', 0),
(4232, 109, 225, '459', 0),
(4233, 108, 225, '457', 0),
(4234, 107, 225, 'Ấp 1, xã Phước Đông- Cần Đước- Long An\n', 0),
(4235, 106, 225, '', 0),
(4236, 104, 225, '', 0),
(4237, 105, 225, '0121.741.6032 hoặc 0922.0520.99', 0),
(4238, 103, 225, '', 0),
(4239, 102, 225, '25/05/2010', 0),
(4240, 19, 225, '75', 0),
(4241, 20, 225, '232', 0),
(4242, 113, 225, '535', 0),
(4243, 82, 225, '153', 0),
(4244, 92, 225, 'Tranh ghép gỗ', 0),
(4245, 83, 225, '164', 0),
(4246, 90, 225, 'Trường dạy nghề Hóc Môn', 0),
(4247, 91, 225, '', 0),
(4248, 86, 225, '219', 0),
(4249, 114, 225, '', 0),
(4250, 112, 226, 'Nguyễn Văn Lo', 0),
(4251, 110, 226, '1990', 0),
(4252, 109, 226, '459', 0),
(4253, 108, 226, '457', 0),
(4254, 107, 226, 'Tổ 5, ấp 1, Xuân Hưng, Xuân Lộc, Đồng Nai\n', 0),
(4255, 106, 226, 'Phường Hiệp Thành, Thủ Dầu Một\n', 0),
(4256, 104, 226, '', 0),
(4257, 105, 226, '0955.622.857 Hoặc 0168.2268.363', 0),
(4258, 103, 226, '', 0),
(4259, 102, 226, '25/05/2010', 0),
(4260, 19, 226, '75', 0),
(4261, 82, 226, '153', 0),
(4262, 92, 226, 'Tranh ghép gỗ', 0),
(4263, 83, 226, '164', 0),
(4264, 90, 226, 'Trường dạy nghề Hóc Môn', 0),
(4265, 91, 226, '', 0),
(4266, 86, 226, '219', 0),
(4267, 114, 226, '', 0),
(4268, 112, 227, 'Nguyễn Thanh Thủy', 0),
(4269, 110, 227, '1986', 0),
(4270, 109, 227, '460', 0),
(4271, 108, 227, '458', 0),
(4272, 107, 227, '192 A Nguyễn Thị Định ( Đường 32)\n', 0),
(4273, 106, 227, '192 A Nguyễn Thị Định, Q.2, TP.HCM\n\n', 0),
(4274, 104, 227, '540.27459', 0),
(4275, 105, 227, '', 0),
(4276, 103, 227, '', 0),
(4277, 102, 227, '05/06/2010', 0),
(4278, 19, 227, '75', 0),
(4279, 20, 227, '233', 0),
(4280, 21, 227, '139', 0),
(4281, 82, 227, '151', 0),
(4282, 92, 227, 'Đang Học Đồ họa', 0),
(4283, 83, 227, '160', 0),
(4284, 90, 227, '', 0),
(4285, 91, 227, '', 0),
(4286, 86, 227, '219', 0),
(4287, 114, 227, '', 0),
(4288, 88, 227, '297', 0),
(4289, 88, 227, '298', 0),
(4290, 112, 228, 'Nguyễn Cảnh Hữu', 0),
(4291, 110, 228, '1960', 0),
(4292, 109, 228, '461', 0),
(4293, 108, 228, '457', 0),
(4294, 107, 228, '285/94F CMT8, P12, Q.10\n', 0),
(4295, 106, 228, '', 0),
(4296, 104, 228, '0838.625.664', 0),
(4297, 105, 228, '', 0),
(4298, 103, 228, '', 0),
(4299, 102, 228, '08/06/2010', 0),
(4300, 19, 228, '75', 0),
(4301, 20, 228, '235', 0),
(4302, 21, 228, '138', 0),
(4303, 82, 228, '153', 0),
(4304, 92, 228, 'Kế Toán', 0),
(4305, 83, 228, '164', 0),
(4306, 90, 228, 'Thương nghiệp Vũng tàu', 0),
(4307, 91, 228, '', 0),
(4308, 86, 228, '219', 0),
(4309, 93, 228, '265', 1),
(4310, 93, 228, '510', 1),
(4311, 114, 228, '', 0),
(4312, 94, 228, '320', 0),
(4313, 112, 229, 'Nguyễn Văn Trường', 0),
(4314, 110, 229, '1984', 0),
(4315, 109, 229, '460', 0),
(4316, 108, 229, '457', 0),
(4317, 107, 229, '44 tổ 14,xã bến tre, thị xã long khánh\n', 0),
(4318, 106, 229, '71/3 KP4,hẻm 274, Q.Bình thạnh\n', 0),
(4319, 104, 229, '', 0),
(4320, 105, 229, '0127.3000.057', 0),
(4321, 103, 229, '', 0),
(4322, 102, 229, '08/06/2010', 0),
(4323, 19, 229, '75', 0),
(4324, 20, 229, '232', 0),
(4325, 21, 229, '139', 0),
(4326, 82, 229, '155', 0),
(4327, 92, 229, 'Họa viên kiến trúc', 0),
(4328, 83, 229, '165', 0),
(4329, 90, 229, 'Đại học Văn Lang', 0),
(4330, 91, 229, '', 0),
(4331, 86, 229, '219', 0),
(4332, 93, 229, '510', 0),
(4333, 114, 229, '', 0),
(4334, 88, 229, '300', 0),
(4335, 112, 230, 'Trần Thị Ngọc Tuyền', 0),
(4336, 110, 230, '1990', 0),
(4337, 109, 230, '459', 0),
(4338, 108, 230, '458', 0),
(4339, 107, 230, 'Ấp Phú Mỹ 1- xã Đồng phú - Long Hồ- Vĩnh long\n', 0),
(4340, 106, 230, '', 0),
(4341, 104, 230, '', 0),
(4342, 105, 230, '0168.863.795', 0),
(4343, 103, 230, '', 0),
(4344, 102, 230, '04/06/2010', 0),
(4345, 19, 230, '74', 0),
(4346, 20, 230, '121', 0),
(4347, 82, 230, '149', 0),
(4348, 92, 230, '', 0),
(4349, 83, 230, '160', 0),
(4350, 90, 230, '', 0),
(4351, 91, 230, '', 0),
(4352, 86, 230, '219', 0),
(4353, 93, 230, '293', 0),
(4354, 114, 230, '', 0),
(4355, 112, 231, 'Dương Đình Thảo Phương', 0),
(4356, 110, 231, '1982', 0),
(4357, 109, 231, '460', 0),
(4358, 108, 231, '458', 0),
(4359, 107, 231, '', 0),
(4360, 106, 231, 'KTX Trường cao đẳng nghề Q.3\n', 0),
(4361, 104, 231, '', 0),
(4362, 105, 231, '098.603.6006', 0),
(4363, 103, 231, 'thaobang_chaudoc@yahoo.com', 0),
(4364, 102, 231, '05/06/2010', 0),
(4365, 113, 231, '536', 0),
(4366, 82, 231, '153', 0),
(4367, 92, 231, 'Đồ họa', 0),
(4368, 83, 231, '164', 0),
(4369, 90, 231, 'Cao đẳng nghề Q.9', 0),
(4370, 91, 231, '', 0),
(4371, 85, 231, '468', 0),
(4372, 85, 231, '493', 0),
(4373, 86, 231, '219', 0),
(4374, 114, 231, '', 0),
(4375, 112, 232, 'Nguyễn Vũ Lê Bình', 0),
(4376, 110, 232, '1991', 0),
(4377, 109, 232, '459', 0),
(4378, 108, 232, '457', 0),
(4379, 107, 232, '\n', 0),
(4380, 106, 232, '', 0),
(4381, 104, 232, '', 0),
(4382, 105, 232, '093.8647.990', 0),
(4383, 103, 232, 'yoyo0786@yahoo.com', 0),
(4384, 102, 232, '07/06/2010', 0),
(4385, 19, 232, '77', 0),
(4386, 21, 232, '141', 0),
(4387, 82, 232, '149', 0),
(4388, 92, 232, '', 0),
(4389, 83, 232, '160', 0),
(4390, 90, 232, '', 0),
(4391, 91, 232, '', 0),
(4392, 86, 232, '219', 0),
(4393, 114, 232, 'Đi học nghề', 0),
(4394, 112, 233, 'Đặng Quốc Trưởng', 0),
(4395, 110, 233, '1986', 0),
(4396, 109, 233, '460', 0),
(4397, 108, 233, '457', 0),
(4398, 107, 233, 'Tuyên quang\n', 0),
(4399, 106, 233, '', 0),
(4400, 104, 233, '', 0),
(4401, 105, 233, '0169.5030.354', 0),
(4402, 103, 233, '', 0),
(4403, 102, 233, '09/06/2010', 0),
(4404, 19, 233, '75', 0),
(4405, 20, 233, '235', 0),
(4406, 21, 233, '139', 0),
(4407, 82, 233, '151', 0),
(4408, 92, 233, '', 0),
(4409, 83, 233, '160', 0),
(4410, 90, 233, '', 0),
(4411, 91, 233, '', 0),
(4412, 86, 233, '219', 0),
(4413, 114, 233, 'Học kế toán, IT, tiếng Anh tại Hà nội, Tuyên quang', 0),
(4414, 112, 234, 'Đinh Minh Thảo', 0),
(4415, 110, 234, '1989', 0),
(4416, 109, 234, '460', 0),
(4417, 108, 234, '458', 0),
(4418, 107, 234, '', 0),
(4419, 106, 234, '98/94/32 Thăng Long, P.5, Tân Bình\n', 0),
(4420, 104, 234, '3846.0733', 0),
(4421, 105, 234, '', 0),
(4422, 103, 234, '', 0),
(4423, 102, 234, '09/06/2010', 0),
(4424, 19, 234, '75', 0),
(4425, 20, 234, '232', 0),
(4426, 82, 234, '153', 0),
(4427, 92, 234, 'Kế Toán', 0),
(4428, 83, 234, '164', 0),
(4429, 90, 234, '', 0),
(4430, 91, 234, '', 0),
(4431, 86, 234, '219', 0),
(4432, 114, 234, '', 0),
(4433, 112, 235, 'Mai Thị Thanh Xuân', 0),
(4434, 110, 235, '1973', 0),
(4435, 109, 235, '461', 0),
(4436, 108, 235, '458', 0),
(4437, 107, 235, '35/71 Xã Xuân Thới Đông, Hóc Môn\n', 0),
(4438, 106, 235, '013 Lô F chung cư Lý thường kiệt,P.1 , Q.11\n', 0),
(4439, 104, 235, '', 0),
(4440, 105, 235, '090.845.4197', 0),
(4441, 103, 235, '', 0),
(4442, 102, 235, '09/06/2010', 0),
(4443, 19, 235, '109', 0),
(4444, 21, 235, '134', 0),
(4445, 82, 235, '151', 0),
(4446, 92, 235, '', 0),
(4447, 83, 235, '160', 0),
(4448, 90, 235, '', 0),
(4449, 91, 235, '', 0),
(4450, 86, 235, '219', 0),
(4451, 93, 235, '287', 0),
(4452, 114, 235, '', 0),
(4453, 112, 236, 'Nguyễn Trọng Tài', 0),
(4454, 110, 236, '1987', 0),
(4455, 109, 236, '460', 0),
(4456, 108, 236, '457', 0),
(4457, 107, 236, '', 0),
(4458, 106, 236, '384  Nhơn lộc 1- Phong điền- TP Cần thơ\n', 0),
(4459, 104, 236, '', 0),
(4460, 105, 236, '090.314.7918 ( Dì 2 Huệ) / 0121.946.9851', 0),
(4461, 103, 236, '', 0),
(4462, 102, 236, '11/06/2010', 0),
(4463, 19, 236, '74', 0),
(4464, 20, 236, '118', 0),
(4465, 21, 236, '139', 0),
(4466, 82, 236, '149', 0),
(4467, 92, 236, '', 0),
(4468, 83, 236, '160', 0),
(4469, 90, 236, '', 0),
(4470, 91, 236, '', 0),
(4471, 86, 236, '219', 0),
(4472, 114, 236, 'Muốn đi học nghề', 0),
(4473, 112, 237, 'Võ Văn Thành', 0),
(4474, 110, 237, '1989', 0),
(4475, 109, 237, '460', 0),
(4476, 108, 237, '457', 0),
(4477, 107, 237, '', 0),
(4478, 106, 237, 'Quận 9\n', 0),
(4479, 104, 237, '', 0),
(4480, 105, 237, '093.2708805 / 01254.550461', 0),
(4481, 103, 237, 'bboy_norules@yahoo.com', 0),
(4482, 102, 237, '', 0),
(4483, 19, 237, '75', 0),
(4484, 20, 237, '232', 0),
(4485, 113, 237, '539', 1),
(4486, 113, 237, '535', 1),
(4487, 82, 237, '149', 0),
(4488, 92, 237, '', 0),
(4489, 83, 237, '160', 0),
(4490, 90, 237, '', 0),
(4491, 91, 237, '', 0),
(4492, 86, 237, '219', 0),
(4493, 114, 237, '', 0),
(4494, 112, 238, 'Huỳnh Thị Hường', 0),
(4495, 110, 238, '1989', 0),
(4496, 109, 238, '460', 0),
(4497, 108, 238, '458', 0),
(4498, 107, 238, '293 Ấp phú hưng- Phú hựu- CT-ĐT\n', 0),
(4499, 106, 238, '', 0),
(4500, 104, 238, '', 0),
(4501, 105, 238, '0167.955.0183', 0),
(4502, 103, 238, 'nhong_nheo03@yahoo.com.vn', 0),
(4503, 102, 238, '14/06/2010', 0),
(4504, 19, 238, '75', 0),
(4505, 20, 238, '235', 0),
(4506, 21, 238, '139', 0),
(4507, 113, 238, '539', 1),
(4508, 82, 238, '153', 0),
(4509, 92, 238, 'Kế Toán', 0),
(4510, 83, 238, '164', 0),
(4511, 90, 238, 'TT dạy nghề NKT và TMC Hóc môn', 0),
(4512, 91, 238, '', 0),
(4513, 86, 238, '219', 0),
(4514, 93, 238, '265', 1),
(4515, 93, 238, '276', 1),
(4516, 114, 238, '', 0),
(4517, 112, 239, 'Bích Thị Aisa', 0),
(4518, 110, 239, '1986', 0),
(4519, 109, 239, '460', 0),
(4520, 108, 239, '458', 0),
(4521, 107, 239, 'Thôn Lạc Trị- xã Phú lạc- Tuy Phong - Bình thuận\n', 0),
(4522, 106, 239, '', 0),
(4523, 104, 239, '', 0),
(4524, 105, 239, '0169.246.4317', 0),
(4525, 103, 239, '', 0),
(4526, 102, 239, '14/06/2010', 0),
(4527, 19, 239, '75', 0),
(4528, 20, 239, '232', 0),
(4529, 113, 239, '539', 1),
(4530, 113, 239, '535', 1),
(4531, 82, 239, '153', 0),
(4532, 92, 239, 'Kế Toán', 0),
(4533, 83, 239, '164', 0),
(4534, 90, 239, 'Hóc Môn', 0),
(4535, 91, 239, '', 0),
(4536, 86, 239, '219', 0),
(4537, 93, 239, '265', 1),
(4538, 93, 239, '287', 1),
(4539, 114, 239, '', 0),
(4540, 88, 239, '297', 0),
(4541, 88, 239, '298', 0),
(4542, 112, 240, 'Nguyễn Thị Hồ Điệp', 0),
(4543, 110, 240, '1967', 0),
(4544, 109, 240, '462', 0),
(4545, 108, 240, '458', 0),
(4546, 107, 240, 'A260 Ấp 4', 0),
(4547, 106, 240, '\n', 0),
(4548, 104, 240, '', 0),
(4549, 105, 240, '01677.657.066', 0),
(4550, 103, 240, '', 0),
(4551, 102, 240, '15/06/2010', 0),
(4552, 19, 240, '109', 0),
(4553, 21, 240, '135', 0),
(4554, 82, 240, '152', 0),
(4555, 92, 240, 'May Dân dụng', 0),
(4556, 83, 240, '160', 0),
(4557, 90, 240, '', 0),
(4558, 91, 240, '', 0),
(4559, 86, 240, '219', 0),
(4560, 114, 240, '', 0),
(4561, 88, 240, '305', 0),
(4562, 112, 241, 'Nguyễn Thị Huỳnh Lê', 0),
(4563, 110, 241, '1991', 0),
(4564, 109, 241, '459', 0),
(4565, 108, 241, '458', 0),
(4566, 107, 241, '223/5A Trần quang diệu, TP Long Xuyên, An giang\n', 0),
(4567, 106, 241, '215 Võ Thị sáu, P.7, Q.3, TP.HCM\n', 0),
(4568, 104, 241, '', 0),
(4569, 105, 241, '01677.657.006/ 01649.146.477 ( Mai - bạn Lê)', 0),
(4570, 103, 241, '', 0),
(4571, 102, 241, '15/06/2010', 0),
(4572, 19, 241, '75', 0),
(4573, 20, 241, '232', 0),
(4574, 82, 241, '152', 0),
(4575, 92, 241, 'Đồ họa vi tính', 0),
(4576, 83, 241, '160', 0),
(4577, 90, 241, '', 0),
(4578, 91, 241, '', 0),
(4579, 86, 241, '219', 0),
(4580, 114, 241, '', 0),
(4581, 112, 242, ' Đoàn Thị Diệu Huyền', 0),
(4582, 110, 242, '1988', 0),
(4583, 109, 242, '460', 0),
(4584, 108, 242, '458', 0),
(4585, 107, 242, '58/96/28C Phan chu trinh, P.24, Q. Bình thạnh\n', 0),
(4586, 106, 242, '', 0),
(4587, 104, 242, '', 0),
(4588, 105, 242, '0122.5798.048', 0),
(4589, 103, 242, '', 0),
(4590, 102, 242, '16/06/2010', 0),
(4591, 19, 242, '73', 1),
(4592, 82, 242, '150', 0),
(4593, 92, 242, '', 0),
(4594, 83, 242, '160', 0),
(4595, 90, 242, '', 0),
(4596, 91, 242, '', 0),
(4597, 86, 242, '219', 0),
(4598, 114, 242, '', 0),
(4599, 112, 243, 'Tống Thị Tuyết Nhung', 0),
(4600, 110, 243, '1982', 0),
(4601, 109, 243, '460', 0),
(4602, 108, 243, '458', 0),
(4603, 107, 243, '258/136 Nguyễn Duy, P.9, Q.8\n', 0),
(4604, 106, 243, '', 0),
(4605, 104, 243, '', 0),
(4606, 105, 243, '093.727.0645', 0),
(4607, 103, 243, 'nhung20092001@yahoo.com', 0),
(4608, 102, 243, '16/06/2010', 0),
(4609, 19, 243, '73', 1),
(4610, 82, 243, '151', 0),
(4611, 92, 243, '', 0),
(4612, 83, 243, '160', 0),
(4613, 90, 243, '', 0),
(4614, 91, 243, '', 0),
(4615, 86, 243, '219', 0),
(4616, 93, 243, '500', 0),
(4617, 93, 243, '509', 0),
(4618, 114, 243, '', 0),
(4619, 112, 244, 'Vũ Văn Trương', 0),
(4620, 110, 244, '1989', 0),
(4621, 109, 244, '460', 0),
(4622, 108, 244, '457', 0),
(4623, 107, 244, 'Nam Lợi- Nam Trực- Nam Định\n', 0),
(4624, 106, 244, '217/A10 Xô viết nghệ tĩnh\n', 0),
(4625, 104, 244, '', 0),
(4626, 105, 244, '0977.636.523', 0),
(4627, 103, 244, 'changtrai_codon1988tr@yahoo.com', 0),
(4628, 102, 244, '17/06/2010', 0),
(4629, 19, 244, '75', 0),
(4630, 20, 244, '233', 0),
(4631, 82, 244, '155', 0),
(4632, 92, 244, 'Đồ họa', 0),
(4633, 83, 244, '165', 0),
(4634, 90, 244, 'Đại Học Văn Lang', 0),
(4635, 91, 244, '', 0),
(4636, 85, 244, '481', 0),
(4637, 86, 244, '219', 0),
(4638, 93, 244, '510', 0),
(4639, 114, 244, '', 0),
(4640, 88, 244, '300', 0),
(4641, 112, 245, 'Nguyễn Hồng Phượng Uyên', 0),
(4642, 110, 245, '1982', 0),
(4643, 109, 245, '460', 0),
(4644, 108, 245, '458', 0),
(4645, 107, 245, '457/57E CMT8, P.13, Q.10\n', 0),
(4646, 106, 245, '', 0),
(4647, 104, 245, '', 0),
(4648, 105, 245, '83627251', 0),
(4649, 103, 245, 'nguyenhongphuonguyen@yahoo.com', 0),
(4650, 102, 245, '17/06/2010', 0),
(4651, 19, 245, '73', 1),
(4652, 82, 245, '150', 0),
(4653, 92, 245, '', 0),
(4654, 83, 245, '160', 0),
(4655, 90, 245, '', 0),
(4656, 91, 245, '', 0),
(4657, 85, 245, '493', 0),
(4658, 86, 245, '219', 0),
(4659, 93, 245, '500', 0),
(4660, 114, 245, '', 0),
(4661, 112, 246, 'Nguyễn Tất Thành', 0),
(4662, 110, 246, '1990', 0),
(4663, 109, 246, '459', 0),
(4664, 108, 246, '457', 0),
(4665, 107, 246, '71/3 Bùi Đình Túy P.12, Q.Bình thạnh\n', 0),
(4666, 106, 246, 'Đại Trạch- Bố Trạch- Quảng Bình\n', 0),
(4667, 104, 246, '', 0),
(4668, 105, 246, '0169.345.9974', 0),
(4669, 103, 246, '', 0),
(4670, 102, 246, '17/06/2010', 0),
(4671, 19, 246, '75', 0),
(4672, 82, 246, '155', 0),
(4673, 92, 246, 'Họa viên kiến trúc', 0),
(4674, 83, 246, '160', 0),
(4675, 90, 246, 'Đại học Văn Lang', 0),
(4676, 91, 246, '', 0),
(4677, 86, 246, '219', 0),
(4678, 93, 246, '510', 0),
(4679, 114, 246, '', 0),
(4680, 112, 247, 'Phạm Thanh Tuyền', 0),
(4681, 110, 247, '1988', 0),
(4682, 109, 247, '459', 0),
(4683, 108, 247, '458', 0),
(4684, 107, 247, '71/3 Bùi Đình Túy P.12, Q.Bình thạnh\n', 0),
(4685, 106, 247, '', 0),
(4686, 104, 247, '', 0),
(4687, 105, 247, '0165.7796.970', 0),
(4688, 103, 247, 'phamthanhtuyen88@gmail.com', 0),
(4689, 102, 247, '17/06/2010', 0),
(4690, 19, 247, '75', 0),
(4691, 20, 247, '233', 0),
(4692, 82, 247, '155', 0),
(4693, 92, 247, 'Họa viên kiến trúc', 0),
(4694, 83, 247, '160', 0),
(4695, 90, 247, 'Đại học Văn Lang', 0),
(4696, 91, 247, '', 0),
(4697, 86, 247, '219', 0),
(4698, 114, 247, '', 0),
(4699, 112, 248, 'Nguyễn Minh Hòa', 0),
(4700, 110, 248, '1992', 0),
(4701, 109, 248, '459', 0),
(4702, 108, 248, '457', 0),
(4703, 107, 248, '19/7 Hiệp Thạnh, Hiệp Ninh, Tây Ninh\n', 0),
(4704, 106, 248, '71/3 Bùi Đình Túy, Bình Thạnh\n', 0),
(4705, 104, 248, '', 0),
(4706, 105, 248, '0163.676.5564', 0),
(4707, 103, 248, '', 0),
(4708, 102, 248, '17/06/2010', 0),
(4709, 19, 248, '75', 0),
(4710, 20, 248, '122', 0),
(4711, 82, 248, '152', 0),
(4712, 92, 248, 'Họa viên kiến trúc', 0),
(4713, 83, 248, '164', 0),
(4714, 90, 248, 'Đại học văn lang', 0),
(4715, 91, 248, '', 0),
(4716, 86, 248, '219', 0),
(4717, 93, 248, '510', 0),
(4718, 114, 248, '', 0),
(4719, 112, 249, 'Nguyễn Thanh Tùng', 0),
(4720, 110, 249, '1979', 0),
(4721, 109, 249, '461', 0),
(4722, 108, 249, '457', 0),
(4723, 107, 249, '286B KP2, P.7, TP.Bến tre\n', 0),
(4724, 106, 249, '71/3 Bùi Đình Túy, Bình Thạnh\n', 0),
(4725, 104, 249, '', 0),
(4726, 105, 249, '090.785.9934', 0),
(4727, 103, 249, 'tungnguyen996@gmail.com', 0),
(4728, 102, 249, '17/06/2010', 0),
(4729, 19, 249, '75', 0),
(4730, 20, 249, '233', 0),
(4731, 82, 249, '152', 0),
(4732, 92, 249, 'Sữa chửa điện tử, họa viên kiến trúc', 0),
(4733, 83, 249, '164', 0),
(4734, 90, 249, 'ĐH Văn Lang, Trường dạy nghề Q. Bình thạnh', 0),
(4735, 91, 249, '', 0),
(4736, 85, 249, '469', 0),
(4737, 86, 249, '219', 0),
(4738, 93, 249, '510', 0),
(4739, 114, 249, '', 0),
(4740, 112, 250, 'Nguyễn Bé Hậu', 0),
(4741, 110, 250, '1987', 0),
(4742, 109, 250, '460', 0),
(4743, 108, 250, '457', 0),
(4744, 107, 250, '71/3 Bùi Đình Túy P.12, Q.Bình thạnh\n', 0),
(4745, 106, 250, '71/3 Bùi Đình Túy P.12, Q.Bình thạnh\n', 0),
(4746, 104, 250, '', 0),
(4747, 105, 250, '098.365.4636', 0),
(4748, 103, 250, '', 0),
(4749, 102, 250, '17/06/2010', 0),
(4750, 19, 250, '75', 0),
(4751, 20, 250, '233', 0),
(4752, 82, 250, '152', 0),
(4753, 92, 250, 'Họa viên kiến trúc', 0),
(4754, 83, 250, '164', 0),
(4755, 90, 250, 'Đại học văn lang', 0),
(4756, 91, 250, '', 0),
(4757, 85, 250, '209', 0),
(4758, 86, 250, '219', 0),
(4759, 93, 250, '510', 0),
(4760, 114, 250, '', 0),
(4761, 112, 251, 'Huỳnh Dự', 0),
(4762, 110, 251, '1946', 0),
(4763, 109, 251, '462', 0),
(4764, 108, 251, '457', 0),
(4765, 107, 251, '65A/9 Huỳnh Thiên Lộc, P. Hòa Thạnh, Q. Tân phú\n', 0),
(4766, 106, 251, '', 0),
(4767, 104, 251, '', 0),
(4768, 105, 251, '0126.420.8563', 0),
(4769, 103, 251, '', 0),
(4770, 102, 251, '28/06/2010', 0),
(4771, 19, 251, '75', 0),
(4772, 20, 251, '125', 0),
(4773, 82, 251, '149', 0),
(4774, 92, 251, '', 0),
(4775, 83, 251, '160', 0),
(4776, 90, 251, '', 0),
(4777, 91, 251, '', 0),
(4778, 85, 251, '542', 0),
(4779, 86, 251, '219', 0),
(4780, 114, 251, '', 0),
(4781, 112, 252, 'Phạm Thị Hiền', 0),
(4782, 110, 252, '1988', 0),
(4783, 109, 252, '460', 0),
(4784, 108, 252, '458', 0),
(4785, 107, 252, '', 0),
(4786, 106, 252, '92/24 Đường số 4-KP3-P. Bình Hưng Hòa A- Bình Tân\n', 0),
(4787, 104, 252, '', 0),
(4788, 105, 252, '090.945.6074', 0),
(4789, 103, 252, '', 0),
(4790, 102, 252, '', 0),
(4791, 19, 252, '108', 0),
(4792, 82, 252, '149', 0),
(4793, 92, 252, '', 0),
(4794, 83, 252, '160', 0),
(4795, 90, 252, '', 0),
(4796, 91, 252, '', 0),
(4797, 86, 252, '219', 0),
(4798, 114, 252, '', 0),
(4799, 112, 253, 'Nguyễn Vũ Sơn', 0),
(4800, 110, 253, '1987', 0),
(4801, 109, 253, '460', 0),
(4802, 108, 253, '457', 0),
(4803, 107, 253, '39A Cư xá gỗ Long Bình, KP10, An Bình\n', 0),
(4804, 106, 253, 'Biên Hòa- Đồng Nai\n', 0),
(4805, 104, 253, '', 0),
(4806, 105, 253, '0121.709.7021', 0),
(4807, 103, 253, 'nguyenvuson9987@gmail.com', 0),
(4808, 102, 253, '25/06/2010', 0),
(4809, 19, 253, '75', 0),
(4810, 20, 253, '232', 0),
(4811, 113, 253, '536', 0),
(4812, 82, 253, '152', 0),
(4813, 92, 253, 'Họa viên kiến trúc', 0),
(4814, 83, 253, '164', 0),
(4815, 90, 253, 'Đại học văn lang', 0),
(4816, 91, 253, '', 0),
(4817, 86, 253, '219', 0),
(4818, 114, 253, '', 0),
(4819, 112, 254, 'Hoàng Văn Hùng', 0),
(4820, 110, 254, '1989', 0),
(4821, 109, 254, '460', 0),
(4822, 108, 254, '457', 0),
(4823, 107, 254, '41/6 Quang Trung, Q. Tân Bình\n', 0),
(4824, 106, 254, '', 0),
(4825, 104, 254, '', 0),
(4826, 105, 254, '098.778.8844', 0),
(4827, 103, 254, 'starnguyen44@gmail.com', 0),
(4828, 102, 254, '21/06/2010', 0),
(4829, 19, 254, '74', 0),
(4830, 20, 254, '119', 0),
(4831, 82, 254, '151', 0),
(4832, 92, 254, '', 0),
(4833, 83, 254, '160', 0),
(4834, 90, 254, '', 0),
(4835, 91, 254, '', 0),
(4836, 85, 254, '194', 0),
(4837, 86, 254, '219', 0),
(4838, 114, 254, '', 0),
(4839, 112, 255, 'Đặng Hữu Phúc', 0),
(4840, 110, 255, '1987', 0),
(4841, 109, 255, '460', 0),
(4842, 108, 255, '457', 0),
(4843, 107, 255, 'Tân Bình- Bàu Chinh-Châu Đức- BRVT\n', 0),
(4844, 106, 255, '', 0),
(4845, 104, 255, '', 0),
(4846, 105, 255, '098.844.2851', 0),
(4847, 103, 255, '', 0),
(4848, 102, 255, '02/07/2010', 0),
(4849, 19, 255, '75', 0),
(4850, 20, 255, '236', 0),
(4851, 82, 255, '152', 0),
(4852, 92, 255, 'Thiết kế quảng cáo', 0),
(4853, 83, 255, '160', 0),
(4854, 90, 255, '', 0),
(4855, 91, 255, '', 0),
(4856, 86, 255, '219', 0),
(4857, 114, 255, '', 0),
(4858, 88, 255, '300', 0),
(4859, 112, 256, 'Nguyễn Sỹ Luân', 0),
(4860, 110, 256, '1985', 0),
(4861, 109, 256, '460', 0),
(4862, 108, 256, '457', 0),
(4863, 107, 256, '100 Phạm Phú Thứ,P11,Q Tân Bình\n', 0),
(4864, 106, 256, '', 0),
(4865, 104, 256, '', 0),
(4866, 105, 256, '097.253.4362', 0),
(4867, 103, 256, 'ng.sytuan@gmail.com', 0),
(4868, 102, 256, '08/07/2010', 0),
(4869, 19, 256, '75', 0),
(4870, 20, 256, '232', 0),
(4871, 82, 256, '152', 0),
(4872, 92, 256, 'đồ họa', 0),
(4873, 83, 256, '164', 0),
(4874, 90, 256, '', 0),
(4875, 91, 256, '', 0),
(4876, 86, 256, '219', 0),
(4877, 93, 256, '287', 0),
(4878, 93, 256, '520', 0),
(4879, 114, 256, '', 0),
(4880, 88, 256, '300', 0),
(4881, 112, 257, 'Mai Thị Thanh Xuân', 0),
(4882, 110, 257, '1973', 0),
(4883, 109, 257, '461', 0),
(4884, 108, 257, '458', 0),
(4885, 107, 257, '35/7 L xuân thới Đông, huyện HM\n', 0),
(4886, 106, 257, '', 0),
(4887, 104, 257, '', 0),
(4888, 105, 257, '090.845.4197', 0),
(4889, 103, 257, 'thanhthanhs@yahoo.com', 0),
(4890, 102, 257, '08/07/2010', 0),
(4891, 19, 257, '109', 0),
(4892, 82, 257, '151', 0),
(4893, 92, 257, '', 0),
(4894, 83, 257, '160', 0),
(4895, 90, 257, '', 0),
(4896, 91, 257, '', 0),
(4897, 86, 257, '219', 0),
(4898, 93, 257, '276', 0),
(4899, 93, 257, '287', 0),
(4900, 93, 257, '504', 0),
(4901, 114, 257, '', 0),
(4902, 88, 257, '297', 0),
(4903, 88, 257, '298', 0),
(4904, 88, 257, '299', 0),
(4955, 46, 260, '414', 0),
(4954, 117, 260, '552', 0),
(4953, 33, 260, '', 0),
(4952, 31, 260, '(84-8) 38155571 - 38163302 - 38163628 - 38163629', 0),
(4951, 32, 260, 'decotex@hcm.vnnn.vn', 0),
(4950, 30, 260, 'Khu Công nghiệp Tân Bình Lô II-2A Đường 13 Quận Tân Phú Thành Phố Hồ Chí Minh', 0),
(4956, 45, 260, '403', 0),
(4957, 50, 260, '', 0),
(4958, 52, 260, '444', 0),
(4959, 55, 260, '', 0),
(4960, 29, 261, 'Đan Phương Trách Nhiệm Hữu Hạn', 0),
(4961, 36, 261, '22', 0),
(4962, 38, 261, '36', 0),
(4963, 39, 261, '', 0),
(4964, 34, 261, 'Ông Lê Tử Kỳ', 0),
(4965, 40, 261, '', 0),
(4966, 30, 261, '13/9 Khu Phố 5 Phan Văn hớn Phường Tân Thới Nhất Quận 12 Thành phố Hồ Chí MInh', 0),
(4967, 32, 261, 'letukynf@hcm.vnn.vn', 0),
(4968, 31, 261, '(84-8) 37191472', 0),
(4969, 33, 261, '', 0),
(4970, 117, 261, '552', 0),
(4971, 46, 261, '414', 0),
(4972, 45, 261, '403', 0),
(4973, 50, 261, '', 0),
(4974, 52, 261, '444', 0),
(4975, 55, 261, '', 0),
(4976, 29, 262, 'Đặng Nam Phương trách nhiệm hữu hạn', 0),
(4977, 36, 262, '22', 0),
(4978, 38, 262, '36', 0),
(4979, 39, 262, '', 0),
(4980, 34, 262, 'Ông Đặng Đình Phương', 0),
(4981, 40, 262, '', 0),
(4982, 30, 262, '241 Lầu 4 Phòng 4.1 Điện Biên Phủ Phường 6 Quận 3 Thành Phố HỒ Chí Minh', 0),
(4983, 32, 262, 'tri.tv@manhhungachau.com', 0),
(4984, 31, 262, '(84-8) 38257216', 0),
(4985, 33, 262, '', 0),
(4986, 117, 262, '552', 0),
(4987, 46, 262, '414', 0),
(4988, 45, 262, '403', 0),
(4989, 50, 262, '', 0),
(4990, 52, 262, '444', 0),
(4991, 55, 262, '', 0),
(4992, 29, 263, 'Điệp Vũ trách nhiệm hữu hạn sản xuất thương mại', 0),
(4993, 36, 263, '22', 0),
(4994, 38, 263, '36', 0),
(4995, 39, 263, '(84-8) 54473700, 54473699 ', 0),
(4996, 34, 263, 'Ông Tăng Tuấn Vũ', 0),
(4997, 40, 263, '', 0),
(4998, 30, 263, '500/44 Nguyễn Anh Thủ Phường Hiệp Thành Quận 12 Thành phố Hồ Chí Minh', 0),
(4999, 32, 263, 'diepvu@paperconevn.com', 0),
(5000, 31, 263, '(84-8) 35974402', 0),
(5001, 33, 263, 'www.paperconevn.com', 0),
(5002, 117, 263, '552', 0),
(5003, 46, 263, '414', 0),
(5004, 45, 263, '403', 0),
(5005, 50, 263, '', 0),
(5006, 52, 263, '444', 0),
(5007, 55, 263, '', 0),
(5008, 29, 264, 'H.A.B Trách Nhiệm Hữu Hạn', 0),
(5009, 36, 264, '22', 0),
(5010, 38, 264, '36', 0),
(5011, 39, 264, '(84) 8 62969652', 0),
(5012, 34, 264, 'Ông Trần Đắc Khiêm', 0),
(5013, 40, 264, '(84) 903646053', 0),
(5014, 30, 264, '16 Cửu Long Phường 2 Quận Tân Bình Thành phố Hồ Chí Minh', 0),
(5015, 32, 264, 'textile@hab.com.vn', 0),
(5016, 31, 264, '(84-8) 62969622', 0),
(5017, 33, 264, 'http://hab.com.vn/', 0),
(5018, 117, 264, '552', 0),
(5019, 46, 264, '414', 0),
(5020, 45, 264, '403', 0),
(5021, 50, 264, '', 0),
(5022, 52, 264, '444', 0),
(5023, 55, 264, '', 0),
(5024, 29, 265, 'Lan Trần trách nhiệm hữu hạn Dệt may', 0),
(5025, 36, 265, '22', 0),
(5026, 38, 265, '36', 0),
(5027, 39, 265, '08.9717382', 0),
(5028, 34, 265, 'Bà Trần Thị Lan', 0),
(5029, 40, 265, '', 0),
(5030, 30, 265, 'Số 3 Duy Tân Phường 8 Quận Tân Bình Thành phố Hồ Chí Minh', 0),
(5031, 32, 265, 'lantranknit@hcm.vnn.vn', 0),
(5032, 31, 265, '(08) 8647384 - (08) 9717380', 0),
(5033, 33, 265, 'www.lantranknit.com', 0),
(5034, 117, 265, '552', 0),
(5035, 46, 265, '414', 0),
(5036, 45, 265, '403', 0),
(5037, 50, 265, '', 0),
(5038, 52, 265, '444', 0),
(5039, 55, 265, '', 0),
(5040, 29, 266, 'Minh Đạt Trách nhiệm hữu hạn Sản xuất - Thương Mại - Dịch Vụ', 0),
(5041, 36, 266, '22', 0),
(5042, 38, 266, '36', 0),
(5043, 39, 266, '', 0),
(5044, 34, 266, 'Ông Kha Đức', 0),
(5045, 40, 266, '', 0),
(5046, 30, 266, '1044A Tỉnh Lộ 10 Phường Tân Tạo Quận Bình Tân Thành phố Hồ Chí Minh', 0),
(5047, 32, 266, 'midaco@hcm.vnn.vn', 0),
(5048, 31, 266, '(84 - 8) 37505415 - 37540126 - 38585807', 0),
(5049, 33, 266, '', 0),
(5050, 117, 266, '552', 0),
(5051, 46, 266, '414', 0),
(5052, 45, 266, '403', 0),
(5053, 50, 266, '', 0),
(5054, 52, 266, '444', 0),
(5055, 55, 266, '', 0),
(5056, 29, 267, 'Nhà đẹp trách nhiệm hữu hạn thương mại & dịch vụ', 0),
(5057, 36, 267, '22', 0),
(5058, 38, 267, '36', 0),
(5059, 39, 267, '', 0),
(5060, 34, 267, 'Bà Lưu Thị Quỳnh Như', 0),
(5061, 40, 267, '', 0),
(5062, 30, 267, '99 Điện Biên Phủ Phường Đakao Quận 1 Thành phố Hồ Chí Minh', 0),
(5063, 32, 267, '', 0),
(5064, 31, 267, '(84 - 8) 54046455', 0),
(5065, 33, 267, '', 0),
(5066, 117, 267, '552', 0),
(5067, 46, 267, '414', 0),
(5068, 45, 267, '403', 0),
(5069, 50, 267, '', 0),
(5070, 52, 267, '444', 0),
(5071, 55, 267, '', 0),
(5072, 29, 268, 'Nhật Du Trách Nhiệm hữu hạn', 0),
(5073, 36, 268, '22', 0),
(5074, 38, 268, '36', 0),
(5075, 39, 268, '', 0),
(5076, 34, 268, 'Bà Trần Thị Mỹ Trinh', 0),
(5077, 40, 268, '', 0),
(5078, 30, 268, 'A12/3B Đường 43 Phường Bình Thuận Quận 7 Thành phố Hồ Chí Minh', 0),
(5079, 32, 268, 'happytour@hcm.fpt.vn', 0),
(5080, 31, 268, '(84-8) 38731339', 0),
(5081, 33, 268, '', 0),
(5082, 117, 268, '552', 0),
(5083, 46, 268, '414', 0),
(5084, 45, 268, '403', 0),
(5085, 50, 268, '', 0),
(5086, 52, 268, '444', 0),
(5087, 55, 268, '', 0),
(5088, 29, 269, 'Tân Vinh Phát Trách nhiệm hữu hạn Dây thun', 0),
(5089, 36, 269, '22', 0),
(5090, 38, 269, '36', 0),
(5091, 39, 269, '', 0),
(5092, 34, 269, 'Ông Huỳnh Thanh Trung', 0),
(5093, 40, 269, '', 0),
(5094, 30, 269, '904 Hậu Giang Phường 12 Quận 6 Thành phố Hồ Chí Minh', 0),
(5095, 32, 269, 'tvptrung@yahoo.com', 0),
(5096, 31, 269, '(84-8) 38752469', 0),
(5097, 33, 269, '', 0),
(5098, 117, 269, '552', 0),
(5099, 46, 269, '414', 0),
(5100, 45, 269, '403', 0),
(5101, 50, 269, '', 0),
(5102, 52, 269, '444', 0),
(5103, 55, 269, '', 0),
(5104, 29, 270, 'Thành Công trách nhiệm hữu hạn Thương Mại', 0),
(5105, 36, 270, '22', 0),
(5106, 38, 270, '36', 0),
(5107, 39, 270, '', 0),
(5108, 34, 270, 'Ông Đặng Công Tín', 0),
(5109, 40, 270, '', 0),
(5110, 30, 270, '1007 Lạc Long Quân Phường 11 Quận Tân Bình Thành phố Hồ Chí Minh', 0),
(5111, 32, 270, 'textile@thanhcongtm.com.vn', 0),
(5112, 31, 270, '(84-8) 38651692', 0),
(5113, 33, 270, '', 0),
(5114, 117, 270, '552', 0),
(5115, 46, 270, '414', 0),
(5116, 45, 270, '403', 0),
(5117, 50, 270, '', 0),
(5118, 52, 270, '444', 0),
(5119, 55, 270, '', 0),
(5120, 29, 271, 'Thiên Hào trách nhiệm hữu hạn sản xuất - dịch vụ - thương mại', 0),
(5121, 36, 271, '22', 0),
(5122, 38, 271, '36', 0),
(5123, 39, 271, '', 0),
(5124, 34, 271, 'Ông Phạm Tuấn Huy', 0),
(5125, 40, 271, '', 0),
(5126, 30, 271, 'B24 Khu Bàu Cát Phường 14 Quận Tân Bình Thành phố Hồ Chí Minh', 0),
(5127, 32, 271, 'huy@thienhaotextile.com', 0),
(5128, 31, 271, '(84-8) 38494964', 0),
(5129, 33, 271, '', 0),
(5130, 117, 271, '552', 0),
(5131, 46, 271, '414', 0),
(5132, 45, 271, '403', 0),
(5133, 50, 271, '', 0),
(5134, 52, 271, '444', 0),
(5135, 55, 271, '', 0),
(5136, 29, 272, 'Thiệu hoa trách nhiệm hữu hạn', 0),
(5137, 36, 272, '22', 0),
(5138, 38, 272, '36', 0),
(5139, 39, 272, '', 0),
(5140, 34, 272, 'Ông Hà Cẩm Huy', 0),
(5141, 40, 272, '', 0),
(5142, 30, 272, '9/7A Quang Trung Phường 10 Quận Gò Vấp Thành phố Hồ Chí Minh', 0),
(5143, 32, 272, 'camhuy@hcm.fpt.vn', 0),
(5144, 31, 272, '(84-8)38940000', 0),
(5145, 33, 272, '', 0),
(5146, 117, 272, '552', 0),
(5147, 46, 272, '414', 0),
(5148, 45, 272, '403', 0),
(5149, 50, 272, '', 0),
(5150, 52, 272, '444', 0),
(5151, 55, 272, '', 0),
(5152, 29, 273, 'Trách nhiệm hữu hạn sản xuất thương mại  - Dịch vụ Da @ Giả da Phước Hải', 0),
(5153, 36, 273, '22', 0),
(5154, 38, 273, '36', 0),
(5155, 39, 273, '', 0),
(5156, 34, 273, 'Ông Lê Anh Sơn', 0),
(5157, 40, 273, '', 0),
(5158, 30, 273, '72/25/10 Phú Thọ Hòa Phường Phú Thọ Hòa Quận Tân Phú Thành Phố Hồ Chí Minh', 0),
(5159, 32, 273, 'phuochaileather@yahoo.com', 0),
(5160, 31, 273, '(84-8) 39787298', 0),
(5161, 33, 273, '', 0),
(5162, 117, 273, '552', 0),
(5163, 46, 273, '414', 0),
(5164, 45, 273, '403', 0),
(5165, 50, 273, '', 0),
(5166, 52, 273, '444', 0),
(5167, 55, 273, '', 0),
(5168, 29, 274, 'Doanh nghiệp tư nhân Nhật Tiến may thêu kết cườm', 0),
(5169, 36, 274, '22', 0),
(5170, 38, 274, '36', 0),
(5171, 39, 274, '', 0),
(5172, 34, 274, 'Bà Võ Thị Liên', 0),
(5173, 40, 274, '', 0),
(5174, 30, 274, '129/14/39 Lê Đức Thọ Phường 13 Quận Gò Vấp', 0),
(5175, 32, 274, 'theuketcuomnhattien@yahoo.com', 0),
(5176, 31, 274, '(84-8) 39161706', 0),
(5177, 33, 274, '', 0),
(5178, 117, 274, '552', 0),
(5179, 46, 274, '414', 0),
(5180, 45, 274, '403', 0),
(5181, 50, 274, '', 0),
(5182, 52, 274, '444', 0),
(5183, 55, 274, '', 0),
(5184, 29, 275, 'An Dương - cty Trách nhiệm hữu hạn Thương mại dịch vụ', 0),
(5185, 36, 275, '22', 0),
(5186, 38, 275, '36', 0),
(5187, 39, 275, '', 0),
(5188, 34, 275, 'Bà Nguyễn Anh Tú', 0),
(5189, 40, 275, '', 0),
(5190, 30, 275, '781/B11 Lê Hồng Phong Phường 12 Quận 10 Thành phố Hồ Chí Minh', 0),
(5191, 32, 275, 'anhduong@hcm.vnn.vn', 0),
(5192, 31, 275, '(84-8) 38620471 - 38620472 - 38620476', 0),
(5193, 33, 275, '', 0),
(5194, 117, 275, '552', 0),
(5195, 46, 275, '414', 0),
(5196, 45, 275, '403', 0),
(5197, 50, 275, '', 0),
(5198, 52, 275, '444', 0),
(5199, 55, 275, '', 0),
(5200, 29, 276, 'Bách Phát - cty Trách nhiệm hữu hạn Dệt', 0),
(5201, 36, 276, '22', 0),
(5202, 38, 276, '36', 0),
(5203, 39, 276, '', 0),
(5204, 34, 276, 'Ông Trần Quang', 0),
(5205, 40, 276, '', 0),
(5206, 30, 276, '5/4 Khu Phố 5 Tân Thới Nhất 8 Phường Tân Thới Nhất Quận 12 Thành phố Hồ Chí Minh', 0),
(5207, 32, 276, '', 0),
(5208, 31, 276, '(84-8) 35920488', 0),
(5209, 33, 276, '', 0),
(5210, 117, 276, '552', 0),
(5211, 46, 276, '414', 0),
(5212, 45, 276, '403', 0),
(5213, 50, 276, '', 0),
(5214, 52, 276, '444', 0),
(5215, 55, 276, '', 0),
(5216, 29, 277, 'bách Sinh - cty Trách Nhiệm hữu hạn thương mại @ dịch vụ', 0),
(5217, 36, 277, '22', 0),
(5218, 38, 277, '36', 0),
(5219, 39, 277, '', 0),
(5220, 34, 277, 'Ông Mai Long', 0),
(5221, 40, 277, '', 0),
(5222, 30, 277, '37/32 Đường C1 Cộng hòa Phường 13 Quận Tân Bình Thành phố Hồ Chí Minh', 0),
(5223, 32, 277, 'phoenixvn@hcm.vnn.vn', 0),
(5224, 31, 277, '(84-8) 38908928 - 38497298', 0),
(5225, 33, 277, '', 0),
(5226, 117, 277, '552', 0),
(5227, 46, 277, '414', 0),
(5228, 45, 277, '403', 0),
(5229, 50, 277, '', 0),
(5230, 52, 277, '444', 0),
(5231, 55, 277, '', 0),
(5232, 29, 278, 'Bảo Anh - cty trách nhiệm hữu hạn sản xuất thương mại', 0),
(5233, 36, 278, '22', 0),
(5234, 38, 278, '36', 0),
(5235, 39, 278, '', 0),
(5236, 34, 278, 'Ông Nguyễn Đình Lân', 0),
(5237, 40, 278, '', 0),
(5238, 30, 278, '1W Điện Biên Phủ Phường 25 Quận Bình THạnh Thành phố Hồ Chí Minh', 0),
(5239, 32, 278, '', 0),
(5240, 31, 278, '(84-8) 38992591', 0),
(5241, 33, 278, '', 0),
(5242, 117, 278, '552', 0),
(5243, 46, 278, '414', 0),
(5244, 45, 278, '403', 0),
(5245, 50, 278, '', 0),
(5246, 52, 278, '444', 0),
(5247, 55, 278, '', 0),
(5248, 29, 279, 'Băng Tâm - Cửu Hàng', 0),
(5249, 36, 279, '22', 0),
(5250, 38, 279, '36', 0),
(5251, 39, 279, '', 0),
(5252, 34, 279, 'Bà Trần Thị Kim Liên', 0),
(5253, 40, 279, '', 0),
(5254, 30, 279, '10E Lê Minh Xuân Phường 7 Quận Tân Bình Thành phố Hồ Chí Minh', 0),
(5255, 32, 279, '', 0),
(5256, 31, 279, '(84-8) 39714530', 0),
(5257, 33, 279, '', 0),
(5258, 117, 279, '552', 0),
(5259, 46, 279, '414', 0),
(5260, 45, 279, '403', 0),
(5261, 50, 279, '', 0),
(5262, 52, 279, '444', 0),
(5263, 55, 279, '', 0),
(5264, 29, 280, 'Bắc Việt - Cty Trách nhiệm hữu hạn thương mại sản xuất vải sợi', 0),
(5265, 36, 280, '22', 0),
(5266, 38, 280, '36', 0),
(5267, 39, 280, '', 0),
(5268, 34, 280, 'Ông Trần Lương', 0),
(5269, 40, 280, '', 0),
(5270, 30, 280, '354/6A Cộng hòa Phường 13 Quận Tân Bình Thành phố Hồ Chí Minh', 0),
(5271, 32, 280, '', 0),
(5272, 31, 280, '(84-8) 22448327 - 22248327', 0),
(5273, 33, 280, '', 0),
(5274, 117, 280, '552', 0),
(5275, 46, 280, '414', 0),
(5276, 45, 280, '403', 0),
(5277, 50, 280, '', 0),
(5278, 52, 280, '444', 0),
(5279, 55, 280, '', 0),
(5280, 29, 281, 'Chín Thắng - Cửu hàng vải', 0),
(5281, 36, 281, '22', 0),
(5282, 38, 281, '36', 0),
(5283, 39, 281, '', 0),
(5284, 34, 281, '', 0),
(5285, 40, 281, '', 0),
(5286, 30, 281, '100 Lê Minh Xuân Phường 7 Quận tân Bình Thành phố Hồ Chí Minh', 0),
(5287, 32, 281, '', 0),
(5288, 31, 281, '(84 - 8) 39711213', 0),
(5289, 33, 281, '', 0),
(5290, 117, 281, '552', 0),
(5291, 46, 281, '414', 0),
(5292, 45, 281, '403', 0),
(5293, 50, 281, '', 0),
(5294, 52, 281, '444', 0),
(5295, 55, 281, '', 0),
(5296, 29, 282, 'Choongnam Việt Thắng - Cty Liên doanh', 0),
(5297, 36, 282, '22', 0),
(5298, 38, 282, '36', 0),
(5299, 39, 282, '', 0),
(5300, 34, 282, 'Ông Chae Soo Young', 0),
(5301, 40, 282, '', 0),
(5302, 30, 282, '127 Lê Văn Chí Phường Linh Trung Quận Thủ Đức Thành phố Hồ Chí Minh', 0),
(5303, 32, 282, '', 0),
(5304, 31, 282, '(84-8) 38966936 - 38960966 - 38965237', 0),
(5305, 33, 282, '', 0),
(5306, 117, 282, '552', 0),
(5307, 46, 282, '414', 0),
(5308, 45, 282, '403', 0),
(5309, 50, 282, '', 0),
(5310, 52, 282, '444', 0),
(5311, 55, 282, '', 0),
(5312, 29, 283, 'Cọp Bay Doanh nghiệp tư nhân Sản xuất & Thương Mại - Cn', 0),
(5313, 36, 283, '22', 0),
(5314, 38, 283, '36', 0),
(5315, 39, 283, '', 0),
(5316, 34, 283, 'Bà Trương Thị Mỹ Hạnh', 0),
(5317, 40, 283, '', 0),
(5318, 30, 283, '620 Hoàng Văn Thụ Phường 4 Quận Tân Bình Thành phố Hồ Chí Minh', 0),
(5319, 32, 283, 'flyingtiger@vnn.vn', 0),
(5320, 31, 283, '(84-8) 38117623 - 39122498', 0),
(5321, 33, 283, '', 0),
(5322, 117, 283, '552', 0),
(5323, 46, 283, '414', 0),
(5324, 45, 283, '403', 0),
(5325, 50, 283, '', 0),
(5326, 52, 283, '444', 0),
(5327, 55, 283, '', 0),
(5328, 29, 284, 'Cơ sở An Hòa sản xuất thương mại Công Nghiệp', 0),
(5329, 36, 284, '22', 0),
(5330, 38, 284, '36', 0),
(5331, 39, 284, '', 0),
(5332, 34, 284, 'Bà Lý Hồng Bích Nhung', 0),
(5333, 40, 284, '', 0),
(5334, 30, 284, '7/10B Ấp 4 Xã Đông Thạnh Huyện Hóc Môn Thành phố Hồ Chí Minh', 0),
(5335, 32, 284, '', 0),
(5336, 31, 284, '(84-8) 37114800', 0),
(5337, 33, 284, '', 0),
(5338, 117, 284, '552', 0),
(5339, 46, 284, '414', 0),
(5340, 45, 284, '403', 0),
(5341, 50, 284, '', 0),
(5342, 52, 284, '444', 0),
(5343, 55, 284, '', 0),
(5344, 29, 285, 'Cơ sở Anh Thư', 0),
(5345, 36, 285, '22', 0),
(5346, 38, 285, '36', 0),
(5347, 39, 285, '', 0),
(5348, 34, 285, '', 0),
(5349, 40, 285, '', 0),
(5350, 30, 285, '92 Trần Mai Ninh Phường 12 Quận Tân Bình Thành phố Hồ Chí Minh', 0),
(5351, 32, 285, '', 0),
(5352, 31, 285, '(84-8) 38429486', 0),
(5353, 33, 285, '', 0),
(5354, 117, 285, '552', 0),
(5355, 46, 285, '414', 0),
(5356, 45, 285, '403', 0),
(5357, 50, 285, '', 0),
(5358, 52, 285, '444', 0),
(5359, 55, 285, '', 0),
(5360, 29, 286, 'Cơ Sở Anh Trường thêu', 0),
(5361, 36, 286, '22', 0),
(5362, 38, 286, '36', 0),
(5363, 39, 286, '', 0),
(5364, 34, 286, 'Ông Nguyễn Văn Xứng', 0),
(5365, 40, 286, '', 0),
(5366, 30, 286, '40 Phạm Phú Thứu Phường 11 Quận Tân Bình Thành phố Hồ Chí Minh', 0),
(5367, 32, 286, '', 0),
(5368, 31, 286, '(84-8) 38651607', 0),
(5369, 33, 286, '', 0),
(5370, 117, 286, '552', 0),
(5371, 46, 286, '414', 0),
(5372, 45, 286, '403', 0),
(5373, 50, 286, '', 0),
(5374, 52, 286, '444', 0),
(5375, 55, 286, '', 0),
(5376, 29, 287, 'Cơ sở Âu Văn Thảo', 0),
(5377, 36, 287, '22', 0),
(5378, 38, 287, '36', 0),
(5379, 39, 287, '', 0),
(5380, 34, 287, 'Ông Âu Văn Thuận', 0),
(5381, 40, 287, '', 0),
(5382, 30, 287, '12 Phan Đình Phùng Phường 2 Quận Phú Nhuận Thành phố Hồ Chí Minh', 0),
(5383, 32, 287, '', 0),
(5384, 31, 287, '(84-8) 38492225', 0),
(5385, 33, 287, '', 0),
(5386, 117, 287, '552', 0),
(5387, 46, 287, '414', 0),
(5388, 45, 287, '403', 0),
(5389, 50, 287, '', 0),
(5390, 52, 287, '444', 0),
(5391, 55, 287, '', 0),
(5392, 29, 288, 'Cơ Sở Bông Nam Sản Xuất', 0),
(5393, 36, 288, '22', 0),
(5394, 38, 288, '36', 0),
(5395, 39, 288, '', 0),
(5396, 34, 288, 'Ông Vũ Đình Dần', 0),
(5397, 40, 288, '', 0),
(5398, 30, 288, 'Lô E Cụm Công Nghiệp Quang Trung Phường Hiệp Thành Quận 12 Thành phố Hồ Chí Minh', 0),
(5399, 32, 288, '', 0),
(5400, 31, 288, '(84-8) 37112016', 0),
(5401, 33, 288, '', 0),
(5402, 117, 288, '552', 0),
(5403, 46, 288, '414', 0),
(5404, 45, 288, '403', 0),
(5405, 50, 288, '', 0),
(5406, 52, 288, '444', 0),
(5407, 55, 288, '', 0),
(5408, 29, 289, 'Cơ Sở Cẩm Gia', 0),
(5409, 36, 289, '22', 0),
(5410, 38, 289, '36', 0),
(5411, 39, 289, '', 0),
(5412, 34, 289, 'Ông Lâm Bảo Trung', 0),
(5413, 40, 289, '', 0),
(5414, 30, 289, 'B2/3A Quốc Lộ 1A Xã Tân Kiên Huyện Bình Cháng Thành Phố Hồ Chí Minh', 0),
(5415, 32, 289, '', 0),
(5416, 31, 289, '(84 -8) 37560689', 0),
(5417, 33, 289, '', 0),
(5418, 117, 289, '552', 0),
(5419, 46, 289, '414', 0),
(5420, 45, 289, '403', 0),
(5421, 50, 289, '', 0),
(5422, 52, 289, '444', 0),
(5423, 55, 289, '', 0),
(5424, 29, 290, 'Cơ Sở Da Phong Thành', 0),
(5425, 36, 290, '22', 0),
(5426, 38, 290, '36', 0),
(5427, 39, 290, '', 0),
(5428, 34, 290, 'Ông Chiêm Kiểm Hon', 0),
(5429, 40, 290, '', 0),
(5430, 30, 290, '42/2 Quốc Lộ 22 Xã Xuân Thới Đông Huyện Hóc Môn Thành phố Hồ Chí Minh', 0),
(5431, 32, 290, '', 0),
(5432, 31, 290, '(84 - 8) 37109268 - 38603295 - 39617954', 0),
(5433, 33, 290, '', 0),
(5434, 117, 290, '552', 0),
(5435, 46, 290, '414', 0),
(5436, 45, 290, '403', 0),
(5437, 50, 290, '', 0),
(5438, 52, 290, '444', 0),
(5439, 55, 290, '', 0),
(5440, 29, 291, 'Cơ Sở Dệt', 0),
(5441, 36, 291, '22', 0),
(5442, 38, 291, '36', 0),
(5443, 39, 291, '', 0),
(5444, 34, 291, 'Bà Hồ Thị Kim Thoa', 0),
(5445, 40, 291, '', 0),
(5446, 30, 291, '441/19/13 Nguyễn Bỉnh Khiêm Phường1 Quận Gò Vấp Thành phố Hồ Chí Minh', 0),
(5447, 32, 291, '', 0),
(5448, 31, 291, '(84 - 8) 38940018', 0),
(5449, 33, 291, '', 0),
(5450, 117, 291, '552', 0),
(5451, 46, 291, '414', 0),
(5452, 45, 291, '403', 0),
(5453, 50, 291, '', 0),
(5454, 52, 291, '444', 0),
(5455, 55, 291, '', 0),
(5456, 29, 292, 'Cơ sở Diệu Trinh Thêu Tranh', 0),
(5457, 36, 292, '22', 0),
(5458, 38, 292, '36', 0),
(5459, 39, 292, '', 0),
(5460, 34, 292, 'Bà Nguyễn Đức Diệu Trinh', 0),
(5461, 40, 292, '', 0),
(5462, 30, 292, '14/34 Đào Duy Anh Phường 9 Quận Phú Nhuận Thành phố Hồ Chí Minh', 0),
(5463, 32, 292, 'dieutrinh@hcm.vnn.vn', 0),
(5464, 31, 292, '(84 - 8) 38462456', 0),
(5465, 33, 292, '', 0),
(5466, 117, 292, '552', 0),
(5467, 46, 292, '414', 0),
(5468, 45, 292, '403', 0),
(5469, 50, 292, '', 0),
(5470, 52, 292, '444', 0),
(5471, 55, 292, '', 0),
(5472, 29, 293, 'Cơ sở Đại Lộc Cơ Khí Dệt', 0),
(5473, 36, 293, '22', 0),
(5474, 38, 293, '36', 0),
(5475, 39, 293, '', 0),
(5476, 34, 293, 'Ông Lê Văn Ba', 0),
(5477, 40, 293, '', 0),
(5478, 30, 293, 'D11/17A Ấp 4 Xã Vĩnh Lộc A Huyện Bình Chánh Thành phố Hồ Chí Minh', 0),
(5479, 32, 293, '', 0),
(5480, 31, 293, '(84 - 8) 54253440', 0),
(5481, 33, 293, '', 0),
(5482, 117, 293, '552', 0),
(5483, 46, 293, '414', 0),
(5484, 45, 293, '403', 0),
(5485, 50, 293, '', 0),
(5486, 52, 293, '444', 0),
(5487, 55, 293, '', 0),
(5488, 29, 294, 'Cơ Sở Đại Thành Nhuộm', 0),
(5489, 36, 294, '22', 0),
(5490, 38, 294, '36', 0),
(5491, 39, 294, '', 0),
(5492, 34, 294, 'Ông Bùi Đức Tuy', 0),
(5493, 40, 294, '', 0),
(5494, 30, 294, '70/2D Khu Phố 4 Nguyễn Văn Quán Phường Đông Hưng Thuận Quận 12 Thành phố Hồ Chí Minh', 0),
(5495, 32, 294, '', 0),
(5496, 31, 294, '(84-8) 38657074', 0),
(5497, 33, 294, '', 0),
(5498, 117, 294, '552', 0),
(5499, 46, 294, '414', 0),
(5500, 45, 294, '403', 0),
(5501, 50, 294, '', 0),
(5502, 52, 294, '444', 0),
(5503, 55, 294, '', 0),
(5504, 29, 295, 'Cơ sở Đỉnh Thuấn thêu vi tính', 0),
(5505, 36, 295, '22', 0),
(5506, 38, 295, '36', 0),
(5507, 39, 295, '', 0),
(5508, 34, 295, 'Bà Nguyễn Thị Thanh Tâm', 0),
(5509, 40, 295, '', 0),
(5510, 30, 295, '99 Trương Công ĐỊnh Phường 13 Quận Tân Bình Thành phố Hồ Chí Minh', 0),
(5511, 32, 295, '', 0),
(5512, 31, 295, '(84-8) 38490467 - 38490468', 0),
(5513, 33, 295, '', 0),
(5514, 117, 295, '552', 0),
(5515, 46, 295, '414', 0),
(5516, 45, 295, '403', 0),
(5517, 50, 295, '', 0),
(5518, 52, 295, '444', 0),
(5519, 55, 295, '', 0),
(5520, 29, 296, 'Cơ Sở Đông Điện Lạnh ', 0),
(5521, 36, 296, '22', 0),
(5522, 38, 296, '34', 0),
(5523, 39, 296, '', 0),
(5524, 34, 296, 'Ông Lê Văn Đông', 0),
(5525, 40, 296, '', 0),
(5526, 30, 296, '428 Lê Văn Sỹ Phường 2 Quận Tân Bình Thành phố Hồ Chí Minh', 0),
(5527, 32, 296, '', 0),
(5528, 31, 296, '(84-8) 39906641', 0),
(5529, 33, 296, '', 0),
(5530, 117, 296, '552', 0),
(5531, 46, 296, '414', 0),
(5532, 45, 296, '403', 0),
(5533, 50, 296, '', 0),
(5534, 52, 296, '444', 0),
(5535, 55, 296, '', 0),
(5536, 29, 297, 'Công ty may Bình Hoà', 0),
(5537, 36, 297, '22', 0),
(5538, 38, 297, '36', 0),
(5539, 39, 297, '', 0),
(5540, 34, 297, '', 0),
(5541, 40, 297, '', 0),
(5542, 30, 297, '183H Dương Quảng Hàm, Phường 5, Quận Gò Vấp', 0),
(5543, 32, 297, '', 0),
(5544, 31, 297, '08.985869', 0),
(5545, 33, 297, '', 0),
(5546, 117, 297, '550', 0),
(5547, 46, 297, '414', 0),
(5548, 45, 297, '403', 0),
(5549, 50, 297, '', 0),
(5550, 52, 297, '444', 0),
(5551, 55, 297, '', 0),
(5552, 29, 298, 'Cty may Minh Tâm', 0),
(5553, 36, 298, '22', 0),
(5554, 38, 298, '36', 0),
(5555, 39, 298, '', 0),
(5556, 34, 298, 'Lê Phúc Nguyên', 0),
(5557, 40, 298, ' 0903 974621', 0),
(5558, 30, 298, '', 0),
(5559, 32, 298, '', 0),
(5560, 31, 298, '8265383', 0),
(5561, 33, 298, '', 0),
(5562, 117, 298, '550', 0),
(5563, 46, 298, '414', 0),
(5564, 45, 298, '403', 0),
(5565, 50, 298, '', 0),
(5566, 52, 298, '444', 0),
(5567, 55, 298, '', 0),
(5568, 29, 299, 'Cty TNHH Khang Hưng', 0),
(5569, 36, 299, '22', 0),
(5570, 38, 299, '36', 0),
(5571, 39, 299, '', 0),
(5572, 34, 299, 'A.Hưng', 0),
(5573, 40, 299, '0979036663', 0),
(5574, 30, 299, '68/19 Trần Tấn, P.Tân Sơn Nhì, Q.Tân Phú', 0),
(5575, 32, 299, '', 0),
(5576, 31, 299, '', 0),
(5577, 33, 299, '', 0),
(5578, 117, 299, '550', 0),
(5579, 46, 299, '414', 0),
(5580, 45, 299, '403', 0),
(5581, 50, 299, '', 0),
(5582, 52, 299, '444', 0),
(5583, 55, 299, '', 0),
(5584, 29, 300, 'Cty TNHH Thịnh Tấn', 0),
(5585, 36, 300, '22', 0),
(5586, 38, 300, '36', 0),
(5587, 39, 300, '', 0),
(5588, 34, 300, 'Nguyễn T.Tuyết Hồng', 0),
(5589, 40, 300, '0989.819.816', 0),
(5590, 30, 300, '46/6A KP.1, Trường Chinh, Phường Tân Thới Nhất, Quận 12', 0),
(5591, 32, 300, '', 0),
(5592, 31, 300, '088830703', 0),
(5593, 33, 300, '', 0),
(5594, 117, 300, '550', 0),
(5595, 46, 300, '414', 0),
(5596, 45, 300, '403', 0),
(5597, 50, 300, '', 0),
(5598, 52, 300, '444', 0),
(5599, 55, 300, '', 0),
(5600, 29, 301, 'Cty TNHH Khai Trí', 0),
(5601, 36, 301, '22', 0),
(5602, 38, 301, '36', 0),
(5603, 39, 301, '', 0),
(5604, 34, 301, 'Lê Quang Hải Âu', 0),
(5605, 40, 301, '0937152755', 0),
(5606, 30, 301, '458 Xô Viết Nghệ Tĩnh, O.25, Q.Bình Thạnh', 0),
(5607, 32, 301, '', 0),
(5608, 31, 301, '082589090', 0),
(5609, 33, 301, '', 0),
(5610, 117, 301, '550', 0),
(5611, 46, 301, '414', 0),
(5612, 45, 301, '403', 0),
(5613, 50, 301, '', 0),
(5614, 52, 301, '444', 0),
(5615, 55, 301, '', 0),
(5616, 29, 302, 'Công ty cổ phần Việt Hưng', 0),
(5617, 36, 302, '22', 0),
(5618, 38, 302, '36', 0),
(5619, 39, 302, '', 0),
(5620, 34, 302, 'Bùi Văn Thọ', 0),
(5621, 40, 302, '', 0),
(5622, 30, 302, '206 QL 22, P.Trung Mỹ Tây, Q.12', 0),
(5623, 32, 302, '', 0),
(5624, 31, 302, '08.8831839 - 08.8831088', 0),
(5625, 33, 302, '', 0),
(5626, 117, 302, '550', 0),
(5627, 46, 302, '414', 0),
(5628, 45, 302, '403', 0),
(5629, 50, 302, '', 0),
(5630, 52, 302, '444', 0),
(5631, 55, 302, '', 0),
(5632, 29, 303, 'Trung tâm CNTT& Điện Tử Thái Sơn', 0),
(5633, 36, 303, '22', 0),
(5634, 38, 303, '36', 0),
(5635, 39, 303, '', 0),
(5636, 34, 303, 'Võ Nguyễn Đăng Khoa', 0),
(5637, 40, 303, '0983.770.506', 0),
(5638, 30, 303, '', 0),
(5639, 32, 303, '', 0),
(5640, 31, 303, '', 0),
(5641, 33, 303, '', 0),
(5642, 117, 303, '550', 0),
(5643, 46, 303, '414', 0),
(5644, 45, 303, '403', 0),
(5645, 50, 303, '', 0),
(5646, 52, 303, '444', 0),
(5647, 55, 303, '', 0),
(5648, 29, 304, 'Công ty TNHH Minh Châu', 0),
(5649, 36, 304, '22', 0),
(5650, 38, 304, '35', 0),
(5651, 39, 304, '', 0),
(5652, 34, 304, 'Nguyễn Thị Mỹ Linh', 0),
(5653, 40, 304, '0903.715.306', 0),
(5654, 30, 304, '', 0),
(5655, 32, 304, '', 0),
(5656, 31, 304, '08.8427417', 0),
(5657, 33, 304, '', 0),
(5658, 117, 304, '550', 0),
(5659, 46, 304, '414', 0),
(5660, 45, 304, '403', 0),
(5661, 50, 304, '', 0),
(5662, 52, 304, '444', 0),
(5663, 55, 304, '', 0),
(5664, 29, 305, 'Cty TNHH Nam Á Phú', 0),
(5665, 36, 305, '22', 0),
(5666, 38, 305, '34', 0),
(5667, 39, 305, '', 0),
(5668, 34, 305, 'A. Phụng', 0),
(5669, 40, 305, '0903399590', 0),
(5670, 30, 305, '107/14A Ngô Đức Kế, P.12, Q.Bình Thạnh', 0),
(5671, 32, 305, '', 0),
(5672, 31, 305, '', 0),
(5673, 33, 305, '', 0),
(5674, 117, 305, '550', 0),
(5675, 46, 305, '414', 0),
(5676, 45, 305, '403', 0),
(5677, 50, 305, '', 0),
(5678, 52, 305, '444', 0),
(5679, 55, 305, '', 0),
(5680, 29, 306, 'Công ty TNHH Lạc tỷ', 0),
(5681, 36, 306, '22', 0),
(5682, 38, 306, '34', 0),
(5683, 39, 306, '', 0),
(5684, 34, 306, '', 0),
(5685, 40, 306, '', 0),
(5686, 30, 306, '_ 3-5 Tên Lửa, phường An lạc A, quận Bình Tân. \n_ 92/4 Quốc lộ 1A, An Lạc Q. Bình Chánh TP.HCM', 0),
(5687, 32, 306, '', 0),
(5688, 31, 306, '08.875 4536', 0),
(5689, 33, 306, '', 0),
(5690, 117, 306, '550', 0),
(5691, 46, 306, '414', 0),
(5692, 45, 306, '403', 0),
(5693, 50, 306, '', 0),
(5694, 52, 306, '444', 0),
(5695, 55, 306, '', 0),
(5696, 29, 307, ' 	Công ty Pouyuen Việt Nam   Pouyuen VietNam Enterprise Ltd', 0),
(5697, 36, 307, '22', 0),
(5698, 38, 307, '34', 0),
(5699, 39, 307, '', 0),
(5700, 34, 307, '', 0),
(5701, 40, 307, '', 0),
(5702, 30, 307, 'D10/89 Quốc lộ 1A, Phường Tân Tạo, Quận Bình T', 0),
(5703, 32, 307, '', 0),
(5704, 31, 307, '', 0),
(5705, 33, 307, '', 0),
(5706, 117, 307, '550', 0),
(5707, 46, 307, '414', 0),
(5708, 45, 307, '403', 0),
(5709, 50, 307, '', 0),
(5710, 52, 307, '444', 0),
(5711, 55, 307, '', 0),
(5712, 29, 308, 'Cty Giày KWANG NAM', 0),
(5713, 36, 308, '22', 0),
(5714, 38, 308, '36', 0),
(5715, 39, 308, '', 0),
(5716, 34, 308, '', 0),
(5717, 40, 308, '', 0),
(5718, 30, 308, '426 Hồ Văn Huê, Q. Phú Nhuận, TP.HCM', 0),
(5719, 32, 308, '', 0),
(5720, 31, 308, '84 - 8 760 213 -  753 987', 0),
(5721, 33, 308, '', 0),
(5722, 117, 308, '550', 0),
(5723, 46, 308, '414', 0),
(5724, 45, 308, '403', 0),
(5725, 50, 308, '', 0),
(5726, 52, 308, '444', 0),
(5727, 55, 308, '', 0),
(5728, 29, 309, 'Cty TNHH Hướng Dương', 0),
(5729, 36, 309, '22', 0),
(5730, 38, 309, '36', 0),
(5731, 39, 309, '', 0),
(5732, 34, 309, 'Ông Phạm Xuân Lâm', 0),
(5733, 40, 309, '', 0),
(5734, 30, 309, '2A,Phan Văn Trị, F.10, Q.Gò vấp', 0),
(5735, 32, 309, '', 0),
(5736, 31, 309, '(84 – 8) 8 940 976', 0),
(5737, 33, 309, '', 0),
(5738, 117, 309, '550', 0),
(5739, 46, 309, '414', 0),
(5740, 45, 309, '403', 0),
(5741, 50, 309, '', 0),
(5742, 52, 309, '444', 0),
(5743, 55, 309, '', 0),
(5744, 29, 310, 'Quán Café Lặng', 0),
(5745, 36, 310, '22', 0),
(5746, 38, 310, '36', 0),
(5747, 39, 310, '', 0),
(5748, 34, 310, '', 0),
(5749, 40, 310, '', 0),
(5750, 30, 310, '173 Trần Huy Liệu, Q.Phú Nhuận', 0),
(5751, 32, 310, '', 0),
(5752, 31, 310, '', 0),
(5753, 33, 310, '', 0),
(5754, 117, 310, '550', 0),
(5755, 46, 310, '414', 0),
(5756, 45, 310, '403', 0),
(5757, 50, 310, '', 0),
(5758, 52, 310, '444', 0),
(5759, 55, 310, '', 0),
(5760, 29, 311, 'Nhà hàng Con Voi Bạc', 0),
(5761, 36, 311, '22', 0),
(5762, 38, 311, '36', 0),
(5763, 39, 311, '', 0),
(5764, 34, 311, '', 0),
(5765, 40, 311, '', 0),
(5766, 30, 311, '17 Đổ Quang Đẩu, P. Phạm Ngũ Lão, Q1, HCMC', 0),
(5767, 32, 311, '', 0),
(5768, 31, 311, '', 0),
(5769, 33, 311, '', 0),
(5770, 117, 311, '550', 0),
(5771, 46, 311, '414', 0),
(5772, 45, 311, '403', 0),
(5773, 50, 311, '', 0),
(5774, 52, 311, '444', 0),
(5775, 55, 311, '', 0),
(5776, 29, 312, 'Tranh xoắn giấy', 0),
(5777, 36, 312, '22', 0),
(5778, 38, 312, '36', 0),
(5779, 39, 312, '', 0),
(5780, 34, 312, 'Anh Thảo', 0),
(5781, 40, 312, '0908.694.668 ', 0),
(5782, 30, 312, '260/4 Phan Văn Hớn, P.Tân Thới Nhứt, Q.12', 0),
(5783, 32, 312, 'khoiphatart@gmail.com ', 0),
(5784, 31, 312, '', 0),
(5785, 33, 312, 'khoiphat.com', 0),
(5786, 117, 312, '550', 0),
(5787, 46, 312, '414', 0),
(5788, 45, 312, '403', 0),
(5789, 50, 312, '', 0),
(5790, 52, 312, '444', 0),
(5791, 55, 312, '', 0),
(5792, 29, 313, 'Thụy Kim Co., Ltd', 0),
(5793, 36, 313, '22', 0),
(5794, 38, 313, '36', 0),
(5795, 39, 313, '08.253 7612 ', 0),
(5796, 34, 313, 'Anh Sử', 0),
(5797, 40, 313, '0903.006.561 ', 0),
(5798, 30, 313, '9-10B Cc Mỹ Thuận, An Dương Vương, F16,Q.8', 0),
(5799, 32, 313, '', 0),
(5800, 31, 313, '08.253 7612', 0),
(5801, 33, 313, 'www.tkcrafts.com', 0),
(5802, 117, 313, '550', 0),
(5803, 46, 313, '414', 0),
(5804, 45, 313, '403', 0),
(5805, 50, 313, '', 0),
(5806, 52, 313, '444', 0),
(5807, 55, 313, '', 0),
(5808, 29, 314, 'Cơ sở dạy nghề Hy Vọng', 0),
(5809, 36, 314, '22', 0),
(5810, 38, 314, '36', 0),
(5811, 39, 314, '', 0),
(5812, 34, 314, 'Cô Võ Ngọc Liên', 0),
(5813, 40, 314, '', 0),
(5814, 30, 314, 'C33 Nguyễn Huy Diễn P10 Q.GV', 0),
(5815, 32, 314, '', 0),
(5816, 31, 314, '0889440790', 0),
(5817, 33, 314, '', 0),
(5818, 117, 314, '550', 0),
(5819, 46, 314, '414', 0),
(5820, 45, 314, '403', 0),
(5821, 50, 314, '', 0),
(5822, 52, 314, '444', 0),
(5823, 55, 314, '', 0),
(5824, 29, 315, 'Công ty Cổ phần Đầu Tư Thương Mại Dịch Vụ Thiên Minh', 0),
(5825, 36, 315, '22', 0),
(5826, 38, 315, '36', 0),
(5827, 39, 315, '', 0),
(5828, 34, 315, 'Chú Đức ', 0),
(5829, 40, 315, '0913922009 / 0903808009 / 0983266009', 0),
(5830, 30, 315, '15 Nguyễn Hiền P4 Q3', 0),
(5831, 32, 315, '', 0),
(5832, 31, 315, '0836121209', 0),
(5833, 33, 315, '', 0),
(5834, 117, 315, '550', 0),
(5835, 46, 315, '414', 0),
(5836, 45, 315, '403', 0),
(5837, 50, 315, '', 0),
(5838, 52, 315, '444', 0),
(5839, 55, 315, '', 0),
(5840, 29, 316, 'Cơ sở Kim Hòan Thiên Hòang ', 0),
(5841, 36, 316, '22', 0),
(5842, 38, 316, '36', 0),
(5843, 39, 316, '', 0),
(5844, 34, 316, 'Chú Trần Hải', 0),
(5845, 40, 316, '0903608905', 0),
(5846, 30, 316, '503 Tân Hòa Đông ,P. Bình Trị Đông , Bình Tân', 0),
(5847, 32, 316, '', 0),
(5848, 31, 316, '0837509746', 0),
(5849, 33, 316, '', 0),
(5850, 117, 316, '550', 0),
(5851, 46, 316, '414', 0),
(5852, 45, 316, '403', 0),
(5853, 50, 316, '', 0),
(5854, 52, 316, '444', 0),
(5855, 55, 316, '', 0),
(5856, 29, 317, 'Công ty Oliver Tree', 0),
(5857, 36, 317, '22', 0),
(5858, 38, 317, '36', 0),
(5859, 39, 317, '', 0),
(5860, 34, 317, 'Chị Linh', 0),
(5861, 40, 317, '', 0),
(5862, 30, 317, 'N28 đường D2 P25 Q. Bình Thạnh', 0),
(5863, 32, 317, '', 0),
(5864, 31, 317, '0838983032', 0),
(5865, 33, 317, '', 0),
(5866, 117, 317, '550', 0),
(5867, 46, 317, '414', 0),
(5868, 45, 317, '403', 0),
(5869, 50, 317, '', 0),
(5870, 52, 317, '444', 0),
(5871, 55, 317, '', 0),
(5872, 29, 318, 'Công ty TNHH TM Vĩnh Nam ', 0),
(5873, 36, 318, '22', 0),
(5874, 38, 318, '36', 0),
(5875, 39, 318, '', 0),
(5876, 34, 318, 'Chị Tước', 0),
(5877, 40, 318, '', 0),
(5878, 30, 318, 'KCN Phần mềm Quang Trung Quận 9', 0),
(5879, 32, 318, '', 0),
(5880, 31, 318, '', 0),
(5881, 33, 318, '', 0),
(5882, 117, 318, '550', 0),
(5883, 46, 318, '414', 0),
(5884, 45, 318, '403', 0),
(5885, 50, 318, '', 0),
(5886, 52, 318, '444', 0),
(5887, 55, 318, '', 0),
(5888, 29, 319, 'Cơ sở Matxa Nhật Hồng', 0),
(5889, 36, 319, '22', 0),
(5890, 38, 319, '36', 0),
(5891, 39, 319, '', 0),
(5892, 34, 319, 'Sơ Vân Nga', 0),
(5893, 40, 319, '0908861763', 0),
(5894, 30, 319, 'Ngã tư Bình Thái Bình Dương', 0),
(5895, 32, 319, '', 0),
(5896, 31, 319, '0862774562', 0),
(5897, 33, 319, '', 0),
(5898, 117, 319, '550', 0),
(5899, 41, 319, '337', 0),
(5900, 46, 319, '414', 0),
(5901, 45, 319, '403', 0),
(5902, 50, 319, '', 0),
(5903, 52, 319, '444', 0),
(5904, 55, 319, '', 0),
(5905, 29, 320, 'SOZO', 0),
(5906, 36, 320, '22', 0),
(5907, 38, 320, '36', 0),
(5908, 39, 320, '', 0),
(5909, 34, 320, 'Chị Thảo', 0),
(5910, 40, 320, '0909306971', 0),
(5911, 30, 320, '176 Bùi Viện, Q1', 0),
(5912, 32, 320, '', 0),
(5913, 31, 320, '', 0),
(5914, 33, 320, '', 0),
(5915, 117, 320, '550', 0),
(5916, 46, 320, '414', 0),
(5917, 45, 320, '403', 0),
(5918, 50, 320, '', 0),
(5919, 52, 320, '444', 0),
(5920, 55, 320, '', 0),
(5921, 29, 321, 'Blue Dragon', 0),
(5922, 36, 321, '22', 0),
(5923, 38, 321, '36', 0),
(5924, 39, 321, '', 0),
(5925, 34, 321, 'Anh Bình', 0),
(5926, 40, 321, '', 0),
(5927, 30, 321, '586/141Trần Hưng Đạo,Q5', 0),
(5928, 32, 321, '', 0),
(5929, 31, 321, '0913806946', 0),
(5930, 33, 321, '', 0),
(5931, 117, 321, '550', 0),
(5932, 46, 321, '414', 0),
(5933, 45, 321, '403', 0),
(5934, 50, 321, '', 0),
(5935, 52, 321, '444', 0),
(5936, 55, 321, '', 0),
(5937, 29, 322, 'Ngọc Phước', 0),
(5938, 36, 322, '22', 0),
(5939, 38, 322, '36', 0),
(5940, 39, 322, '', 0),
(5941, 34, 322, 'A. Thái Phong', 0),
(5942, 40, 322, '0988512568', 0),
(5943, 30, 322, '', 0),
(5944, 32, 322, '', 0),
(5945, 31, 322, '', 0),
(5946, 33, 322, '', 0),
(5947, 117, 322, '550', 0),
(5948, 46, 322, '414', 0),
(5949, 45, 322, '403', 0),
(5950, 50, 322, '', 0),
(5951, 52, 322, '444', 0),
(5952, 55, 322, '', 0),
(5953, 29, 324, 'Công ty CP TM & DV KT Thành Đạt', 0),
(5954, 36, 324, '22', 0),
(5955, 38, 324, '36', 0),
(5956, 39, 324, '', 0),
(5957, 34, 324, '', 0),
(5958, 40, 324, '0903.201.305', 0),
(5959, 30, 324, '389 Nguyễn Khang - Cầu Giấy Hà Nội', 0),
(5960, 32, 324, '', 0),
(5961, 31, 324, '04.7671380 / 04 7671381', 0),
(5962, 33, 324, '', 0),
(5963, 117, 324, '552', 0),
(5964, 46, 324, '414', 0),
(5965, 45, 324, '403', 0),
(5966, 50, 324, '', 0),
(5967, 52, 324, '444', 0),
(5968, 55, 324, '', 0),
(5969, 29, 325, 'Esoftflow Ltd., Co', 0),
(5970, 36, 325, '22', 0),
(5971, 38, 325, '36', 0),
(5972, 39, 325, '', 0),
(5973, 34, 325, '', 0),
(5974, 40, 325, '', 0),
(5975, 30, 325, 'P540 - Tòa nhà Thanh Hà- CC2 Bắc Linh Đàm - Hoàng Mai - Hà Nội', 0),
(5976, 32, 325, '', 0),
(5977, 31, 325, '04 6416864', 0),
(5978, 33, 325, 'http://www.shoponline.net.vn', 0),
(5979, 117, 325, '552', 0),
(5980, 46, 325, '414', 0),
(5981, 45, 325, '403', 0),
(5982, 50, 325, '', 0),
(5983, 52, 325, '444', 0),
(5984, 55, 325, '', 0),
(5985, 29, 326, '662/3 Sư vạn Hạnh (Nd),P.12,Q10', 0),
(5986, 36, 326, '22', 0),
(5987, 38, 326, '36', 0),
(5988, 39, 326, '', 0),
(5989, 34, 326, ' 	Lê Thị Hiền', 0),
(5990, 40, 326, '', 0),
(5991, 30, 326, '662/3 Sư vạn Hạnh (Nd),P.12,Q10', 0),
(5992, 32, 326, '', 0),
(5993, 31, 326, '0838249799  	', 0),
(5994, 33, 326, '', 0),
(5995, 117, 326, '552', 0),
(5996, 46, 326, '414', 0),
(5997, 45, 326, '403', 0),
(5998, 50, 326, '', 0),
(5999, 52, 326, '444', 0),
(6000, 55, 326, '', 0),
(6001, 117, 22, '550', 0),
(6002, 29, 327, 'Công ty Quang Đức', 0),
(6003, 36, 327, '22', 0),
(6004, 38, 327, '36', 0),
(6005, 39, 327, '', 0),
(6006, 34, 327, 'Chị Thu Cúc', 0),
(6007, 40, 327, '0909940272', 0),
(6008, 30, 327, '384 CMT8 P4 Q.Tân Bình', 0),
(6009, 32, 327, '', 0),
(6010, 31, 327, '', 0),
(6011, 33, 327, '', 0),
(6012, 117, 327, '550', 0),
(6013, 46, 327, '414', 0),
(6014, 45, 327, '403', 0),
(6015, 50, 327, '', 0),
(6016, 52, 327, '444', 0),
(6017, 55, 327, '', 0),
(6018, 29, 328, 'Câu lạc bộ Hoa Phượng', 0),
(6019, 36, 328, '22', 0),
(6020, 38, 328, '36', 0),
(6021, 39, 328, '', 0),
(6022, 34, 328, 'Cô VInh', 0),
(6023, 40, 328, '090380817', 0),
(6024, 30, 328, 'Lầu 1, Số 1 Đường Hoa Phượng, P2 Q. Phú Nhuận', 0),
(6025, 32, 328, '', 0),
(6026, 31, 328, '0977903362 chị Quỳnh', 0),
(6027, 33, 328, '', 0),
(6028, 117, 328, '550', 0),
(6029, 46, 328, '414', 0),
(6030, 45, 328, '403', 0),
(6031, 50, 328, '', 0),
(6032, 52, 328, '444', 0),
(6033, 55, 328, '', 0),
(6034, 29, 329, 'Công ty cổ phần sản xuất thương mại Gia Đứ', 0),
(6035, 36, 329, '22', 0),
(6036, 38, 329, '36', 0),
(6037, 39, 329, '0837313485', 0),
(6038, 34, 329, 'Anh Việt', 0),
(6039, 40, 329, '0918464228', 0),
(6040, 30, 329, '16A xa lộ Hà Nội, phường Phước Long B, Quận 9, Tp.HCM', 0),
(6041, 32, 329, '', 0),
(6042, 31, 329, '0837282079', 0),
(6043, 33, 329, '', 0),
(6044, 117, 329, '550', 0),
(6045, 46, 329, '414', 0),
(6046, 45, 329, '403', 0),
(6047, 50, 329, '', 0),
(6048, 52, 329, '444', 0),
(6049, 55, 329, '', 0),
(6050, 29, 330, 'Sở Nội Vụ', 0),
(6051, 36, 330, '22', 0),
(6052, 38, 330, '36', 0),
(6053, 39, 330, '', 0),
(6054, 34, 330, 'Anh Phú', 0),
(6055, 40, 330, '0903358889  ', 0),
(6056, 30, 330, '', 0),
(6057, 32, 330, '', 0),
(6058, 31, 330, '0838299512', 0),
(6059, 33, 330, '', 0),
(6060, 117, 330, '550', 0),
(6061, 46, 330, '414', 0),
(6062, 45, 330, '403', 0),
(6063, 50, 330, '', 0),
(6064, 52, 330, '444', 0),
(6065, 55, 330, '', 0),
(6066, 29, 331, 'Doanh Nghiệp Lưới Đánh Cá Tân Thế Giới', 0),
(6067, 36, 331, '22', 0),
(6068, 38, 331, '36', 0),
(6069, 39, 331, '', 0),
(6070, 34, 331, 'Anh Nam', 0),
(6071, 40, 331, '0983256255', 0),
(6072, 30, 331, 'B282A Đường Nguyễn Văn Hóa, F12, Q10', 0),
(6073, 32, 331, '', 0),
(6074, 31, 331, '', 0),
(6075, 33, 331, '', 0),
(6076, 117, 331, '550', 0),
(6077, 46, 331, '414', 0),
(6078, 45, 331, '403', 0),
(6079, 50, 331, '', 0),
(6080, 52, 331, '444', 0),
(6081, 55, 331, '', 0),
(6082, 29, 332, 'Công Ty Cổ Phần Bảo Hiểm Bảo Lâm ', 0),
(6083, 36, 332, '22', 0),
(6084, 38, 332, '36', 0),
(6085, 39, 332, '', 0),
(6086, 34, 332, 'Ông Tú', 0),
(6087, 40, 332, '0933883209', 0),
(6088, 30, 332, '508, đường3 tháng 2, P14, Q10', 0),
(6089, 32, 332, '', 0),
(6090, 31, 332, '', 0),
(6091, 33, 332, '', 0),
(6092, 117, 332, '550', 0),
(6093, 46, 332, '414', 0),
(6094, 45, 332, '403', 0),
(6095, 50, 332, '', 0),
(6096, 52, 332, '444', 0),
(6097, 55, 332, '', 0),
(6098, 29, 333, 'Công Ty FTA', 0),
(6099, 36, 333, '22', 0),
(6100, 38, 333, '36', 0),
(6101, 39, 333, '', 0),
(6102, 34, 333, 'Ông Đại', 0),
(6103, 40, 333, '0908271001', 0),
(6104, 30, 333, '96 Nguyễn Cửu Vân, F17, Q. Bình Thạnh', 0),
(6105, 32, 333, '', 0),
(6106, 31, 333, '', 0),
(6107, 33, 333, '', 0),
(6108, 117, 333, '550', 0),
(6109, 46, 333, '414', 0),
(6110, 45, 333, '403', 0),
(6111, 50, 333, '', 0),
(6112, 52, 333, '444', 0),
(6113, 55, 333, '', 0),
(6114, 29, 334, 'Đại Lý Vé Máy Bay Én Việt', 0),
(6115, 36, 334, '22', 0),
(6116, 38, 334, '36', 0),
(6117, 39, 334, '', 0),
(6118, 34, 334, 'Anh Tân', 0),
(6119, 40, 334, '', 0),
(6120, 30, 334, '489 Hoàng Văn Thụ, F4, Q Tân Bình', 0),
(6121, 32, 334, '', 0),
(6122, 31, 334, '01688118118 (chị Hường)', 0),
(6123, 33, 334, '', 0),
(6124, 117, 334, '550', 0),
(6125, 46, 334, '414', 0),
(6126, 45, 334, '403', 0),
(6127, 50, 334, '', 0),
(6128, 52, 334, '444', 0),
(6129, 55, 334, '', 0),
(6130, 29, 335, 'Quán Ăn Đại Lợi', 0),
(6131, 36, 335, '22', 0),
(6132, 38, 335, '35', 0),
(6133, 39, 335, '', 0),
(6134, 34, 335, '', 0),
(6135, 40, 335, '', 0),
(6136, 30, 335, '136/3A Lê Đức Thọ, F11,Q Gò Vấp', 0),
(6137, 32, 335, '', 0),
(6138, 31, 335, '', 0),
(6139, 33, 335, '', 0),
(6140, 117, 335, '550', 0),
(6141, 46, 335, '414', 0),
(6142, 45, 335, '403', 0),
(6143, 50, 335, '', 0),
(6144, 52, 335, '444', 0),
(6145, 55, 335, '', 0),
(6146, 29, 336, 'Cơ sở nữ trang Thanh Hải', 0),
(6147, 36, 336, '22', 0),
(6148, 38, 336, '36', 0),
(6149, 39, 336, '', 0),
(6150, 34, 336, 'Anh Hải', 0),
(6151, 40, 336, '', 0),
(6152, 30, 336, '364/16C Bến Bình Đông, P.15, Q.8', 0),
(6153, 32, 336, '', 0),
(6154, 31, 336, '', 0),
(6155, 33, 336, '', 0),
(6156, 117, 336, '550', 0),
(6157, 46, 336, '414', 0),
(6158, 45, 336, '403', 0),
(6159, 50, 336, '', 0),
(6160, 52, 336, '444', 0),
(6161, 55, 336, '', 0),
(6162, 29, 337, 'Cty DV kế toán Cao Minh', 0),
(6163, 36, 337, '22', 0),
(6164, 38, 337, '36', 0),
(6165, 39, 337, '', 0),
(6166, 34, 337, 'Anh Sang ', 0),
(6167, 40, 337, '0918656163', 0),
(6168, 30, 337, '480/15 Nguyễn Tri Phương, P9, Q10, TP.Hồ Chí Minh', 0),
(6169, 32, 337, 'caobeco@yahoo.com', 0),
(6170, 31, 337, '08.39273754', 0),
(6171, 33, 337, '', 0),
(6172, 117, 337, '550', 0),
(6173, 46, 337, '414', 0),
(6174, 45, 337, '403', 0),
(6175, 50, 337, '', 0),
(6176, 52, 337, '444', 0),
(6177, 55, 337, '', 0),
(6178, 29, 338, 'Cty  Hoa Đất Sét', 0),
(6179, 36, 338, '22', 0),
(6180, 38, 338, '36', 0),
(6181, 39, 338, '', 0),
(6182, 34, 338, '', 0),
(6183, 40, 338, '', 0),
(6184, 30, 338, '284 Nguyễn Chí Thanh, Q10', 0),
(6185, 32, 338, '', 0),
(6186, 31, 338, '', 0),
(6187, 33, 338, '', 0),
(6188, 117, 338, '550', 0),
(6189, 46, 338, '414', 0),
(6190, 45, 338, '403', 0),
(6191, 50, 338, '', 0),
(6192, 52, 338, '444', 0),
(6193, 55, 338, '', 0),
(6194, 29, 339, 'Cty TNHH SX-TM-DV Vĩnh Tòan', 0),
(6195, 36, 339, '22', 0),
(6196, 38, 339, '36', 0),
(6197, 39, 339, '', 0),
(6198, 34, 339, '', 0),
(6199, 40, 339, '', 0),
(6200, 30, 339, 'KCN Singapore, Thuận An Bình Dương', 0),
(6201, 32, 339, '', 0),
(6202, 31, 339, '', 0),
(6203, 33, 339, '', 0),
(6204, 117, 339, '550', 0),
(6205, 46, 339, '414', 0),
(6206, 45, 339, '403', 0),
(6207, 50, 339, '', 0),
(6208, 52, 339, '444', 0),
(6209, 55, 339, '', 0),
(6210, 29, 340, 'CÔNG TY TNHH SX-TV-TK-XD- NHẬT THANH', 0),
(6211, 36, 340, '22', 0),
(6212, 38, 340, '36', 0),
(6213, 39, 340, '', 0),
(6214, 34, 340, '', 0),
(6215, 40, 340, '', 0),
(6216, 30, 340, '364/16C Bến Bình Đông, P.15, Q.8', 0),
(6217, 32, 340, '', 0),
(6218, 31, 340, '', 0),
(6219, 33, 340, '', 0),
(6220, 117, 340, '550', 0),
(6221, 46, 340, '414', 0),
(6222, 45, 340, '403', 0),
(6223, 50, 340, '', 0),
(6224, 52, 340, '444', 0),
(6225, 55, 340, '', 0),
(6226, 29, 341, ' 	Viện Máy tính Việt Nam - Vietnam Institute of Computer', 0),
(6227, 36, 341, '22', 0),
(6228, 38, 341, '36', 0),
(6229, 39, 341, '(08)3844 6439', 0),
(6230, 34, 341, 'Nguyễn Thị Thanh Hương', 0),
(6231, 40, 341, '', 0),
(6232, 30, 341, '178-180 Hoàng Văn Thụ,P.9, Q.Phú Nhuận, Tp.HCM', 0),
(6233, 32, 341, '', 0),
(6234, 31, 341, '(84.8) 3844 2008 - 3844 2011- 3844 6442', 0),
(6235, 33, 341, 'www.vienmaytinh.org ', 0),
(6236, 117, 341, '550', 0),
(6237, 46, 341, '414', 0),
(6238, 45, 341, '403', 0),
(6239, 50, 341, '', 0),
(6240, 52, 341, '444', 0),
(6241, 55, 341, '', 0),
(6242, 29, 342, 'Công ty TNHH Tư vấn Công nghệ Viễn thông tin học ETI', 0),
(6243, 36, 342, '22', 0),
(6244, 38, 342, '36', 0),
(6245, 39, 342, '', 0),
(6246, 34, 342, 'Phan Thị Đức Việt', 0),
(6247, 40, 342, '', 0),
(6248, 30, 342, '75 Ngô Đức Kế, phường 12, Bình Thạnh, TPHCM', 0),
(6249, 32, 342, 'etihcm@yahoo.com', 0),
(6250, 31, 342, '0913809969 or 0929696000', 0),
(6251, 33, 342, '', 0),
(6252, 117, 342, '550', 0),
(6253, 46, 342, '414', 0),
(6254, 45, 342, '403', 0),
(6255, 50, 342, '', 0),
(6256, 52, 342, '444', 0),
(6257, 55, 342, '', 0),
(6258, 29, 343, 'NHÀ THÊU NỮ VƯƠNG HÒA BÌNH ', 0),
(6259, 36, 343, '22', 0),
(6260, 38, 343, '36', 0),
(6261, 39, 343, '', 0),
(6262, 34, 343, 'Soeur Thuận Nguyễn', 0),
(6263, 40, 343, '', 0),
(6264, 30, 343, '42 Tú Xương. Q.3. Tp.HCM', 0),
(6265, 32, 343, '', 0),
(6266, 31, 343, '', 0),
(6267, 33, 343, '', 0),
(6268, 117, 343, '550', 0),
(6269, 46, 343, '414', 0),
(6270, 45, 343, '403', 0),
(6271, 50, 343, '', 0),
(6272, 52, 343, '444', 0),
(6273, 55, 343, '', 0),
(6274, 29, 344, 'Công ty sửa chửa điện thoại di động', 0),
(6275, 36, 344, '22', 0),
(6276, 38, 344, '36', 0),
(6277, 39, 344, '', 0),
(6278, 34, 344, '', 0),
(6279, 40, 344, '', 0),
(6280, 30, 344, '522 Lê Hồng Phong, P.1, Q.10', 0),
(6281, 32, 344, '', 0),
(6282, 31, 344, '', 0),
(6283, 33, 344, '', 0),
(6284, 117, 344, '550', 0),
(6285, 46, 344, '414', 0),
(6286, 45, 344, '403', 0),
(6287, 50, 344, '', 0),
(6288, 52, 344, '444', 0),
(6289, 55, 344, '', 0),
(6290, 29, 345, 'Công ty Digital Work', 0),
(6291, 36, 345, '22', 0),
(6292, 38, 345, '36', 0),
(6293, 39, 345, '', 0),
(6294, 34, 345, 'Ông Vũ', 0),
(6295, 40, 345, '', 0),
(6296, 30, 345, 'E- Town 2, 354 Cộng hòa, Q.Tân Bình', 0),
(6297, 32, 345, '', 0),
(6298, 31, 345, '', 0),
(6299, 33, 345, '', 0),
(6300, 117, 345, '550', 0),
(6301, 46, 345, '414', 0),
(6302, 45, 345, '403', 0),
(6303, 50, 345, '', 0),
(6304, 52, 345, '444', 0),
(6305, 55, 345, '', 0),
(6306, 117, 30, '550', 0);

-- --------------------------------------------------------

--
-- Table structure for table `field_form`
--
-- Creation: Jul 29, 2010 at 04:48 PM
-- Last update: Aug 12, 2010 at 12:06 PM
-- Last check: Jul 29, 2010 at 04:48 PM
--

DROP TABLE IF EXISTS `field_form`;
CREATE TABLE IF NOT EXISTS `field_form` (
  `FieldID` int(10) unsigned NOT NULL,
  `FormID` int(10) unsigned NOT NULL,
  `OrderInForm` int(10) unsigned NOT NULL default '0',
  PRIMARY KEY  (`FieldID`,`FormID`),
  KEY `FK_ASSOCIATION_5` (`FormID`)
) ENGINE=MyISAM DEFAULT CHARSET=utf8 COLLATE=utf8_unicode_ci;

--
-- Dumping data for table `field_form`
--

INSERT INTO `field_form` (`FieldID`, `FormID`, `OrderInForm`) VALUES
(110, 1, 0),
(109, 1, 0),
(108, 1, 0),
(107, 1, 0),
(79, 6, 0),
(106, 1, 0),
(105, 1, 0),
(80, 6, 0),
(19, 2, 0),
(20, 2, 0),
(21, 2, 0),
(22, 2, 0),
(29, 9, 0),
(30, 9, 0),
(31, 9, 0),
(32, 9, 0),
(33, 9, 0),
(34, 9, 0),
(36, 9, 0),
(38, 9, 0),
(39, 9, 0),
(40, 9, 0),
(41, 10, 0),
(42, 10, 0),
(44, 10, 0),
(45, 11, 0),
(46, 11, 0),
(50, 11, 0),
(51, 12, 0),
(52, 12, 0),
(53, 12, 0),
(54, 12, 0),
(55, 13, 0),
(56, 14, 0),
(57, 14, 0),
(58, 14, 0),
(59, 14, 0),
(60, 15, 0),
(61, 15, 0),
(62, 15, 0),
(63, 15, 0),
(64, 16, 0),
(65, 16, 0),
(66, 16, 0),
(67, 16, 0),
(68, 17, 0),
(69, 17, 0),
(71, 17, 0),
(74, 17, 0),
(73, 17, 0),
(75, 17, 0),
(76, 18, 0),
(77, 18, 0),
(77, 0, 0),
(78, 19, 0),
(18, 0, 0),
(78, 0, 0),
(81, 6, 0),
(82, 3, 0),
(83, 3, 0),
(84, 4, 0),
(85, 4, 0),
(86, 4, 0),
(93, 4, 0),
(88, 4, 0),
(94, 4, 0),
(90, 3, 0),
(91, 3, 0),
(92, 3, 0),
(104, 1, 0),
(103, 1, 0),
(102, 1, 0),
(112, 1, 0),
(113, 2, 0),
(114, 4, 0),
(115, 6, 0),
(116, 1, 0),
(117, 9, 0);

-- --------------------------------------------------------

--
-- Table structure for table `forms`
--
-- Creation: Jul 29, 2010 at 04:48 PM
-- Last update: Jul 29, 2010 at 04:48 PM
--

DROP TABLE IF EXISTS `forms`;
CREATE TABLE IF NOT EXISTS `forms` (
  `FormID` int(10) unsigned NOT NULL auto_increment,
  `FormName` varchar(255) collate utf8_unicode_ci NOT NULL,
  `Description` text collate utf8_unicode_ci,
  PRIMARY KEY  (`FormID`)
) ENGINE=MyISAM  DEFAULT CHARSET=utf8 COLLATE=utf8_unicode_ci AUTO_INCREMENT=21 ;

--
-- Dumping data for table `forms`
--

INSERT INTO `forms` (`FormID`, `FormName`, `Description`) VALUES
(1, 'Thông tin cá nhân người tìm việc', 'for Job Seeker'),
(2, 'Thông tin khuyết tật người tìm việc', 'for Job Seeker'),
(3, 'Trình độ học vấn/ Ngành nghề chuyên môn', 'for Job Seeker'),
(4, 'Các kĩ năng và sở thích cá nhân', 'for Job Seeker'),
(5, 'Thông tin công việc', 'for Job Seeker'),
(6, '3 tháng theo dõi', 'for Job Seeker'),
(7, '6 tháng theo dõi', 'for Job Seeker'),
(8, '12  tháng theo dõi', 'for Job Seeker'),
(9, 'Thông tin nhà tuyển dụng', 'for Employer'),
(10, 'Reasonable Accomodation', 'for Employer'),
(11, 'Yêu cầu về trình độ', 'for Employer'),
(12, 'Yêu cầu về kĩ năng, khả năng DRD hỗ trợ', 'for Employer'),
(13, 'Thông tin về việc làm', 'for Employer'),
(14, '3 tháng theo dõi', 'for Employer'),
(15, '6  tháng theo dõi', 'for Employer'),
(16, '12  tháng theo dõi', 'for Employer'),
(17, 'Thông tin phản hồi từ nhà tuyển dụng', 'for Employer'),
(18, 'Thông tin cá nhân', ''),
(19, 'Chi tiết thông tin công việc (Job Details)', ''),
(20, 'Nguoi tim viec', 'jjkjk');

-- --------------------------------------------------------

--
-- Table structure for table `form_process`
--
-- Creation: Jul 29, 2010 at 04:48 PM
-- Last update: Jul 29, 2010 at 04:48 PM
--

DROP TABLE IF EXISTS `form_process`;
CREATE TABLE IF NOT EXISTS `form_process` (
  `FormID` int(10) unsigned NOT NULL,
  `ProcessID` int(10) unsigned NOT NULL,
  PRIMARY KEY  (`FormID`,`ProcessID`)
) ENGINE=MyISAM DEFAULT CHARSET=utf8 COLLATE=utf8_unicode_ci;

--
-- Dumping data for table `form_process`
--

INSERT INTO `form_process` (`FormID`, `ProcessID`) VALUES
(1, 1),
(2, 2),
(3, 2),
(4, 2),
(5, 2),
(6, 3),
(7, 3),
(8, 3),
(9, 4),
(10, 5),
(11, 5),
(12, 5),
(13, 5),
(14, 6),
(15, 6),
(16, 6),
(17, 6),
(18, 8),
(19, 9),
(20, 2);

-- --------------------------------------------------------

--
-- Table structure for table `objectclass`
--
-- Creation: Jul 29, 2010 at 04:48 PM
-- Last update: Jul 29, 2010 at 04:48 PM
--

DROP TABLE IF EXISTS `objectclass`;
CREATE TABLE IF NOT EXISTS `objectclass` (
  `ObjectClassID` int(10) unsigned NOT NULL auto_increment,
  `AccessDataURI` varchar(100) collate utf8_unicode_ci NOT NULL,
  `ObjectClassName` varchar(500) collate utf8_unicode_ci NOT NULL,
  `Description` text collate utf8_unicode_ci,
  PRIMARY KEY  (`ObjectClassID`),
  UNIQUE KEY `AccessDataURI` (`AccessDataURI`)
) ENGINE=MyISAM  DEFAULT CHARSET=utf8 COLLATE=utf8_unicode_ci AUTO_INCREMENT=5 ;

--
-- Dumping data for table `objectclass`
--

INSERT INTO `objectclass` (`ObjectClassID`, `AccessDataURI`, `ObjectClassName`, `Description`) VALUES
(1, 'job_seekers', 'Người tìm việc / Job seekers', ''),
(2, 'employers', 'Employers / Nhà tuyển dụng', ''),
(3, '', 'Job Coaches', 'Người hỗ trợ cho người tìm việc'),
(4, 'jobs', 'Job / Công việc', 'Đối tượng công việc. Bao gồm các thông tin về công việc.\n(this object contains all attributes of a job )');

-- --------------------------------------------------------

--
-- Table structure for table `objecthtmlcaches`
--
-- Creation: Jul 29, 2010 at 04:48 PM
-- Last update: Aug 12, 2010 at 02:34 PM
--

DROP TABLE IF EXISTS `objecthtmlcaches`;
CREATE TABLE IF NOT EXISTS `objecthtmlcaches` (
  `cacheID` bigint(20) unsigned NOT NULL auto_increment,
  `objectClass` varchar(30) character set utf8 NOT NULL default '',
  `objectPK` bigint(20) unsigned NOT NULL default '0',
  `cacheContent` text collate utf8_unicode_ci NOT NULL,
  `javascriptContent` text collate utf8_unicode_ci NOT NULL,
  PRIMARY KEY  (`cacheID`)
) ENGINE=MyISAM  DEFAULT CHARSET=utf8 COLLATE=utf8_unicode_ci AUTO_INCREMENT=18 ;

--
-- Dumping data for table `objecthtmlcaches`
--

INSERT INTO `objecthtmlcaches` (`cacheID`, `objectClass`, `objectPK`, `cacheContent`, `javascriptContent`) VALUES
(2, 'form_', 1, '<div><div>\n    <label for="field_108" class="vietnamese_english">Giới tính / Gender</label>\n    <select id="field_108" name="field_108" class="searchable  validate[required]">\n                <option value="457" class="vietnamese_english">Nam</option>\n                <option value="458" class="vietnamese_english">Nữ</option>\n            </select>\n</div></div><div><div class="datapicker_wrapper">\n    <label for="field_110" class="vietnamese_english">Ngày sinh / Date of birth:</label>\n    &lt;input id="field_110" name="field_110" value="" class="searchable  validate[required]" type="text"&gt;\n    &lt;!--SCRIPT\n        var field_110_init = function(){\n            var options = {autoSize: true , constrainInput: true };\n                        options.dateFormat = ''dd/mm/yy'';\n            options.changeYear = true;\n            options.yearRange = ''1950:2010'';\n            options.dayNamesMin = [''CN'', ''T2'', ''T3'', ''T4'', ''T5'', ''T6'', ''T7''];\n            options.monthNames = [''Tháng 1,'',''Tháng 2,'',''Tháng 3,'',''Tháng 4,'',''Tháng 5,'',''Tháng 6,'',''Tháng 7,'',''Tháng 8,'',''Tháng 9,'',''Tháng 10,'',''Tháng 11,'',''Tháng 12,''];\n            options.nextText = ''Tháng kế tiếp'' ;\n            options.prevText = ''Tháng trước'' ;\n                        jQuery("#field_110").datepicker(options);\n        };\n        field_110_init();\n    --&gt;\n</div>\n</div><div><div class="textarea_wrapper">\n    <label for="field_107" class="vietnamese_english">Địa chỉ thường trú</label>\n    &lt;textarea id="field_107" name="field_107" rows="4" cols="20" class="searchable"&gt;&lt;/textarea>\n</div></div><div><div>\n    <label for="field_109" class="vietnamese_english">Tuổi / Age</label>\n    <select id="field_109" name="field_109" class="searchable">\n                <option value="459" class="vietnamese_english">10 - 20</option>\n                <option value="460" class="vietnamese_english">21 - 30</option>\n                <option value="461" class="vietnamese_english">31 - 40</option>\n                <option value="462" class="vietnamese_english">41 - 50</option>\n            </select>\n</div></div><div><div class="textarea_wrapper">\n    <label for="field_106" class="vietnamese_english">Địa chỉ liên lạc / Contact Address</label>\n    &lt;textarea id="field_106" name="field_106" rows="4" cols="20" class="searchable  validate[required,length[0,200]]"&gt;&lt;/textarea>\n</div></div><div><div class="textinput_wrapper"><label for="field_105" class="vietnamese_english" style="">Di động / Mobile</label>&lt;input name="field_105" value="" id="field_105" size="50" class="searchable" type="text"&gt;&lt;/div></div><div><div class="textinput_wrapper"><label for="field_104" class="vietnamese_english" style="">Điện thoại / Phone</label>&lt;input name="field_104" value="" id="field_104" size="50" class="searchable" type="text"&gt;&lt;/div></div><div><div class="textinput_wrapper"><label for="field_103" class="vietnamese_english" style="">Email</label>&lt;input name="field_103" value="" id="field_103" size="50" class="searchable" type="text"&gt;&lt;/div></div><div><div class="datapicker_wrapper">\n    <label for="field_102" class="vietnamese_english">Ngày đăng ký / Register Date:</label>\n    &lt;input id="field_102" name="field_102" value="" class="searchable  validate[required]" type="text"&gt;\n    &lt;!--SCRIPT\n        var field_102_init = function(){\n            var options = {autoSize: true , constrainInput: true };\n                        options.dateFormat = ''dd/mm/yy'';\n            options.changeYear = true;\n            options.yearRange = ''1950:2010'';\n            options.dayNamesMin = [''CN'', ''T2'', ''T3'', ''T4'', ''T5'', ''T6'', ''T7''];\n            options.monthNames = [''Tháng 1,'',''Tháng 2,'',''Tháng 3,'',''Tháng 4,'',''Tháng 5,'',''Tháng 6,'',''Tháng 7,'',''Tháng 8,'',''Tháng 9,'',''Tháng 10,'',''Tháng 11,'',''Tháng 12,''];\n            options.nextText = ''Tháng kế tiếp'' ;\n            options.prevText = ''Tháng trước'' ;\n                        jQuery("#field_102").datepicker(options);\n        };\n        field_102_init();\n    --&gt;\n</div>\n</div><div><div class="textinput_wrapper"><label for="field_112" class="vietnamese_english" style="">Họ và Tên / Fullname</label>&lt;input name="field_112" value="" id="field_112" size="50" class="searchable  validate[required,length[0,50]]" type="text"&gt;&lt;/div></div><div><div>\n    <p class="vietnamese_english">Tình trang viec lam</p>\n            <div class="radiobutton_wrapper">\n            &lt;input id="Q8n7yw866" name="field_116" value="548" class="searchable" type="radio"&gt;\n            <label for="Q8n7yw866" class="vietnamese_english">Đã có việc làm</label>\n        </div>\n            <div class="radiobutton_wrapper">\n            &lt;input id="X8RsI06LvC2" name="field_116" value="549" class="searchable" type="radio"&gt;\n            <label for="X8RsI06LvC2" class="vietnamese_english">Chưa có việc làm</label>\n        </div>\n    </div></div>', 'var field_102_init = function(){\n            var options = {autoSize: true , constrainInput: true };\n                        options.dateFormat = ''dd/mm/yy'';\n            options.changeYear = true;\n            options.yearRange = ''1950:2010'';\n            options.dayNamesMin = [''CN'', ''T2'', ''T3'', ''T4'', ''T5'', ''T6'', ''T7''];\n            options.monthNames = [''Tháng 1,'',''Tháng 2,'',''Tháng 3,'',''Tháng 4,'',''Tháng 5,'',''Tháng 6,'',''Tháng 7,'',''Tháng 8,'',''Tháng 9,'',''Tháng 10,'',''Tháng 11,'',''Tháng 12,''];\n            options.nextText = ''Tháng kế tiếp'' ;\n            options.prevText = ''Tháng trước'' ;\n                        jQuery("#field_102").datepicker(options);\n        };\n        field_102_init();'),
(3, 'form_', 2, '<div style="position: relative; top: 0px; left: 0px;"><div>\n    <p class="vietnamese_english">Dạng tật / Disability</p>\n                &lt;input id="mkzhrng" name="field_19" value="73" type="checkbox"&gt;\n            <label for="mkzhrng" class="vietnamese_english">Khiếm thính / Hearing impairment</label>\n            <br>\n                &lt;input id="hoktsc" name="field_19" value="74" type="checkbox"&gt;\n            <label for="hoktsc" class="vietnamese_english">Khiếm thị / Vision impairment</label>\n            <br>\n                &lt;input id="qkqpqbvc" name="field_19" value="75" type="checkbox"&gt;\n            <label for="qkqpqbvc" class="vietnamese_english">Khuyết ật vận động / Physical disability</label>\n            <br>\n                &lt;input id="uqkbhrke" name="field_19" value="76" type="checkbox"&gt;\n            <label for="uqkbhrke" class="vietnamese_english">Tâm thần / Mental health</label>\n            <br>\n                &lt;input id="mluizrry" name="field_19" value="77" type="checkbox"&gt;\n            <label for="mluizrry" class="vietnamese_english">Khuyết tật  trí tuệ / Intellectual disability</label>\n            <br>\n                &lt;input id="lamhqiof" name="field_19" value="78" type="checkbox"&gt;\n            <label for="lamhqiof" class="vietnamese_english">Bệnh mãn tính / Long term health condition</label>\n            <br>\n                &lt;input id="fcyigzs" name="field_19" value="108" type="checkbox"&gt;\n            <label for="fcyigzs" class="vietnamese_english">Sứt môi, hở hàm ếch / Harelip</label>\n            <br>\n                &lt;input id="gnbkzwu" name="field_19" value="109" type="checkbox"&gt;\n            <label for="gnbkzwu" class="vietnamese_english">Bệnh lùn / Draft</label>\n            <br>\n                &lt;input id="uoswcuj" name="field_19" value="110" type="checkbox"&gt;\n            <label for="uoswcuj" class="vietnamese_english">Bệnh già trước tuổi /</label>\n            <br>\n                &lt;input id="szzzyg" name="field_19" value="111" type="checkbox"&gt;\n            <label for="szzzyg" class="vietnamese_english">Gù lưng / Hunch-backed</label>\n            <br>\n                &lt;input id="mpuvoo" name="field_19" value="112" type="checkbox"&gt;\n            <label for="mpuvoo" class="vietnamese_english">Xương thủy tinh / Crystal Bone</label>\n            <br>\n                &lt;input id="vlfyode" name="field_19" value="463" type="checkbox"&gt;\n            <label for="vlfyode" class="vietnamese_english">Hội chứng Down / Down Sydrome</label>\n            <br>\n                &lt;input id="hiddomjp" name="field_19" value="464" type="checkbox"&gt;\n            <label for="hiddomjp" class="vietnamese_english">Khác / Other</label>\n            <br>\n    </div></div><div style="position: relative; top: 0px; left: 0px;"><div>\n    <p class="vietnamese_english">Chi tiết dạng tật/Details of Disability</p>\n                &lt;input id="ojyyml" name="field_20" value="113" type="checkbox"&gt;\n            <label for="ojyyml" class="vietnamese_english">Điếc / Deaf</label>\n            <br>\n                &lt;input id="zgnblhrf" name="field_20" value="114" type="checkbox"&gt;\n            <label for="zgnblhrf" class="vietnamese_english">Nghe kém / Hard of hearing</label>\n            <br>\n                &lt;input id="lkvbta" name="field_20" value="115" type="checkbox"&gt;\n            <label for="lkvbta" class="vietnamese_english">Mới bị mất thính lực</label>\n            <br>\n                &lt;input id="motdlosw" name="field_20" value="116" type="checkbox"&gt;\n            <label for="motdlosw" class="vietnamese_english">Nói đuợc, không nghe được / Speaking without hearing</label>\n            <br>\n                &lt;input id="byltqqs" name="field_20" value="117" type="checkbox"&gt;\n            <label for="byltqqs" class="vietnamese_english">Nghe được, không nói được / Hearing without speaking</label>\n            <br>\n                &lt;input id="furvwo" name="field_20" value="118" type="checkbox"&gt;\n            <label for="furvwo" class="vietnamese_english">Mù / Blind</label>\n            <br>\n                &lt;input id="jqoskiw" name="field_20" value="119" type="checkbox"&gt;\n            <label for="jqoskiw" class="vietnamese_english">Lòa / Low vision</label>\n            <br>\n                &lt;input id="gslzzd" name="field_20" value="120" type="checkbox"&gt;\n            <label for="gslzzd" class="vietnamese_english">Thị trường hẹp / Restricted vision</label>\n            <br>\n                &lt;input id="dmyvgzmc" name="field_20" value="121" type="checkbox"&gt;\n            <label for="dmyvgzmc" class="vietnamese_english">Hỏng một mắt / blind in one eye</label>\n            <br>\n                &lt;input id="afzvcuo" name="field_20" value="122" type="checkbox"&gt;\n            <label for="afzvcuo" class="vietnamese_english">Liệt toàn thân / Total paralysis</label>\n            <br>\n                &lt;input id="vdphmmm" name="field_20" value="123" type="checkbox"&gt;\n            <label for="vdphmmm" class="vietnamese_english">Liệt nửa người / Partial paralysis</label>\n            <br>\n                &lt;input id="hoahjeto" name="field_20" value="124" type="checkbox"&gt;\n            <label for="hoahjeto" class="vietnamese_english">Cụt 2 chân / Amputation of 2 legs</label>\n            <br>\n                &lt;input id="rkygvggb" name="field_20" value="125" type="checkbox"&gt;\n            <label for="rkygvggb" class="vietnamese_english">Cụt 1 chân / Amputation of 1 leg</label>\n            <br>\n                &lt;input id="cmljghv" name="field_20" value="126" type="checkbox"&gt;\n            <label for="cmljghv" class="vietnamese_english">Cụt 2 bàn chân / Amputation of 2 feet</label>\n            <br>\n                &lt;input id="vkqljb" name="field_20" value="127" type="checkbox"&gt;\n            <label for="vkqljb" class="vietnamese_english">Cụt 1 bàn chân / Amputation of 1 foot</label>\n            <br>\n                &lt;input id="mpinjd" name="field_20" value="128" type="checkbox"&gt;\n            <label for="mpinjd" class="vietnamese_english">Cụt 2 cánh tay / Amputation of 2 arms</label>\n            <br>\n                &lt;input id="ixyqsnu" name="field_20" value="129" type="checkbox"&gt;\n            <label for="ixyqsnu" class="vietnamese_english">Cụt 1 cánh tay / Amputation of 1 arm</label>\n            <br>\n                &lt;input id="ahppwo" name="field_20" value="130" type="checkbox"&gt;\n            <label for="ahppwo" class="vietnamese_english">Cụt 2 bàn tay / Amputation of 2 hands</label>\n            <br>\n                &lt;input id="tcadelw" name="field_20" value="229" type="checkbox"&gt;\n            <label for="tcadelw" class="vietnamese_english">Cụt 1 bàn tay / Amputation of 1 hand</label>\n            <br>\n                &lt;input id="djxmyj" name="field_20" value="230" type="checkbox"&gt;\n            <label for="djxmyj" class="vietnamese_english">Cụt ngón chân / Amputation of toe</label>\n            <br>\n                &lt;input id="osacjsx" name="field_20" value="231" type="checkbox"&gt;\n            <label for="osacjsx" class="vietnamese_english">Cụt ngón tay / Amputation of finger</label>\n            <br>\n                &lt;input id="zaunpe" name="field_20" value="232" type="checkbox"&gt;\n            <label for="zaunpe" class="vietnamese_english">Liệt 2 chân / Paralysis of 2 legs</label>\n            <br>\n                &lt;input id="rweviuj" name="field_20" value="233" type="checkbox"&gt;\n            <label for="rweviuj" class="vietnamese_english">Liệt 1 chân / Paralysis of 1 leg</label>\n            <br>\n                &lt;input id="gvngjszl" name="field_20" value="234" type="checkbox"&gt;\n            <label for="gvngjszl" class="vietnamese_english">Liệt 2 tay / Paralysis of 2 arms</label>\n            <br>\n                &lt;input id="rlccgiwf" name="field_20" value="235" type="checkbox"&gt;\n            <label for="rlccgiwf" class="vietnamese_english">Liệt 1 tay / Paralysis of 1 arm</label>\n            <br>\n                &lt;input id="zuzevt" name="field_20" value="236" type="checkbox"&gt;\n            <label for="zuzevt" class="vietnamese_english">Khoèo (yếu) 1 chân </label>\n            <br>\n                &lt;input id="wrieig" name="field_20" value="237" type="checkbox"&gt;\n            <label for="wrieig" class="vietnamese_english">Khoèo (yếu) 1 tay</label>\n            <br>\n                &lt;input id="uaxnwz" name="field_20" value="238" type="checkbox"&gt;\n            <label for="uaxnwz" class="vietnamese_english">Khoèo cổ</label>\n            <br>\n                &lt;input id="wsvyeb" name="field_20" value="239" type="checkbox"&gt;\n            <label for="wsvyeb" class="vietnamese_english">Chấn thương đầu / Head injury</label>\n            <br>\n                &lt;input id="aqsusti" name="field_20" value="240" type="checkbox"&gt;\n            <label for="aqsusti" class="vietnamese_english">Mất trí / Memory loss</label>\n            <br>\n                &lt;input id="qimhjqpv" name="field_20" value="241" type="checkbox"&gt;\n            <label for="qimhjqpv" class="vietnamese_english">Trầm cảm / Depression</label>\n            <br>\n                &lt;input id="tzbkxir" name="field_20" value="242" type="checkbox"&gt;\n            <label for="tzbkxir" class="vietnamese_english">Suy nhược thần kinh / Mental asthenia</label>\n            <br>\n                &lt;input id="zmeuwmym" name="field_20" value="243" type="checkbox"&gt;\n            <label for="zmeuwmym" class="vietnamese_english">Hành vi lạ / Strange behavior</label>\n            <br>\n                &lt;input id="bfchee" name="field_20" value="244" type="checkbox"&gt;\n            <label for="bfchee" class="vietnamese_english">Hội chứng Down / Down Syndrome</label>\n            <br>\n                &lt;input id="qkihbo" name="field_20" value="245" type="checkbox"&gt;\n            <label for="qkihbo" class="vietnamese_english">Tự kỷ / Autism</label>\n            <br>\n                &lt;input id="eyznyb" name="field_20" value="246" type="checkbox"&gt;\n            <label for="eyznyb" class="vietnamese_english">Bại não / Cerebral palsy</label>\n            <br>\n                &lt;input id="ziaofwqk" name="field_20" value="247" type="checkbox"&gt;\n            <label for="ziaofwqk" class="vietnamese_english">Ung thư / Cancer</label>\n            <br>\n                &lt;input id="ysakcu" name="field_20" value="248" type="checkbox"&gt;\n            <label for="ysakcu" class="vietnamese_english">Bệnh phong/Leprosey</label>\n            <br>\n                &lt;input id="avocffju" name="field_20" value="249" type="checkbox"&gt;\n            <label for="avocffju" class="vietnamese_english">HIV / Aids</label>\n            <br>\n                &lt;input id="peutfk" name="field_20" value="250" type="checkbox"&gt;\n            <label for="peutfk" class="vietnamese_english">Parkinsons</label>\n            <br>\n                &lt;input id="nkuzksmu" name="field_20" value="251" type="checkbox"&gt;\n            <label for="nkuzksmu" class="vietnamese_english">Chứng mất trí / Memory loss</label>\n            <br>\n                &lt;input id="humqbbsi" name="field_20" value="534" type="checkbox"&gt;\n            <label for="humqbbsi" class="vietnamese_english">Có thể tự đi lại được</label>\n            <br>\n    </div></div><div><div>\n    <p class="vietnamese_english">Nguyên nhân gây khuyết tật / Cause of disability</p>\n                &lt;input id="zdayer" name="field_21" value="131" type="radio"&gt;\n            <label for="zdayer" class="vietnamese_english">Sốt bại liệt / Polio</label>\n            <br>\n                &lt;input id="ileitpla" name="field_21" value="132" type="radio"&gt;\n            <label for="ileitpla" class="vietnamese_english">Viêm màng não / Meningitis</label>\n            <br>\n                &lt;input id="bdlownk" name="field_21" value="133" type="radio"&gt;\n            <label for="bdlownk" class="vietnamese_english">Đột quỵ / Stroke</label>\n            <br>\n                &lt;input id="ggxswuov" name="field_21" value="134" type="radio"&gt;\n            <label for="ggxswuov" class="vietnamese_english">Lạm dụng thuốc / Overusing Medicine</label>\n            <br>\n                &lt;input id="oajzsr" name="field_21" value="135" type="radio"&gt;\n            <label for="oajzsr" class="vietnamese_english">Bẩm sinh / Congenital</label>\n            <br>\n                &lt;input id="wxgllggs" name="field_21" value="136" type="radio"&gt;\n            <label for="wxgllggs" class="vietnamese_english">Di truyền / Genetic</label>\n            <br>\n                &lt;input id="eaqpkw" name="field_21" value="137" type="radio"&gt;\n            <label for="eaqpkw" class="vietnamese_english">Sơ sẩy lúc sinh / Accident birth</label>\n            <br>\n                &lt;input id="ztwxxas" name="field_21" value="138" type="radio"&gt;\n            <label for="ztwxxas" class="vietnamese_english">Tai nạn nghề nghiệp / Accident work</label>\n            <br>\n                &lt;input id="bvwiqns" name="field_21" value="139" type="radio"&gt;\n            <label for="bvwiqns" class="vietnamese_english">Tai nạn giao thông / Accident traffic</label>\n            <br>\n                &lt;input id="nidypq" name="field_21" value="140" type="radio"&gt;\n            <label for="nidypq" class="vietnamese_english">Di chứng của bệnh phong / Sequela of Leprosey</label>\n            <br>\n                &lt;input id="jroignul" name="field_21" value="141" type="radio"&gt;\n            <label for="jroignul" class="vietnamese_english">Chất độc da cam / Dioxin</label>\n            <br>\n                &lt;input id="zhnwlj" name="field_21" value="142" type="radio"&gt;\n            <label for="zhnwlj" class="vietnamese_english">Chiến tranh / War</label>\n            <br>\n                &lt;input id="vfieow" name="field_21" value="143" type="radio"&gt;\n            <label for="vfieow" class="vietnamese_english">Chất độc hóa học / Chemical poison</label>\n            <br>\n                &lt;input id="tmuoss" name="field_21" value="144" type="radio"&gt;\n            <label for="tmuoss" class="vietnamese_english">Thiếu dinh dưỡng,Vitamin / Short of nutritive,Vitamin</label>\n            <br>\n                &lt;input id="wdpamo" name="field_21" value="145" type="radio"&gt;\n            <label for="wdpamo" class="vietnamese_english">Do bom mìn / Bomb</label>\n            <br>\n                &lt;input id="ppfriznr" name="field_21" value="146" type="radio"&gt;\n            <label for="ppfriznr" class="vietnamese_english">Không biết / Unknown</label>\n            <br>\n    </div></div><div><div>\n    <p class="vietnamese_english">Phương tiện hỗ trợ phù hợp / Reasonable Accomodation</p>\n                &lt;input id="xqxwduzx" name="field_22" value="19" type="checkbox"&gt;\n            <label for="xqxwduzx" class="vietnamese_english">Xe lăn / Wheelchair</label>\n            <br>\n                &lt;input id="mdsrarg" name="field_22" value="20" type="checkbox"&gt;\n            <label for="mdsrarg" class="vietnamese_english">Nạng / Crutch</label>\n            <br>\n                &lt;input id="prpflfer" name="field_22" value="252" type="checkbox"&gt;\n            <label for="prpflfer" class="vietnamese_english">Người hỗ trợ / Personal Assistant</label>\n            <br>\n                &lt;input id="eiqsnqm" name="field_22" value="253" type="checkbox"&gt;\n            <label for="eiqsnqm" class="vietnamese_english">Bệ đỡ / Ramp</label>\n            <br>\n                &lt;input id="pzrnztd" name="field_22" value="254" type="checkbox"&gt;\n            <label for="pzrnztd" class="vietnamese_english">Nhà vệ sinh có thể tiếp cận / Accessible toilet</label>\n            <br>\n                &lt;input id="qeghhm" name="field_22" value="255" type="checkbox"&gt;\n            <label for="qeghhm" class="vietnamese_english">Tầng trệt / Ground floor</label>\n            <br>\n                &lt;input id="bbksnp" name="field_22" value="256" type="checkbox"&gt;\n            <label for="bbksnp" class="vietnamese_english">Dùng ngôn ngữ ký hiệu / Sign language</label>\n            <br>\n                &lt;input id="xstqplg" name="field_22" value="257" type="checkbox"&gt;\n            <label for="xstqplg" class="vietnamese_english">Thiết bị công nghệ thông tin chuyên dụng / Special IT equipment</label>\n            <br>\n                &lt;input id="iucasb" name="field_22" value="258" type="checkbox"&gt;\n            <label for="iucasb" class="vietnamese_english">Máy trợ thính / Hearing assistance equipment</label>\n            <br>\n                &lt;input id="unlioeq" name="field_22" value="259" type="checkbox"&gt;\n            <label for="unlioeq" class="vietnamese_english">Thiết bị hỗ trợ nghe</label>\n            <br>\n                &lt;input id="beettrlk" name="field_22" value="260" type="checkbox"&gt;\n            <label for="beettrlk" class="vietnamese_english">Gậy / Stick</label>\n            <br>\n                &lt;input id="ffjawxd" name="field_22" value="261" type="checkbox"&gt;\n            <label for="ffjawxd" class="vietnamese_english">Xe lắc /</label>\n            <br>\n                &lt;input id="apywwue" name="field_22" value="262" type="checkbox"&gt;\n            <label for="apywwue" class="vietnamese_english">Chữ nổi / Braille</label>\n            <br>\n                &lt;input id="ncrqeka" name="field_22" value="263" type="checkbox"&gt;\n            <label for="ncrqeka" class="vietnamese_english">Xe ba bánh / Three-wheel motobike</label>\n            <br>\n                &lt;input id="ntahgkc" name="field_22" value="264" type="checkbox"&gt;\n            <label for="ntahgkc" class="vietnamese_english">Không cần / No need</label>\n            <br>\n    </div></div><div><div>\n    <p class="vietnamese_english">Phương tiện đi lại (di chuyển) / Means of transport</p>\n                &lt;input id="civdjnyw" name="field_113" value="539" type="checkbox"&gt;\n            <label for="civdjnyw" class="vietnamese_english">Xe buýt</label>\n            <br>\n                &lt;input id="ruetav" name="field_113" value="538" type="checkbox"&gt;\n            <label for="ruetav" class="vietnamese_english">Xe 3 bánh</label>\n            <br>\n                &lt;input id="ruhphw" name="field_113" value="537" type="checkbox"&gt;\n            <label for="ruhphw" class="vietnamese_english">Xe lắc</label>\n            <br>\n                &lt;input id="ylzbqgwt" name="field_113" value="536" type="checkbox"&gt;\n            <label for="ylzbqgwt" class="vietnamese_english">Xe lăn</label>\n            <br>\n                &lt;input id="ypepcb" name="field_113" value="535" type="checkbox"&gt;\n            <label for="ypepcb" class="vietnamese_english">Nạng</label>\n            <br>\n    </div></div>', ''),
(4, 'form_', 9, '<div style="position: relative; "><div class="textinput_wrapper"><label for="field_29" class="vietnamese_english" style="">Tên công ty</label>&lt;input type="text" name="field_29" value="" id="field_29" size="50" class="searchable"&gt;&lt;/div></div><div style="width: 758px; height: 40px; position: relative; top: 0px; left: 0px; "><div>\n    <label for="field_36" class="vietnamese_english">Số lượng nhân viên</label>\n    <select id="field_36" name="field_36" class="searchable">\n                <option value="22" class="vietnamese_english">1 &gt; 2\n</option>\n                <option value="23" class="vietnamese_english">3 &gt; 5\n</option>\n                <option value="24" class="vietnamese_english">6  &gt;  10\n</option>\n                <option value="25" class="vietnamese_english">11&gt;  15\n</option>\n                <option value="29" class="vietnamese_english">16&gt; 20\n</option>\n                <option value="30" class="vietnamese_english">21 &gt; 30\n</option>\n                <option value="31" class="vietnamese_english">31 &gt; 50\n</option>\n                <option value="32" class="vietnamese_english">50 &gt; 100\n</option>\n                <option value="33" class="vietnamese_english">100 plus\n</option>\n            </select>\n</div></div><div style="position: relative; "><div>\n    <label for="field_38" class="vietnamese_english">Loại hình kinh doanh</label>\n    <select id="field_38" name="field_38" class="searchable">\n                <option value="34" class="vietnamese_english">Biên-phiên dịch/Translator-Interpreter\n</option>\n                <option value="35" class="vietnamese_english">Buôn bán lẻ/Retail\n</option>\n                <option value="36" class="vietnamese_english">Chủ doanh nghiệp nhỏ/Small enterprise\n</option>\n                <option value="37" class="vietnamese_english">Cơ khí/Mechanical\n</option>\n                <option value="38" class="vietnamese_english">Công nghệ thông tin/IT\n</option>\n                <option value="39" class="vietnamese_english">Công tác xã hội/Social work\n</option>\n                <option value="40" class="vietnamese_english">Đầu bếp/Cook\n</option>\n                <option value="41" class="vietnamese_english">Dạy nhạc/Music teacher\n</option>\n                <option value="42" class="vietnamese_english">Điện-Điện tử/Electronics\n</option>\n                <option value="43" class="vietnamese_english">Đờn ca tài tử/Folksong singer\n</option>\n                <option value="44" class="vietnamese_english">Giáo viên/Teacher\n</option>\n                <option value="45" class="vietnamese_english">Kế toán/Accounting\n</option>\n                <option value="46" class="vietnamese_english">Làm việc cho các hộ kinh doanh/Working for Home traders\n</option>\n                <option value="47" class="vietnamese_english">Làm vườn/Gardening\n</option>\n                <option value="48" class="vietnamese_english">Luật/Law\n</option>\n                <option value="49" class="vietnamese_english">Marketing\n</option>\n                <option value="50" class="vietnamese_english">Mat-xa/Massage\n</option>\n                <option value="51" class="vietnamese_english">Nghề nông/Agriculture\n</option>\n                <option value="52" class="vietnamese_english">Nghệ thuật/Art\n</option>\n                <option value="53" class="vietnamese_english">Nhân viên phòng Net/Internet room keeper\n</option>\n                <option value="54" class="vietnamese_english">Nhân viên phục vụ/Servant\n</option>\n                <option value="55" class="vietnamese_english">Nội thất/Furniture\n</option>\n                <option value="56" class="vietnamese_english">Sáng tác thơ, nhạc/Musician/Poet Composer\n</option>\n                <option value="57" class="vietnamese_english">Thiết kế thời trang/Fashion designer\n</option>\n                <option value="58" class="vietnamese_english">Thủ công/Handicraft\n</option>\n                <option value="59" class="vietnamese_english">Trực điện thoại/Phone reception\n</option>\n                <option value="60" class="vietnamese_english">Tư vấn viên/Adviser\n</option>\n                <option value="61" class="vietnamese_english">Văn phòng/Office\n</option>\n                <option value="62" class="vietnamese_english">Văn phòng/Office\n</option>\n                <option value="63" class="vietnamese_english">Viễn thông/Telecommunication\n</option>\n                <option value="64" class="vietnamese_english">Y tế/Health\n</option>\n                <option value="65" class="vietnamese_english">Other\n</option>\n            </select>\n</div></div><div style="position: relative; "><div class="textinput_wrapper"><label for="field_39" class="vietnamese_english" style="">Số Fax / Fax Number</label>&lt;input type="text" name="field_39" value="" id="field_39" size="50" class="searchable"&gt;&lt;/div></div><div style="position: relative; "><div class="textinput_wrapper"><label for="field_34" class="vietnamese_english" style="">Tên của người liên lạc</label>&lt;input type="text" name="field_34" value="" id="field_34" size="50" class="searchable"&gt;&lt;/div></div><div style="position: relative; "><div class="textinput_wrapper"><label for="field_40" class="vietnamese_english" style="">Số mobile của người cần liên lạc</label>&lt;input type="text" name="field_40" value="" id="field_40" size="50" class="searchable"&gt;&lt;/div></div><div style="position: relative; "><div class="textarea_wrapper">\n    <label for="field_30" class="vietnamese_english">Địa chỉ</label>\n    &lt;textarea id="field_30" name="field_30" rows="4" cols="20" class="searchable"&gt;&lt;/textarea>\n</div></div><div style="position: relative; "><div class="textinput_wrapper"><label for="field_32" class="vietnamese_english" style="">Email</label>&lt;input type="text" name="field_32" value="" id="field_32" size="50" class="searchable"&gt;&lt;/div></div><div style="position: relative; "><div class="textinput_wrapper"><label for="field_31" class="vietnamese_english" style="">Số điện thoại</label>&lt;input type="text" name="field_31" value="" id="field_31" size="50" class="searchable"&gt;&lt;/div></div><div style="position: relative; "><div class="textinput_wrapper"><label for="field_33" class="vietnamese_english" style="">Địa chỉ Website</label>&lt;input type="text" name="field_33" value="" id="field_33" size="50" class="searchable"&gt;&lt;/div></div><div style="position: relative; "><div>\n    <p class="vietnamese_english">Mối quan hệ với DRD</p>\n            <div class="radiobutton_wrapper">\n            &lt;input type="radio" id="N0H3V6Y7P0X" name="field_117" value="550" class="searchable  validate[required]"&gt;\n            <label for="N0H3V6Y7P0X" class="vietnamese_english">Thân thiện</label>\n        </div>\n            <div class="radiobutton_wrapper">\n            &lt;input type="radio" id="KW4A7XR2Qv" name="field_117" value="551" class="searchable  validate[required]"&gt;\n            <label for="KW4A7XR2Qv" class="vietnamese_english">Vãng lai</label>\n        </div>\n            <div class="radiobutton_wrapper">\n            &lt;input type="radio" id="FXO1SOJPy5j" name="field_117" value="552" class="searchable  validate[required]"&gt;\n            <label for="FXO1SOJPy5j" class="vietnamese_english">Tiềm Năng</label>\n        </div>\n    </div></div>', ''),
(15, 'form_', 6, '<div style="position: relative; top: 0px; left: 0px;"><div class="textarea_wrapper">\n    <label for="field_115" class="vietnamese_english">Chi tiết theo dõi</label>\n    &lt;textarea id="field_115" name="field_115" rows="4" cols="20" class="searchable  validate[required]"&gt;&lt;/textarea>\n</div></div><div style="position: relative; top: 0px; left: 0px;"><div>\n    <p class="vietnamese_english">DRD có hỗ trợ tốt cho công việc của bạn</p>\n            <div class="radiobutton_wrapper">\n            &lt;input id="5tAb5Ue9SU" name="field_81" value="147" class="searchable" type="radio"&gt;\n            <label for="5tAb5Ue9SU" class="vietnamese_english">Có</label>\n        </div>\n            <div class="radiobutton_wrapper">\n            &lt;input id="36ITfFHpC" name="field_81" value="148" class="searchable" type="radio"&gt;\n            <label for="36ITfFHpC" class="vietnamese_english">Không</label>\n        </div>\n    </div></div><div><div>\n    <p class="vietnamese_english">Theo dõi 3 tháng-lý do vẫn duy trì công việc/3 month follow up-reasons for staying</p>\n            <div class="checkbox_wrapper">\n            &lt;input id="7XeE16E6ds" name="field_79" value="84" class="searchable" type="checkbox"&gt;\n            <label for="7XeE16E6ds" class="vietnamese_english">Yêu thích công việc/Enjoy job</label>           \n        </div>\n            <div class="checkbox_wrapper">\n            &lt;input id="xS275G8BTCLt" name="field_79" value="85" class="searchable" type="checkbox"&gt;\n            <label for="xS275G8BTCLt" class="vietnamese_english">Cần tiền/Need money</label>           \n        </div>\n            <div class="checkbox_wrapper">\n            &lt;input id="u71XL3L0HQp" name="field_79" value="86" class="searchable" type="checkbox"&gt;\n            <label for="u71XL3L0HQp" class="vietnamese_english">Lương thỏa đáng/Suitable salary</label>           \n        </div>\n            <div class="checkbox_wrapper">\n            &lt;input id="CDSY1g5Gk" name="field_79" value="87" class="searchable" type="checkbox"&gt;\n            <label for="CDSY1g5Gk" class="vietnamese_english">Chủ đối xử tốt/Good employer</label>           \n        </div>\n            <div class="checkbox_wrapper">\n            &lt;input id="HI176NePlB1" name="field_79" value="88" class="searchable" type="checkbox"&gt;\n            <label for="HI176NePlB1" class="vietnamese_english">Được đào tạo thêm/Need more Training</label>           \n        </div>\n            <div class="checkbox_wrapper">\n            &lt;input id="4AHJX7ZL460L" name="field_79" value="89" class="searchable" type="checkbox"&gt;\n            <label for="4AHJX7ZL460L" class="vietnamese_english">Cần kinh nghiệm làm việc/Need experience</label>           \n        </div>\n            <div class="checkbox_wrapper">\n            &lt;input id="JmBWl9rPD" name="field_79" value="90" class="searchable" type="checkbox"&gt;\n            <label for="JmBWl9rPD" class="vietnamese_english">Đồng nghiệp tốt/Good co-workers</label>           \n        </div>\n            <div class="checkbox_wrapper">\n            &lt;input id="3BKXr3Z66" name="field_79" value="91" class="searchable" type="checkbox"&gt;\n            <label for="3BKXr3Z66" class="vietnamese_english">Có cơ hội thăng tiến tốt/Good promoting opportunity</label>           \n        </div>\n            <div class="checkbox_wrapper">\n            &lt;input id="qlG724l3hJuS" name="field_79" value="92" class="searchable" type="checkbox"&gt;\n            <label for="qlG724l3hJuS" class="vietnamese_english">Có cơ hội mở rộng quan hệ/Relationship extending opportunity</label>           \n        </div>\n            <div class="checkbox_wrapper">\n            &lt;input id="XBKXOdP6w" name="field_79" value="93" class="searchable" type="checkbox"&gt;\n            <label for="XBKXOdP6w" class="vietnamese_english">Có cuộc sống độc lập/Independence</label>           \n        </div>\n            <div class="checkbox_wrapper">\n            &lt;input id="t95YhKwjcWck" name="field_79" value="94" class="searchable" type="checkbox"&gt;\n            <label for="t95YhKwjcWck" class="vietnamese_english">Không tìm được việc khác/ can not seek other job</label>           \n        </div>\n            <div class="checkbox_wrapper">\n            &lt;input id="Rs5KZNGd98KR" name="field_79" value="95" class="searchable" type="checkbox"&gt;\n            <label for="Rs5KZNGd98KR" class="vietnamese_english">Điều kiện làm việc tốt/Good working environment</label>           \n        </div>\n    </div></div><div><div>\n    <p class="vietnamese_english">Theo dõi 3 tháng-lý do bỏ việc/3 month follow up-reasons for leaving</p>\n            <div class="checkbox_wrapper">\n            &lt;input id="o3rx5yhIq9" name="field_80" value="96" class="searchable" type="checkbox"&gt;\n            <label for="o3rx5yhIq9" class="vietnamese_english">Không thích công việc</label>           \n        </div>\n            <div class="checkbox_wrapper">\n            &lt;input id="XkVa57v9t6" name="field_80" value="97" class="searchable" type="checkbox"&gt;\n            <label for="XkVa57v9t6" class="vietnamese_english">Muốn tìm cơ hội thăng tiến tốt hơn</label>           \n        </div>\n            <div class="checkbox_wrapper">\n            &lt;input id="yV1O4mnbE" name="field_80" value="98" class="searchable" type="checkbox"&gt;\n            <label for="yV1O4mnbE" class="vietnamese_english">Muốn thay đổi công việc</label>           \n        </div>\n            <div class="checkbox_wrapper">\n            &lt;input id="3q2y6ef2uC2" name="field_80" value="99" class="searchable" type="checkbox"&gt;\n            <label for="3q2y6ef2uC2" class="vietnamese_english">Bị phân biệt đối xử</label>           \n        </div>\n            <div class="checkbox_wrapper">\n            &lt;input id="bCFcRQ0r1Ox" name="field_80" value="100" class="searchable" type="checkbox"&gt;\n            <label for="bCFcRQ0r1Ox" class="vietnamese_english">Gặp trở ngại về các vấn đề tiếp cận công việc</label>           \n        </div>\n            <div class="checkbox_wrapper">\n            &lt;input id="nni6i5uNK9" name="field_80" value="101" class="searchable" type="checkbox"&gt;\n            <label for="nni6i5uNK9" class="vietnamese_english">Không thể làm việc</label>           \n        </div>\n            <div class="checkbox_wrapper">\n            &lt;input id="f7q17euPJO8" name="field_80" value="102" class="searchable" type="checkbox"&gt;\n            <label for="f7q17euPJO8" class="vietnamese_english">Bị đuổi việc</label>           \n        </div>\n            <div class="checkbox_wrapper">\n            &lt;input id="1f2167eBqQ5" name="field_80" value="103" class="searchable" type="checkbox"&gt;\n            <label for="1f2167eBqQ5" class="vietnamese_english">Doanh nghiệp gặp vấn đề về tài chính</label>           \n        </div>\n            <div class="checkbox_wrapper">\n            &lt;input id="Voq09yBiYet" name="field_80" value="104" class="searchable" type="checkbox"&gt;\n            <label for="Voq09yBiYet" class="vietnamese_english">Công việc đòi hỏi quá khả năng</label>           \n        </div>\n            <div class="checkbox_wrapper">\n            &lt;input id="30hJ2ML2jsDH" name="field_80" value="105" class="searchable" type="checkbox"&gt;\n            <label for="30hJ2ML2jsDH" class="vietnamese_english">Trả lương không thỏa đáng</label>           \n        </div>\n            <div class="checkbox_wrapper">\n            &lt;input id="lGUdyo8rsr52" name="field_80" value="106" class="searchable" type="checkbox"&gt;\n            <label for="lGUdyo8rsr52" class="vietnamese_english">Thay đổi chỗ ở</label>           \n        </div>\n            <div class="checkbox_wrapper">\n            &lt;input id="1805srOC8" name="field_80" value="107" class="searchable" type="checkbox"&gt;\n            <label for="1805srOC8" class="vietnamese_english">Gia đình cần lao động đột xuất</label>           \n        </div>\n    </div></div>', ''),
(5, 'form_', 10, '<div style="position: relative; top: 0px; left: 0px;"><div>\n    <p class="vietnamese_english">Vui lòng mô tả chi tiết về loại khuyết tật (có thể bỏ qua)</p>\n                &lt;input id="rcntck" name="field_42" value="347" type="checkbox"&gt;\n            <label for="rcntck" class="vietnamese_english">Điếc/Deaf</label>\n            <br>\n                &lt;input id="mozybg" name="field_42" value="348" type="checkbox"&gt;\n            <label for="mozybg" class="vietnamese_english">Nghe kém/Hard of hearing</label>\n            <br>\n                &lt;input id="rglboko" name="field_42" value="349" type="checkbox"&gt;\n            <label for="rglboko" class="vietnamese_english">Mới bị mất thính lực</label>\n            <br>\n                &lt;input id="xrdybtvt" name="field_42" value="350" type="checkbox"&gt;\n            <label for="xrdybtvt" class="vietnamese_english">Nói đuợc, không nghe được/Speaking without hearing</label>\n            <br>\n                &lt;input id="pyajhm" name="field_42" value="351" type="checkbox"&gt;\n            <label for="pyajhm" class="vietnamese_english">Nghe được, không nói được/Hearing without speaking</label>\n            <br>\n                &lt;input id="uqrcaig" name="field_42" value="352" type="checkbox"&gt;\n            <label for="uqrcaig" class="vietnamese_english">Mù/Blind</label>\n            <br>\n                &lt;input id="qaetnb" name="field_42" value="353" type="checkbox"&gt;\n            <label for="qaetnb" class="vietnamese_english">Lòa/Low vision</label>\n            <br>\n                &lt;input id="nzysdzn" name="field_42" value="354" type="checkbox"&gt;\n            <label for="nzysdzn" class="vietnamese_english">Thị trường hẹp/Restricted vision</label>\n            <br>\n                &lt;input id="fffftsap" name="field_42" value="355" type="checkbox"&gt;\n            <label for="fffftsap" class="vietnamese_english">Hỏng một mắt/blind in one eye</label>\n            <br>\n                &lt;input id="qhbsqnmg" name="field_42" value="356" type="checkbox"&gt;\n            <label for="qhbsqnmg" class="vietnamese_english">Liệt toàn thân/Total paralysis</label>\n            <br>\n                &lt;input id="rcfzoez" name="field_42" value="357" type="checkbox"&gt;\n            <label for="rcfzoez" class="vietnamese_english">Liệt nửa người/Partial paralysis</label>\n            <br>\n                &lt;input id="tcdhjr" name="field_42" value="358" type="checkbox"&gt;\n            <label for="tcdhjr" class="vietnamese_english">Cụt 2 chân/Amputation of 2 legs</label>\n            <br>\n                &lt;input id="typpyf" name="field_42" value="359" type="checkbox"&gt;\n            <label for="typpyf" class="vietnamese_english">Cụt 1 chân/Amputation of 1 leg</label>\n            <br>\n                &lt;input id="xvvslmg" name="field_42" value="360" type="checkbox"&gt;\n            <label for="xvvslmg" class="vietnamese_english">Cụt 2 bàn chân/Amputation of 2 feet</label>\n            <br>\n                &lt;input id="dodryj" name="field_42" value="361" type="checkbox"&gt;\n            <label for="dodryj" class="vietnamese_english">Cụt 1 bàn chân/Amputation of 1 foot</label>\n            <br>\n                &lt;input id="otmjbuae" name="field_42" value="362" type="checkbox"&gt;\n            <label for="otmjbuae" class="vietnamese_english">Cụt 2 cánh tay/Amputation of 2 arms</label>\n            <br>\n                &lt;input id="wbpmju" name="field_42" value="363" type="checkbox"&gt;\n            <label for="wbpmju" class="vietnamese_english">Cụt 1 cánh tay/Amputation of 1 arm</label>\n            <br>\n                &lt;input id="hxyimrpn" name="field_42" value="364" type="checkbox"&gt;\n            <label for="hxyimrpn" class="vietnamese_english">Cụt 2 bàn tay/Amputation of 2 hands</label>\n            <br>\n                &lt;input id="vaxelqb" name="field_42" value="365" type="checkbox"&gt;\n            <label for="vaxelqb" class="vietnamese_english">Cụt 1 bàn tay/Amputation of 1 hand</label>\n            <br>\n                &lt;input id="ftqktt" name="field_42" value="366" type="checkbox"&gt;\n            <label for="ftqktt" class="vietnamese_english">Cụt ngón chân/Amputation of toe</label>\n            <br>\n                &lt;input id="rebgnfpe" name="field_42" value="367" type="checkbox"&gt;\n            <label for="rebgnfpe" class="vietnamese_english">Cụt ngón tay/Amputation of finger</label>\n            <br>\n                &lt;input id="tdxnun" name="field_42" value="368" type="checkbox"&gt;\n            <label for="tdxnun" class="vietnamese_english">Liệt 2 chân/ Paralysis of 2 legs</label>\n            <br>\n                &lt;input id="xppeihgp" name="field_42" value="369" type="checkbox"&gt;\n            <label for="xppeihgp" class="vietnamese_english">Liệt 1 chân/Paralysis of 1 leg</label>\n            <br>\n                &lt;input id="chfucx" name="field_42" value="370" type="checkbox"&gt;\n            <label for="chfucx" class="vietnamese_english">Liệt 2 tay/Paralysis of 2 arms</label>\n            <br>\n                &lt;input id="gifaneoz" name="field_42" value="371" type="checkbox"&gt;\n            <label for="gifaneoz" class="vietnamese_english">Liệt 1 tay/Paralysis of 1 arm</label>\n            <br>\n                &lt;input id="jxmnng" name="field_42" value="372" type="checkbox"&gt;\n            <label for="jxmnng" class="vietnamese_english">Khoèo chân</label>\n            <br>\n                &lt;input id="cyqmmudj" name="field_42" value="373" type="checkbox"&gt;\n            <label for="cyqmmudj" class="vietnamese_english">Khoèo tay</label>\n            <br>\n                &lt;input id="swkoxkki" name="field_42" value="374" type="checkbox"&gt;\n            <label for="swkoxkki" class="vietnamese_english">Khoèo cổ</label>\n            <br>\n                &lt;input id="ltzrsxcs" name="field_42" value="375" type="checkbox"&gt;\n            <label for="ltzrsxcs" class="vietnamese_english">Chấn thương đầu/Head injury</label>\n            <br>\n                &lt;input id="wkzjsob" name="field_42" value="376" type="checkbox"&gt;\n            <label for="wkzjsob" class="vietnamese_english">Mất trí/Memory loss</label>\n            <br>\n                &lt;input id="tgsftnb" name="field_42" value="377" type="checkbox"&gt;\n            <label for="tgsftnb" class="vietnamese_english">Trầm cảm/Depression</label>\n            <br>\n                &lt;input id="rywbfvvb" name="field_42" value="378" type="checkbox"&gt;\n            <label for="rywbfvvb" class="vietnamese_english">Suy nhược thần kinh/Mental asthenia</label>\n            <br>\n                &lt;input id="qotzwjwj" name="field_42" value="379" type="checkbox"&gt;\n            <label for="qotzwjwj" class="vietnamese_english">Hành vi lạ/Strange behavior</label>\n            <br>\n                &lt;input id="hcppslel" name="field_42" value="380" type="checkbox"&gt;\n            <label for="hcppslel" class="vietnamese_english">Hội chứng Down/Down</label>\n            <br>\n                &lt;input id="vbbbzjb" name="field_42" value="381" type="checkbox"&gt;\n            <label for="vbbbzjb" class="vietnamese_english">Tự kỷ/Autism</label>\n            <br>\n                &lt;input id="xubyzx" name="field_42" value="382" type="checkbox"&gt;\n            <label for="xubyzx" class="vietnamese_english">Bại não/Cerebral palsy</label>\n            <br>\n                &lt;input id="txcctrt" name="field_42" value="383" type="checkbox"&gt;\n            <label for="txcctrt" class="vietnamese_english">Ung thư/Cancer</label>\n            <br>\n                &lt;input id="umzziumo" name="field_42" value="384" type="checkbox"&gt;\n            <label for="umzziumo" class="vietnamese_english">Bệnh phong/Leprosey</label>\n            <br>\n                &lt;input id="vfdttlo" name="field_42" value="385" type="checkbox"&gt;\n            <label for="vfdttlo" class="vietnamese_english">HIV / Aids</label>\n            <br>\n                &lt;input id="njxqgck" name="field_42" value="386" type="checkbox"&gt;\n            <label for="njxqgck" class="vietnamese_english">Parkinsons</label>\n            <br>\n                &lt;input id="nvigshl" name="field_42" value="387" type="checkbox"&gt;\n            <label for="nvigshl" class="vietnamese_english">Chứng mất trí/Memory loss</label>\n            <br>\n    </div></div><div style="position: relative; top: 0px; left: 0px;"><div>\n    <p class="vietnamese_english">Loại khuyết tật nào mà công ty có thể chấp nhận?</p>\n                &lt;input id="qpqvlouy" name="field_41" value="336" type="radio"&gt;\n            <label for="qpqvlouy" class="vietnamese_english">Khiếm thính/Hearing impairment</label>\n            <br>\n                &lt;input id="cvjsxyox" name="field_41" value="337" type="radio"&gt;\n            <label for="cvjsxyox" class="vietnamese_english">Khiếm thị/Vision impairment</label>\n            <br>\n                &lt;input id="awvzllt" name="field_41" value="338" type="radio"&gt;\n            <label for="awvzllt" class="vietnamese_english">Tật vận động/Physical disability</label>\n            <br>\n                &lt;input id="yqvtcm" name="field_41" value="339" type="radio"&gt;\n            <label for="yqvtcm" class="vietnamese_english">Sức khỏe tinh thần/Mental health</label>\n            <br>\n                &lt;input id="ehicmgw" name="field_41" value="340" type="radio"&gt;\n            <label for="ehicmgw" class="vietnamese_english">Khuyết tật về mặt trí tuệ/Intellectual disability</label>\n            <br>\n                &lt;input id="dhrcmxcb" name="field_41" value="341" type="radio"&gt;\n            <label for="dhrcmxcb" class="vietnamese_english">Bệnh mãn tính/Long term health condition</label>\n            <br>\n                &lt;input id="buxsqtt" name="field_41" value="342" type="radio"&gt;\n            <label for="buxsqtt" class="vietnamese_english">Sứt môi, hở hàm ếch/Harelip</label>\n            <br>\n                &lt;input id="kpsvdhw" name="field_41" value="343" type="radio"&gt;\n            <label for="kpsvdhw" class="vietnamese_english">Bệnh lùn/Draft</label>\n            <br>\n                &lt;input id="pyhoogh" name="field_41" value="344" type="radio"&gt;\n            <label for="pyhoogh" class="vietnamese_english">Bệnh già trước tuổi/</label>\n            <br>\n                &lt;input id="osbeolzg" name="field_41" value="345" type="radio"&gt;\n            <label for="osbeolzg" class="vietnamese_english">Gù lưng/Hunch-backed</label>\n            <br>\n                &lt;input id="zyhsed" name="field_41" value="346" type="radio"&gt;\n            <label for="zyhsed" class="vietnamese_english">Khác/Other</label>\n            <br>\n    </div></div><div><div>\n    <p class="vietnamese_english">Phương tiện hỗ trợ phù hợp/Reasonable Accomodation</p>\n                &lt;input id="yoaxvd" name="field_44" value="388" type="checkbox"&gt;\n            <label for="yoaxvd" class="vietnamese_english">Xe lăn/Wheelchair</label>\n            <br>\n                &lt;input id="iiyrpyax" name="field_44" value="389" type="checkbox"&gt;\n            <label for="iiyrpyax" class="vietnamese_english">Nạng/Crutch</label>\n            <br>\n                &lt;input id="hpovaml" name="field_44" value="390" type="checkbox"&gt;\n            <label for="hpovaml" class="vietnamese_english">Người hỗ trợ/Personal Assistant</label>\n            <br>\n                &lt;input id="pyyhth" name="field_44" value="391" type="checkbox"&gt;\n            <label for="pyyhth" class="vietnamese_english">Bệ đỡ/Ramp</label>\n            <br>\n                &lt;input id="eltzjbd" name="field_44" value="392" type="checkbox"&gt;\n            <label for="eltzjbd" class="vietnamese_english">Nhà vệ sinh có thể tiếp cận/Accessible toilet</label>\n            <br>\n                &lt;input id="kljyqm" name="field_44" value="393" type="checkbox"&gt;\n            <label for="kljyqm" class="vietnamese_english">Tầng trệt/Ground floor</label>\n            <br>\n                &lt;input id="xutexv" name="field_44" value="394" type="checkbox"&gt;\n            <label for="xutexv" class="vietnamese_english">Dùng ngôn ngữ ký hiệu/Sign language</label>\n            <br>\n                &lt;input id="mxgruxn" name="field_44" value="395" type="checkbox"&gt;\n            <label for="mxgruxn" class="vietnamese_english">Thiết bị công nghệ thông tin chuyên dụng/Special IT equipment</label>\n            <br>\n                &lt;input id="rpepqkz" name="field_44" value="396" type="checkbox"&gt;\n            <label for="rpepqkz" class="vietnamese_english">Máy trợ thính/Hearing assistance equipment</label>\n            <br>\n                &lt;input id="cjmtqfjv" name="field_44" value="397" type="checkbox"&gt;\n            <label for="cjmtqfjv" class="vietnamese_english">Thiết bị hỗ trợ nghe</label>\n            <br>\n                &lt;input id="lqkmnby" name="field_44" value="398" type="checkbox"&gt;\n            <label for="lqkmnby" class="vietnamese_english">Gậy/Stick</label>\n            <br>\n                &lt;input id="qzqnpbjd" name="field_44" value="399" type="checkbox"&gt;\n            <label for="qzqnpbjd" class="vietnamese_english">Xe lắc/</label>\n            <br>\n                &lt;input id="oazuodn" name="field_44" value="400" type="checkbox"&gt;\n            <label for="oazuodn" class="vietnamese_english">Chữ nổi/Braille</label>\n            <br>\n                &lt;input id="idiqypdx" name="field_44" value="401" type="checkbox"&gt;\n            <label for="idiqypdx" class="vietnamese_english">Xe ba bánh/Three-wheel motobike</label>\n            <br>\n                &lt;input id="wlgoyy" name="field_44" value="402" type="checkbox"&gt;\n            <label for="wlgoyy" class="vietnamese_english">Không cần/ No need</label>\n            <br>\n    </div></div>', ''),
(6, 'form_', 11, '<div><div>\n    <label for="field_46" class="vietnamese_english">Bằng cấp/Chứng chỉ/Chứng nhận/Qualification/Certificate</label>\n    <select name="field_46">\n                <option value="414" class="vietnamese_english">Không có bằng cấp/No qualification</option>\n                <option value="415" class="vietnamese_english">Bằng cấp I</option>\n                <option value="416" class="vietnamese_english">Bằng cấp II</option>\n                <option value="417" class="vietnamese_english">Bằng cấp III</option>\n                <option value="418" class="vietnamese_english">Bằng trung cấp nghề</option>\n                <option value="419" class="vietnamese_english">Cử nhân/BA</option>\n                <option value="420" class="vietnamese_english">Thạc sĩ/MA/MS</option>\n                <option value="421" class="vietnamese_english">Tiến sĩ/PhD</option>\n                <option value="422" class="vietnamese_english">Bằng cấp chính quy</option>\n                <option value="423" class="vietnamese_english">Bằng cấp không chính quy</option>\n            </select>\n</div></div><div><div>\n    <label for="field_45" class="vietnamese_english">Trình độ học vấn / School level</label>\n    <select name="field_45">\n                <option value="403" class="vietnamese_english">Tiểu học/Elementary School</option>\n                <option value="404" class="vietnamese_english">Trung học cơ sở/Secondary school</option>\n                <option value="405" class="vietnamese_english">Trung học phổ thông</option>\n                <option value="406" class="vietnamese_english">Học nghề/</option>\n                <option value="407" class="vietnamese_english">Trung Cấp Nghề</option>\n                <option value="408" class="vietnamese_english">Cao đẳng/College</option>\n                <option value="409" class="vietnamese_english">Đại học/University</option>\n                <option value="410" class="vietnamese_english">Sau Đại học/Post Graduate</option>\n                <option value="411" class="vietnamese_english">Bổ túc cấp I/Continuation School level I</option>\n                <option value="412" class="vietnamese_english">Bổ túc cấp II/Continuation School level II</option>\n                <option value="413" class="vietnamese_english">Bổ túc cấp III/Continuation School level III</option>\n            </select>\n</div></div><div><div><label for="field_50" class="vietnamese_english" style="">What subject do you need? </label>&lt;input name="field_50" value="" id="field_50" maxlength="100" size="50" style="width: 50%;" type="text"&gt;&lt;/div></div>', ''),
(7, 'form_', 12, '<div><div>\n    <label for="field_52" class="vietnamese_english">Bạn cần ứng viên biết đọc hoặc viết ?</label>\n    <select name="field_52">\n                <option value="444" class="vietnamese_english">Biết đọc biết viết / ability of reading and writing</option>\n                <option value="445" class="vietnamese_english">Biết đọc nhưng không biết viết / Ability of reading without writing</option>\n            </select>\n</div></div><div><div>\n    <p class="vietnamese_english">Các kỹ năng mong muốn ứng viên có / What skills do you need ?</p>\n                &lt;input id="lkauasq" name="field_51" value="424" type="checkbox"&gt;\n            <label for="lkauasq" class="vietnamese_english">Công nghệ thông tin/IT</label>\n            <br>\n                &lt;input id="hcyovqb" name="field_51" value="425" type="checkbox"&gt;\n            <label for="hcyovqb" class="vietnamese_english">Word</label>\n            <br>\n                &lt;input id="zryznz" name="field_51" value="426" type="checkbox"&gt;\n            <label for="zryznz" class="vietnamese_english">Excel</label>\n            <br>\n                &lt;input id="dlfptcbc" name="field_51" value="427" type="checkbox"&gt;\n            <label for="dlfptcbc" class="vietnamese_english">Power point</label>\n            <br>\n                &lt;input id="tcatyq" name="field_51" value="428" type="checkbox"&gt;\n            <label for="tcatyq" class="vietnamese_english">Đồ họa/graphics</label>\n            <br>\n                &lt;input id="mudqau" name="field_51" value="429" type="checkbox"&gt;\n            <label for="mudqau" class="vietnamese_english">Email</label>\n            <br>\n                &lt;input id="oyscojf" name="field_51" value="430" type="checkbox"&gt;\n            <label for="oyscojf" class="vietnamese_english">Access</label>\n            <br>\n                &lt;input id="twwjsbso" name="field_51" value="431" type="checkbox"&gt;\n            <label for="twwjsbso" class="vietnamese_english">Làm việc độc lập/Independent work</label>\n            <br>\n                &lt;input id="pkyjpx" name="field_51" value="432" type="checkbox"&gt;\n            <label for="pkyjpx" class="vietnamese_english">Sử dụng ngôn ngữ ký hiệu/Sign language</label>\n            <br>\n                &lt;input id="buaeoi" name="field_51" value="433" type="checkbox"&gt;\n            <label for="buaeoi" class="vietnamese_english">Nấu ăn/Cooking</label>\n            <br>\n                &lt;input id="bfxmlhx" name="field_51" value="434" type="checkbox"&gt;\n            <label for="bfxmlhx" class="vietnamese_english">Nhiếp ảnh/Photography</label>\n            <br>\n                &lt;input id="bwzsqi" name="field_51" value="435" type="checkbox"&gt;\n            <label for="bwzsqi" class="vietnamese_english">Viết sơ yếu lý lịch/CV writing skill</label>\n            <br>\n                &lt;input id="thcgpt" name="field_51" value="436" type="checkbox"&gt;\n            <label for="thcgpt" class="vietnamese_english">Phỏng vấn/Interview answering skill</label>\n            <br>\n                &lt;input id="nldsnf" name="field_51" value="437" type="checkbox"&gt;\n            <label for="nldsnf" class="vietnamese_english">Tìm việc/Job seeking skill</label>\n            <br>\n                &lt;input id="tkiyhtrv" name="field_51" value="438" type="checkbox"&gt;\n            <label for="tkiyhtrv" class="vietnamese_english">Quản trị/Managing</label>\n            <br>\n                &lt;input id="wyrvako" name="field_51" value="439" type="checkbox"&gt;\n            <label for="wyrvako" class="vietnamese_english">Giao tiếp/Communicating</label>\n            <br>\n                &lt;input id="gmwtdtv" name="field_51" value="440" type="checkbox"&gt;\n            <label for="gmwtdtv" class="vietnamese_english">Lãnh đạo/Leading</label>\n            <br>\n                &lt;input id="fbtzpqwb" name="field_51" value="441" type="checkbox"&gt;\n            <label for="fbtzpqwb" class="vietnamese_english">Làm việc nhóm/Teamwork</label>\n            <br>\n                &lt;input id="eqwvnqr" name="field_51" value="442" type="checkbox"&gt;\n            <label for="eqwvnqr" class="vietnamese_english">Tự đi lại/Independent travel</label>\n            <br>\n                &lt;input id="kpwuwlkl" name="field_51" value="443" type="checkbox"&gt;\n            <label for="kpwuwlkl" class="vietnamese_english">Không/None</label>\n            <br>\n    </div></div><div><div>\n    <p class="vietnamese_english">How can DRD job coach support you?</p>\n                &lt;input id="uqclsej" name="field_54" value="67" type="checkbox"&gt;\n            <label for="uqclsej" class="vietnamese_english">Disability awareness / workshop\n</label>\n            <br>\n                &lt;input id="nuwahps" name="field_54" value="68" type="checkbox"&gt;\n            <label for="nuwahps" class="vietnamese_english">JS support\n</label>\n            <br>\n                &lt;input id="vnpthsg" name="field_54" value="69" type="checkbox"&gt;\n            <label for="vnpthsg" class="vietnamese_english">Organising task\n</label>\n            <br>\n                &lt;input id="lbjludny" name="field_54" value="70" type="checkbox"&gt;\n            <label for="lbjludny" class="vietnamese_english">problem solving\n</label>\n            <br>\n                &lt;input id="arveijrd" name="field_54" value="71" type="checkbox"&gt;\n            <label for="arveijrd" class="vietnamese_english">Reasonable accomodation\n</label>\n            <br>\n                &lt;input id="stulrxi" name="field_54" value="72" type="checkbox"&gt;\n            <label for="stulrxi" class="vietnamese_english">sign language\n</label>\n            <br>\n    </div></div><div><div>\n    <p class="vietnamese_english">Bạn có mong muốn DRD hỗ trợ ?</p>\n                &lt;input id="dsgrvn" name="field_53" value="446" type="radio"&gt;\n            <label for="dsgrvn" class="vietnamese_english">Có</label>\n            <br>\n                &lt;input id="nnbqui" name="field_53" value="447" type="radio"&gt;\n            <label for="nnbqui" class="vietnamese_english">Không</label>\n            <br>\n    </div></div>', ''),
(8, 'form_', 13, '<div><div>\n    <label for="field_55" class="vietnamese_english">Thời gian bắt đầu công việc:</label>\n    &lt;input class="" id="field_55" name="field_55" value="" type="text"&gt;\n    &lt;!--SCRIPT\n        var field_55_init = function(){\n            var options = {autoSize: true , constrainInput: true };\n                        options.dateFormat = ''dd/mm/yy'';\n            options.changeYear = true;\n            options.yearRange = ''1950:2010'';\n            options.dayNamesMin = [''CN'', ''T2'', ''T3'', ''T4'', ''T5'', ''T6'', ''T7''];\n            options.monthNames = [''Tháng 1,'',''Tháng 2,'',''Tháng 3,'',''Tháng 4,'',''Tháng 5,'',''Tháng 6,'',''Tháng 7,'',''Tháng 8,'',''Tháng 9,'',''Tháng 10,'',''Tháng 11,'',''Tháng 12,''];\n            options.nextText = ''Tháng kế tiếp'' ;\n            options.prevText = ''Tháng trước'' ;\n                        jQuery("#field_55").datepicker(options);\n        };\n        field_55_init();\n    --&gt;\n</div>\n</div>', 'var field_55_init = function(){\n            var options = {autoSize: true , constrainInput: true };\n                        options.dateFormat = ''dd/mm/yy'';\n            options.changeYear = true;\n            options.yearRange = ''1950:2010'';\n            options.dayNamesMin = [''CN'', ''T2'', ''T3'', ''T4'', ''T5'', ''T6'', ''T7''];\n            options.monthNames = [''Tháng 1,'',''Tháng 2,'',''Tháng 3,'',''Tháng 4,'',''Tháng 5,'',''Tháng 6,'',''Tháng 7,'',''Tháng 8,'',''Tháng 9,'',''Tháng 10,'',''Tháng 11,'',''Tháng 12,''];\n            options.nextText = ''Tháng kế tiếp'' ;\n            options.prevText = ''Tháng trước'' ;\n                        jQuery("#field_55").datepicker(options);\n        };\n        field_55_init();'),
(9, 'form_', 14, '<div style="position: relative; top: 0px; left: 0px;"><div><label for="field_56" class="" style="">Is the job seeker still working for you?</label>&lt;input name="field_56" value="" id="field_56" maxlength="100" size="50" style="width: 50%;" type="text"&gt;&lt;/div></div><div style="position: relative; top: 0px; left: 0px;"><div><label for="field_57" class="" style="">What are the reasons for keeping this person in the job?</label>&lt;input name="field_57" value="" id="field_57" maxlength="100" size="50" style="width: 50%;" type="text"&gt;&lt;/div></div><div style="position: relative; top: 0px; left: 0px;"><div><label for="field_58" class="" style="">Why did this person leave?</label>&lt;input name="field_58" value="" id="field_58" maxlength="100" size="50" style="width: 50%;" type="text"&gt;&lt;/div></div><div><div><label for="field_59" class="" style="">Do you have any other jobs for people with disability</label>&lt;input name="field_59" value="" id="field_59" maxlength="100" size="50" style="width: 50%;" type="text"&gt;&lt;/div></div>', ''),
(10, 'form_', 15, '<div style="position: relative; top: 0px; left: 0px;"><div><label for="field_60" class="" style="">Is the job seeker still working for you?</label>&lt;input name="field_60" value="" id="field_60" maxlength="100" size="50" style="width: 50%;" type="text"&gt;&lt;/div></div><div style="position: relative; top: 0px; left: 0px;"><div><label for="field_61" class="" style="">What are the reasons for keeping this person in the job?</label>&lt;input name="field_61" value="" id="field_61" maxlength="100" size="50" style="width: 50%;" type="text"&gt;&lt;/div></div><div style="position: relative; top: 0px; left: 0px;"><div><label for="field_62" class="" style="">Why did this person leave?</label>&lt;input name="field_62" value="" id="field_62" maxlength="100" size="50" style="width: 50%;" type="text"&gt;&lt;/div></div><div><div><label for="field_63" class="" style="">Do you have any other jobs for people with disability</label>&lt;input name="field_63" value="" id="field_63" maxlength="100" size="50" style="width: 50%;" type="text"&gt;&lt;/div></div>', ''),
(11, 'form_', 16, '<div style="position: relative; top: 0px; left: 0px;"><div><label for="field_64" class="" style="">Is the job seeker still working for you?</label>&lt;input name="field_64" value="" id="field_64" maxlength="100" size="50" style="width: 50%;" type="text"&gt;&lt;/div></div><div style="position: relative; top: 0px; left: 0px;"><div><label for="field_65" class="" style="">What are the reasons for keeping this person in the job?</label>&lt;input name="field_65" value="" id="field_65" maxlength="100" size="50" style="width: 50%;" type="text"&gt;&lt;/div></div><div style="position: relative; top: 0px; left: 0px;"><div><label for="field_66" class="" style="">Why did this person leave?</label>&lt;input name="field_66" value="" id="field_66" maxlength="100" size="50" style="width: 50%;" type="text"&gt;&lt;/div></div><div><div><label for="field_67" class="" style="">Do you have any other jobs for people with disability</label>&lt;input name="field_67" value="" id="field_67" maxlength="100" size="50" style="width: 50%;" type="text"&gt;&lt;/div></div>', ''),
(12, 'form_', 17, '<div style="position: relative; top: 0px; left: 0px;"><div><label for="field_68" class="" style="">Would you employ someone with a disability again?</label>&lt;input name="field_68" value="" id="field_68" maxlength="100" size="50" style="width: 50%;" type="text"&gt;&lt;/div></div><div style="position: relative; top: 0px; left: 0px;"><div><label for="field_69" class="" style="">IF you said NO please can you explain</label>&lt;input name="field_69" value="" id="field_69" maxlength="100" size="50" style="width: 50%;" type="text"&gt;&lt;/div></div><div style="position: relative; top: 0px; left: 0px;"><div><label for="field_71" class="" style="">Was the job coach helpful?</label>&lt;input name="field_71" value="" id="field_71" maxlength="100" size="50" style="width: 50%;" type="text"&gt;&lt;/div></div><div style="position: relative; top: 0px; left: 0px;"><div><label for="field_73" class="" style="">Is there something that DRD did well?</label>&lt;input name="field_73" value="" id="field_73" maxlength="100" size="50" style="width: 50%;" type="text"&gt;&lt;/div></div><div><div><label for="field_74" class="" style="">Is there something that DRD can do better?</label>&lt;input name="field_74" value="" id="field_74" maxlength="100" size="50" style="width: 50%;" type="text"&gt;&lt;/div></div><div><div><label for="field_75" class="" style="">Do you have any other jobs for people with disability</label>&lt;input name="field_75" value="" id="field_75" maxlength="100" size="50" style="width: 50%;" type="text"&gt;&lt;/div></div>', ''),
(13, 'form_', 18, '<div style="position: relative; top: 0px; left: 0px;"><div>\n    <label for="field_76">Câu 1: Dạng khuyết tật của bạn? (Xin vui lòng miêu tả cụ thể)</label>\n    &lt;textarea id="field_76" name="field_76" rows="4" cols="20"&gt;&lt;/textarea>\n</div></div><div><div>\n    <label for="field_77">Câu 2: Nguyên nhân dẫn  đến khuyết tật?</label>\n    &lt;textarea id="field_77" name="field_77" rows="4" cols="20"&gt;&lt;/textarea>\n</div></div>', ''),
(14, 'form_', 19, '<div><div><label for="field_78" class="" style="">Tên công việc</label>&lt;input name="field_78" value="" id="field_78" maxlength="100" size="50" style="width: 50%;" type="text"&gt;&lt;/div></div>', ''),
(16, 'form_', 3, '<div style="position: relative; top: 0px; left: 0px;"><div>\n    <label for="field_82" class="vietnamese_english">Trình độ học vấn / School level</label>\n    <select name="field_82">\n                <option value="149" class="vietnamese_english">Tiểu học / Elementary School</option>\n                <option value="150" class="vietnamese_english">Trung học cơ sở / Secondary school</option>\n                <option value="151" class="vietnamese_english">Trung học phổ thông</option>\n                <option value="152" class="vietnamese_english">Học nghề /</option>\n                <option value="153" class="vietnamese_english">Trung Cấp Nghề</option>\n                <option value="154" class="vietnamese_english">Cao đẳng / College</option>\n                <option value="155" class="vietnamese_english">Đại học / University</option>\n                <option value="156" class="vietnamese_english">Sau Đại học / Post Graduate</option>\n                <option value="157" class="vietnamese_english">Bổ túc cấp I / Continuation School level I</option>\n                <option value="158" class="vietnamese_english">Bổ túc cấp II / Continuation School level II</option>\n                <option value="159" class="vietnamese_english">Bổ túc cấp III / Continuation School level III</option>\n            </select>\n</div></div><div style="position: relative; top: 0px; left: 0px;"><div><label for="field_92" class="vietnamese_english" style="">Chuyên ngành</label>&lt;input name="field_92" value="" id="field_92" maxlength="100" size="50" style="width: 50%;" type="text"&gt;&lt;/div></div><div style="position: relative; top: 0px; left: 0px;"><div>\n    <label for="field_83" class="vietnamese_english">Bằng cấp - Chứng chỉ - Chứng nhận / Qualification - Certificate</label>\n    <select name="field_83">\n                <option value="160" class="vietnamese_english">Không có bằng cấp / No qualification</option>\n                <option value="161" class="vietnamese_english">Bằng cấp I</option>\n                <option value="162" class="vietnamese_english">Bằng cấp II</option>\n                <option value="163" class="vietnamese_english">Bằng cấp III</option>\n                <option value="164" class="vietnamese_english">Bằng trung cấp nghề</option>\n                <option value="165" class="vietnamese_english">Cử nhân / BA</option>\n                <option value="166" class="vietnamese_english">Thạc sĩ / MA/MS</option>\n                <option value="167" class="vietnamese_english">Tiến sĩ / PhD</option>\n                <option value="168" class="vietnamese_english">Bằng cấp chính quy</option>\n                <option value="169" class="vietnamese_english">Bằng cấp không chính quy</option>\n                <option value="465" class="vietnamese_english">Kỹ sư / Engineer</option>\n            </select>\n</div></div><div><div><label for="field_90" class="vietnamese_english" style="">Nơi cấp</label>&lt;input name="field_90" value="" id="field_90" maxlength="100" size="50" style="width: 50%;" type="text"&gt;&lt;/div></div><div><div>\n    <label for="field_91" class="vietnamese_english">Ngày cấp:</label>\n    &lt;input class="" id="field_91" name="field_91" value="" type="text"&gt;\n    &lt;!--SCRIPT\n        var field_91_init = function(){\n            var options = {autoSize: true , constrainInput: true };\n                        options.dateFormat = ''dd/mm/yy'';\n            options.changeYear = true;\n            options.yearRange = ''1950:2010'';\n            options.dayNamesMin = [''CN'', ''T2'', ''T3'', ''T4'', ''T5'', ''T6'', ''T7''];\n            options.monthNames = [''Tháng 1,'',''Tháng 2,'',''Tháng 3,'',''Tháng 4,'',''Tháng 5,'',''Tháng 6,'',''Tháng 7,'',''Tháng 8,'',''Tháng 9,'',''Tháng 10,'',''Tháng 11,'',''Tháng 12,''];\n            options.nextText = ''Tháng kế tiếp'' ;\n            options.prevText = ''Tháng trước'' ;\n                        jQuery("#field_91").datepicker(options);\n        };\n        field_91_init();\n    --&gt;\n</div>\n</div>', 'var field_91_init = function(){\n            var options = {autoSize: true , constrainInput: true };\n                        options.dateFormat = ''dd/mm/yy'';\n            options.changeYear = true;\n            options.yearRange = ''1950:2010'';\n            options.dayNamesMin = [''CN'', ''T2'', ''T3'', ''T4'', ''T5'', ''T6'', ''T7''];\n            options.monthNames = [''Tháng 1,'',''Tháng 2,'',''Tháng 3,'',''Tháng 4,'',''Tháng 5,'',''Tháng 6,'',''Tháng 7,'',''Tháng 8,'',''Tháng 9,'',''Tháng 10,'',''Tháng 11,'',''Tháng 12,''];\n            options.nextText = ''Tháng kế tiếp'' ;\n            options.prevText = ''Tháng trước'' ;\n                        jQuery("#field_91").datepicker(options);\n        };\n        field_91_init();'),
(17, 'form_', 4, '<div><div>\n    <p class="vietnamese_english">Sở thích / Hobby</p>\n            <div class="checkbox_wrapper">\n            &lt;input id="5g8ugeXBx90" name="field_84" value="170" class="searchable" type="checkbox"&gt;\n            <label for="5g8ugeXBx90" class="vietnamese_english">Thể thao / Sport</label>           \n        </div>\n            <div class="checkbox_wrapper">\n            &lt;input id="bUs0Mr1T3O2d" name="field_84" value="171" class="searchable" type="checkbox"&gt;\n            <label for="bUs0Mr1T3O2d" class="vietnamese_english">Làm vườn / Gardening</label>           \n        </div>\n            <div class="checkbox_wrapper">\n            &lt;input id="EYNby2vKRJ9g" name="field_84" value="172" class="searchable" type="checkbox"&gt;\n            <label for="EYNby2vKRJ9g" class="vietnamese_english">Công nghệ thông tin / IT</label>           \n        </div>\n            <div class="checkbox_wrapper">\n            &lt;input id="p88SB8kTkX" name="field_84" value="173" class="searchable" type="checkbox"&gt;\n            <label for="p88SB8kTkX" class="vietnamese_english">Xem phim / Watching film</label>           \n        </div>\n            <div class="checkbox_wrapper">\n            &lt;input id="IIneVmhlSDd7" name="field_84" value="174" class="searchable" type="checkbox"&gt;\n            <label for="IIneVmhlSDd7" class="vietnamese_english">Nấu ăn / Cooking</label>           \n        </div>\n            <div class="checkbox_wrapper">\n            &lt;input id="6eYRQao6s" name="field_84" value="175" class="searchable" type="checkbox"&gt;\n            <label for="6eYRQao6s" class="vietnamese_english">Du lịch / Traveling</label>           \n        </div>\n            <div class="checkbox_wrapper">\n            &lt;input id="dCA8cObZAd" name="field_84" value="176" class="searchable" type="checkbox"&gt;\n            <label for="dCA8cObZAd" class="vietnamese_english">Đọc sách / Reading</label>           \n        </div>\n            <div class="checkbox_wrapper">\n            &lt;input id="W65tanosa" name="field_84" value="177" class="searchable" type="checkbox"&gt;\n            <label for="W65tanosa" class="vietnamese_english">Trang điểm / Make up</label>           \n        </div>\n            <div class="checkbox_wrapper">\n            &lt;input id="kU79OJVcxXd" name="field_84" value="178" class="searchable" type="checkbox"&gt;\n            <label for="kU79OJVcxXd" class="vietnamese_english">Nghiên cứu / Research</label>           \n        </div>\n            <div class="checkbox_wrapper">\n            &lt;input id="5SAjgtzVup" name="field_84" value="179" class="searchable" type="checkbox"&gt;\n            <label for="5SAjgtzVup" class="vietnamese_english">Giữ trẻ / Child care</label>           \n        </div>\n            <div class="checkbox_wrapper">\n            &lt;input id="8447LLJkOp2q" name="field_84" value="180" class="searchable" type="checkbox"&gt;\n            <label for="8447LLJkOp2q" class="vietnamese_english">Mua sắm / Shopping</label>           \n        </div>\n            <div class="checkbox_wrapper">\n            &lt;input id="11Gp40NTLk" name="field_84" value="181" class="searchable" type="checkbox"&gt;\n            <label for="11Gp40NTLk" class="vietnamese_english">Thêu thùa/May vá / Sewing/Handicraft</label>           \n        </div>\n            <div class="checkbox_wrapper">\n            &lt;input id="VKJwn4abV" name="field_84" value="182" class="searchable" type="checkbox"&gt;\n            <label for="VKJwn4abV" class="vietnamese_english">Nghề mộc / Woodwork</label>           \n        </div>\n            <div class="checkbox_wrapper">\n            &lt;input id="i4Nah168By" name="field_84" value="183" class="searchable" type="checkbox"&gt;\n            <label for="i4Nah168By" class="vietnamese_english">Nhiếp ảnh / Photography</label>           \n        </div>\n            <div class="checkbox_wrapper">\n            &lt;input id="91P22UHU8" name="field_84" value="184" class="searchable" type="checkbox"&gt;\n            <label for="91P22UHU8" class="vietnamese_english">Thời trang / Fashion Designer</label>           \n        </div>\n            <div class="checkbox_wrapper">\n            &lt;input id="qM1Ry0qQi8wt" name="field_84" value="185" class="searchable" type="checkbox"&gt;\n            <label for="qM1Ry0qQi8wt" class="vietnamese_english">Tham gia các hoạt động xã hội / Social activity </label>           \n        </div>\n            <div class="checkbox_wrapper">\n            &lt;input id="ZYqur995SjqE" name="field_84" value="186" class="searchable" type="checkbox"&gt;\n            <label for="ZYqur995SjqE" class="vietnamese_english">Nghe nhạc / Music</label>           \n        </div>\n            <div class="checkbox_wrapper">\n            &lt;input id="N9ag1Mdr5" name="field_84" value="187" class="searchable" type="checkbox"&gt;\n            <label for="N9ag1Mdr5" class="vietnamese_english">Khác / Other</label>           \n        </div>\n            <div class="checkbox_wrapper">\n            &lt;input id="0hZpmN3pL" name="field_84" value="466" class="searchable" type="checkbox"&gt;\n            <label for="0hZpmN3pL" class="vietnamese_english">Không / None</label>           \n        </div>\n    </div></div><div><div>\n    <label for="field_86" class="vietnamese_english">Kinh nghiệm/Experiences</label>\n    <select id="field_86" name="field_86" class="searchable">\n                <option value="219" class="vietnamese_english">0 năm</option>\n                <option value="220" class="vietnamese_english">1</option>\n                <option value="221" class="vietnamese_english">2</option>\n                <option value="222" class="vietnamese_english">3</option>\n                <option value="223" class="vietnamese_english">4</option>\n                <option value="224" class="vietnamese_english">5</option>\n                <option value="225" class="vietnamese_english">6</option>\n                <option value="226" class="vietnamese_english">7</option>\n                <option value="227" class="vietnamese_english">8</option>\n                <option value="228" class="vietnamese_english">9</option>\n                <option value="450" class="vietnamese_english">trên 10 năm</option>\n            </select>\n</div></div><div><div>\n    <p class="vietnamese_english">Các kỹ năng hiện có/Skills now</p>\n            <div class="checkbox_wrapper">\n            &lt;input id="nBCUzPVet1" name="field_88" value="296" class="searchable" type="checkbox"&gt;\n            <label for="nBCUzPVet1" class="vietnamese_english">Công nghệ thông tin / IT</label>           \n        </div>\n            <div class="checkbox_wrapper">\n            &lt;input id="QGb83w4Y6Mlt" name="field_88" value="297" class="searchable" type="checkbox"&gt;\n            <label for="QGb83w4Y6Mlt" class="vietnamese_english">Word</label>           \n        </div>\n            <div class="checkbox_wrapper">\n            &lt;input id="40Gw1jH7D3bR" name="field_88" value="298" class="searchable" type="checkbox"&gt;\n            <label for="40Gw1jH7D3bR" class="vietnamese_english">Excel</label>           \n        </div>\n            <div class="checkbox_wrapper">\n            &lt;input id="ndS0L7WiTy" name="field_88" value="299" class="searchable" type="checkbox"&gt;\n            <label for="ndS0L7WiTy" class="vietnamese_english">Power point</label>           \n        </div>\n            <div class="checkbox_wrapper">\n            &lt;input id="59Fd6fhO6HS" name="field_88" value="300" class="searchable" type="checkbox"&gt;\n            <label for="59Fd6fhO6HS" class="vietnamese_english">Đồ họa / Graphics</label>           \n        </div>\n            <div class="checkbox_wrapper">\n            &lt;input id="L2q7Xd0Su" name="field_88" value="301" class="searchable" type="checkbox"&gt;\n            <label for="L2q7Xd0Su" class="vietnamese_english">Email</label>           \n        </div>\n            <div class="checkbox_wrapper">\n            &lt;input id="WfFwJ1ykPL" name="field_88" value="302" class="searchable" type="checkbox"&gt;\n            <label for="WfFwJ1ykPL" class="vietnamese_english">Access</label>           \n        </div>\n            <div class="checkbox_wrapper">\n            &lt;input id="f4hqvyjT4b8s" name="field_88" value="303" class="searchable" type="checkbox"&gt;\n            <label for="f4hqvyjT4b8s" class="vietnamese_english">Làm việc độc lập / Independent work</label>           \n        </div>\n            <div class="checkbox_wrapper">\n            &lt;input id="3FG6gye7Gx" name="field_88" value="304" class="searchable" type="checkbox"&gt;\n            <label for="3FG6gye7Gx" class="vietnamese_english">Sử dụng ngôn ngữ ký hiệu / Sign language</label>           \n        </div>\n            <div class="checkbox_wrapper">\n            &lt;input id="o2W3TpjZ3T5" name="field_88" value="305" class="searchable" type="checkbox"&gt;\n            <label for="o2W3TpjZ3T5" class="vietnamese_english">Nấu ăn / Cooking</label>           \n        </div>\n            <div class="checkbox_wrapper">\n            &lt;input id="fyxILAy88m3y" name="field_88" value="306" class="searchable" type="checkbox"&gt;\n            <label for="fyxILAy88m3y" class="vietnamese_english">Nhiếp ảnh / Photography</label>           \n        </div>\n            <div class="checkbox_wrapper">\n            &lt;input id="tokKdUBWbp3" name="field_88" value="307" class="searchable" type="checkbox"&gt;\n            <label for="tokKdUBWbp3" class="vietnamese_english">Viết sơ yếu lý lịch / CV writing skill</label>           \n        </div>\n            <div class="checkbox_wrapper">\n            &lt;input id="u7K6qy1hhgp" name="field_88" value="308" class="searchable" type="checkbox"&gt;\n            <label for="u7K6qy1hhgp" class="vietnamese_english">Trả lời phỏng vấn / Interview answering skill</label>           \n        </div>\n            <div class="checkbox_wrapper">\n            &lt;input id="tdKWQVe2ZQi" name="field_88" value="309" class="searchable" type="checkbox"&gt;\n            <label for="tdKWQVe2ZQi" class="vietnamese_english">Tìm việc / Job seeking skill</label>           \n        </div>\n            <div class="checkbox_wrapper">\n            &lt;input id="PCkP39ESLG53" name="field_88" value="310" class="searchable" type="checkbox"&gt;\n            <label for="PCkP39ESLG53" class="vietnamese_english">Quản lý / Managing</label>           \n        </div>\n            <div class="checkbox_wrapper">\n            &lt;input id="4zjESKWX0P0" name="field_88" value="311" class="searchable" type="checkbox"&gt;\n            <label for="4zjESKWX0P0" class="vietnamese_english">Giao tiếp / Communicating</label>           \n        </div>\n            <div class="checkbox_wrapper">\n            &lt;input id="BIGsaXLk1xR" name="field_88" value="312" class="searchable" type="checkbox"&gt;\n            <label for="BIGsaXLk1xR" class="vietnamese_english">Lãnh đạo / Leading</label>           \n        </div>\n            <div class="checkbox_wrapper">\n            &lt;input id="vWq33oW4I" name="field_88" value="313" class="searchable" type="checkbox"&gt;\n            <label for="vWq33oW4I" class="vietnamese_english">Làm việc nhóm / Teamwork</label>           \n        </div>\n            <div class="checkbox_wrapper">\n            &lt;input id="UNOeaTbsWvRF" name="field_88" value="314" class="searchable" type="checkbox"&gt;\n            <label for="UNOeaTbsWvRF" class="vietnamese_english">Tự đi lại / Independent travel</label>           \n        </div>\n            <div class="checkbox_wrapper">\n            &lt;input id="En9o2XHtMz1j" name="field_88" value="315" class="searchable" type="checkbox"&gt;\n            <label for="En9o2XHtMz1j" class="vietnamese_english">Không / None</label>           \n        </div>\n    </div></div><div><div>\n    <p class="vietnamese_english">Các kỹ năng cần có/Skills needed</p>\n            <div class="checkbox_wrapper">\n            &lt;input id="5b1SQ0rV6" name="field_94" value="316" class="searchable" type="checkbox"&gt;\n            <label for="5b1SQ0rV6" class="vietnamese_english">Công nghệ thông tin / IT</label>           \n        </div>\n            <div class="checkbox_wrapper">\n            &lt;input id="leQ4n9McGt" name="field_94" value="317" class="searchable" type="checkbox"&gt;\n            <label for="leQ4n9McGt" class="vietnamese_english">Word</label>           \n        </div>\n            <div class="checkbox_wrapper">\n            &lt;input id="O2AiIFKOJ6Kd" name="field_94" value="318" class="searchable" type="checkbox"&gt;\n            <label for="O2AiIFKOJ6Kd" class="vietnamese_english">Excel</label>           \n        </div>\n            <div class="checkbox_wrapper">\n            &lt;input id="9zFX05cTxb1" name="field_94" value="319" class="searchable" type="checkbox"&gt;\n            <label for="9zFX05cTxb1" class="vietnamese_english">Power point</label>           \n        </div>\n            <div class="checkbox_wrapper">\n            &lt;input id="QL9z1v753" name="field_94" value="320" class="searchable" type="checkbox"&gt;\n            <label for="QL9z1v753" class="vietnamese_english">Đồ họa / Graphics</label>           \n        </div>\n            <div class="checkbox_wrapper">\n            &lt;input id="l3rFUO86mAs" name="field_94" value="321" class="searchable" type="checkbox"&gt;\n            <label for="l3rFUO86mAs" class="vietnamese_english">Email</label>           \n        </div>\n            <div class="checkbox_wrapper">\n            &lt;input id="9d3jLXR7YCe1" name="field_94" value="322" class="searchable" type="checkbox"&gt;\n            <label for="9d3jLXR7YCe1" class="vietnamese_english">Access</label>           \n        </div>\n            <div class="checkbox_wrapper">\n            &lt;input id="K600H4RyG" name="field_94" value="323" class="searchable" type="checkbox"&gt;\n            <label for="K600H4RyG" class="vietnamese_english">Làm việc độc lập / Independent work</label>           \n        </div>\n            <div class="checkbox_wrapper">\n            &lt;input id="RfuwHuHL59" name="field_94" value="324" class="searchable" type="checkbox"&gt;\n            <label for="RfuwHuHL59" class="vietnamese_english">Sử dụng ngôn ngữ ký hiệu / Sign language</label>           \n        </div>\n            <div class="checkbox_wrapper">\n            &lt;input id="OY3XHh88J" name="field_94" value="325" class="searchable" type="checkbox"&gt;\n            <label for="OY3XHh88J" class="vietnamese_english">Nấu ăn / Cooking</label>           \n        </div>\n            <div class="checkbox_wrapper">\n            &lt;input id="wGI9dQJDgF" name="field_94" value="326" class="searchable" type="checkbox"&gt;\n            <label for="wGI9dQJDgF" class="vietnamese_english">Nhiếp ảnh / Photography</label>           \n        </div>\n            <div class="checkbox_wrapper">\n            &lt;input id="3wGMNv9g26" name="field_94" value="327" class="searchable" type="checkbox"&gt;\n            <label for="3wGMNv9g26" class="vietnamese_english">Viết sơ yếu lý lịch / CV writing skill</label>           \n        </div>\n            <div class="checkbox_wrapper">\n            &lt;input id="SNSwSv15G2z" name="field_94" value="328" class="searchable" type="checkbox"&gt;\n            <label for="SNSwSv15G2z" class="vietnamese_english">Phỏng vấn / Interview answering skill</label>           \n        </div>\n            <div class="checkbox_wrapper">\n            &lt;input id="b648937d8W4F" name="field_94" value="329" class="searchable" type="checkbox"&gt;\n            <label for="b648937d8W4F" class="vietnamese_english">Tìm việc / Job seeking skill</label>           \n        </div>\n            <div class="checkbox_wrapper">\n            &lt;input id="3JCh49qav2" name="field_94" value="330" class="searchable" type="checkbox"&gt;\n            <label for="3JCh49qav2" class="vietnamese_english">Quản lý / Managing</label>           \n        </div>\n            <div class="checkbox_wrapper">\n            &lt;input id="lPZUwR6BS4j" name="field_94" value="331" class="searchable" type="checkbox"&gt;\n            <label for="lPZUwR6BS4j" class="vietnamese_english">Giao tiếp / Communicating</label>           \n        </div>\n            <div class="checkbox_wrapper">\n            &lt;input id="i9wMOo3oeq" name="field_94" value="332" class="searchable" type="checkbox"&gt;\n            <label for="i9wMOo3oeq" class="vietnamese_english">Lãnh đạo / Leading</label>           \n        </div>\n            <div class="checkbox_wrapper">\n            &lt;input id="Z2k6G49uo2Am" name="field_94" value="333" class="searchable" type="checkbox"&gt;\n            <label for="Z2k6G49uo2Am" class="vietnamese_english">Làm việc nhóm / Teamwork</label>           \n        </div>\n            <div class="checkbox_wrapper">\n            &lt;input id="lkAB8sRV6h64" name="field_94" value="334" class="searchable" type="checkbox"&gt;\n            <label for="lkAB8sRV6h64" class="vietnamese_english">Tự đi lại / Independent travel</label>           \n        </div>\n            <div class="checkbox_wrapper">\n            &lt;input id="V0VB5K9HG" name="field_94" value="335" class="searchable" type="checkbox"&gt;\n            <label for="V0VB5K9HG" class="vietnamese_english">Không / None</label>           \n        </div>\n    </div></div><div><div>\n    <p class="vietnamese_english">Loại công việc bạn từng làm / Types of work have you done </p>\n            <div class="checkbox_wrapper">\n            &lt;input id="dMd8V27WGm01" name="field_85" value="188" class="searchable" type="checkbox"&gt;\n            <label for="dMd8V27WGm01" class="vietnamese_english">Kế toán / Accounting</label>           \n        </div>\n            <div class="checkbox_wrapper">\n            &lt;input id="50jnt7Mlpb0" name="field_85" value="189" class="searchable" type="checkbox"&gt;\n            <label for="50jnt7Mlpb0" class="vietnamese_english">Luật / Law</label>           \n        </div>\n            <div class="checkbox_wrapper">\n            &lt;input id="YIU4edN9LeN" name="field_85" value="190" class="searchable" type="checkbox"&gt;\n            <label for="YIU4edN9LeN" class="vietnamese_english">Công tác xã hội / Social work</label>           \n        </div>\n            <div class="checkbox_wrapper">\n            &lt;input id="G090vTEPrEa" name="field_85" value="191" class="searchable" type="checkbox"&gt;\n            <label for="G090vTEPrEa" class="vietnamese_english">Y tế / Health</label>           \n        </div>\n            <div class="checkbox_wrapper">\n            &lt;input id="fvuded4AO9N" name="field_85" value="192" class="searchable" type="checkbox"&gt;\n            <label for="fvuded4AO9N" class="vietnamese_english">Nghệ thuật / Art</label>           \n        </div>\n            <div class="checkbox_wrapper">\n            &lt;input id="tNE804zQb" name="field_85" value="193" class="searchable" type="checkbox"&gt;\n            <label for="tNE804zQb" class="vietnamese_english">Cơ khí / Mechanical</label>           \n        </div>\n            <div class="checkbox_wrapper">\n            &lt;input id="QBmBjChK4SO9" name="field_85" value="194" class="searchable" type="checkbox"&gt;\n            <label for="QBmBjChK4SO9" class="vietnamese_english">Viễn thông / Telecommunication</label>           \n        </div>\n            <div class="checkbox_wrapper">\n            &lt;input id="J2XvxX12wYA" name="field_85" value="195" class="searchable" type="checkbox"&gt;\n            <label for="J2XvxX12wYA" class="vietnamese_english">Thủ công / Handicraft</label>           \n        </div>\n            <div class="checkbox_wrapper">\n            &lt;input id="kJ53zh18HV" name="field_85" value="196" class="searchable" type="checkbox"&gt;\n            <label for="kJ53zh18HV" class="vietnamese_english">Buôn bán lẻ / Retail</label>           \n        </div>\n            <div class="checkbox_wrapper">\n            &lt;input id="wtRc8CXEhB" name="field_85" value="197" class="searchable" type="checkbox"&gt;\n            <label for="wtRc8CXEhB" class="vietnamese_english">Tiếp thị / Marketing</label>           \n        </div>\n            <div class="checkbox_wrapper">\n            &lt;input id="SeOe8U5Cv" name="field_85" value="198" class="searchable" type="checkbox"&gt;\n            <label for="SeOe8U5Cv" class="vietnamese_english">Buôn bán nội thất / Furniture</label>           \n        </div>\n            <div class="checkbox_wrapper">\n            &lt;input id="20kVUXWqxt84" name="field_85" value="199" class="searchable" type="checkbox"&gt;\n            <label for="20kVUXWqxt84" class="vietnamese_english">Nhân viên văn phòng / Office</label>           \n        </div>\n            <div class="checkbox_wrapper">\n            &lt;input id="6e8yWorn5wey" name="field_85" value="200" class="searchable" type="checkbox"&gt;\n            <label for="6e8yWorn5wey" class="vietnamese_english">Nghề nông / Agriculture</label>           \n        </div>\n            <div class="checkbox_wrapper">\n            &lt;input id="k8814cii67M3" name="field_85" value="201" class="searchable" type="checkbox"&gt;\n            <label for="k8814cii67M3" class="vietnamese_english">Mat-xa / Massage</label>           \n        </div>\n            <div class="checkbox_wrapper">\n            &lt;input id="sK6DlDkKXe" name="field_85" value="202" class="searchable" type="checkbox"&gt;\n            <label for="sK6DlDkKXe" class="vietnamese_english">Làm vườn / Gardening</label>           \n        </div>\n            <div class="checkbox_wrapper">\n            &lt;input id="ewZgo8g1K" name="field_85" value="203" class="searchable" type="checkbox"&gt;\n            <label for="ewZgo8g1K" class="vietnamese_english">Đầu bếp / Cook</label>           \n        </div>\n            <div class="checkbox_wrapper">\n            &lt;input id="tujRslBJV" name="field_85" value="204" class="searchable" type="checkbox"&gt;\n            <label for="tujRslBJV" class="vietnamese_english">Giáo viên / Teacher</label>           \n        </div>\n            <div class="checkbox_wrapper">\n            &lt;input id="Wwrq43A01" name="field_85" value="205" class="searchable" type="checkbox"&gt;\n            <label for="Wwrq43A01" class="vietnamese_english">Chủ doanh nghiệp nhỏ / Small enterprise</label>           \n        </div>\n            <div class="checkbox_wrapper">\n            &lt;input id="4WbyBTO94yTu" name="field_85" value="206" class="searchable" type="checkbox"&gt;\n            <label for="4WbyBTO94yTu" class="vietnamese_english">Làm việc ở nhà / Working for Home </label>           \n        </div>\n            <div class="checkbox_wrapper">\n            &lt;input id="1t2rTbg7cs9" name="field_85" value="207" class="searchable" type="checkbox"&gt;\n            <label for="1t2rTbg7cs9" class="vietnamese_english">Thiết kế thời trang / Fashion designer</label>           \n        </div>\n            <div class="checkbox_wrapper">\n            &lt;input id="7c16wNLi9" name="field_85" value="208" class="searchable" type="checkbox"&gt;\n            <label for="7c16wNLi9" class="vietnamese_english">Công nghệ thông tin / IT</label>           \n        </div>\n            <div class="checkbox_wrapper">\n            &lt;input id="m583e4XRC" name="field_85" value="209" class="searchable" type="checkbox"&gt;\n            <label for="m583e4XRC" class="vietnamese_english">Điện-Điện tử / Electronics</label>           \n        </div>\n            <div class="checkbox_wrapper">\n            &lt;input id="DzHS22J0f" name="field_85" value="210" class="searchable" type="checkbox"&gt;\n            <label for="DzHS22J0f" class="vietnamese_english">Trực điện thoại / Phone reception</label>           \n        </div>\n            <div class="checkbox_wrapper">\n            &lt;input id="iYr2V0ZpYSu" name="field_85" value="211" class="searchable" type="checkbox"&gt;\n            <label for="iYr2V0ZpYSu" class="vietnamese_english">Biên-phiên dịch / Translator-Interpreter</label>           \n        </div>\n            <div class="checkbox_wrapper">\n            &lt;input id="0dnS1x5UPK" name="field_85" value="212" class="searchable" type="checkbox"&gt;\n            <label for="0dnS1x5UPK" class="vietnamese_english">Dạy nhạc / Music teacher</label>           \n        </div>\n            <div class="checkbox_wrapper">\n            &lt;input id="8xyy7d6H1v2" name="field_85" value="213" class="searchable" type="checkbox"&gt;\n            <label for="8xyy7d6H1v2" class="vietnamese_english">Dạy ngoại ngữ / Foreign language teacher</label>           \n        </div>\n            <div class="checkbox_wrapper">\n            &lt;input id="f4989iu9dG" name="field_85" value="214" class="searchable" type="checkbox"&gt;\n            <label for="f4989iu9dG" class="vietnamese_english">Tư vấn viên / Adviser</label>           \n        </div>\n            <div class="checkbox_wrapper">\n            &lt;input id="Uvk83stbaMgt" name="field_85" value="215" class="searchable" type="checkbox"&gt;\n            <label for="Uvk83stbaMgt" class="vietnamese_english">Sáng tác thơ, nhạc / Musician, Poet Composer</label>           \n        </div>\n            <div class="checkbox_wrapper">\n            &lt;input id="VwfPxZNffwA" name="field_85" value="216" class="searchable" type="checkbox"&gt;\n            <label for="VwfPxZNffwA" class="vietnamese_english">Đờn ca tài tử / Folksong singer</label>           \n        </div>\n            <div class="checkbox_wrapper">\n            &lt;input id="iXYlX87YKMJ4" name="field_85" value="217" class="searchable" type="checkbox"&gt;\n            <label for="iXYlX87YKMJ4" class="vietnamese_english">Nhân viên phục vụ / Servant</label>           \n        </div>\n            <div class="checkbox_wrapper">\n            &lt;input id="G2TdfL6qtJ08" name="field_85" value="218" class="searchable" type="checkbox"&gt;\n            <label for="G2TdfL6qtJ08" class="vietnamese_english">Nhân viên phòng Net / Internet room keeper</label>           \n        </div>\n            <div class="checkbox_wrapper">\n            &lt;input id="oRIIqsrqGp" name="field_85" value="448" class="searchable" type="checkbox"&gt;\n            <label for="oRIIqsrqGp" class="vietnamese_english">Trợ giảng / TA</label>           \n        </div>\n            <div class="checkbox_wrapper">\n            &lt;input id="xve6xDI9S0" name="field_85" value="468" class="searchable" type="checkbox"&gt;\n            <label for="xve6xDI9S0" class="vietnamese_english">Kết cườm</label>           \n        </div>\n            <div class="checkbox_wrapper">\n            &lt;input id="Li8Hk4welj" name="field_85" value="469" class="searchable" type="checkbox"&gt;\n            <label for="Li8Hk4welj" class="vietnamese_english">Sửa điện thoại</label>           \n        </div>\n            <div class="checkbox_wrapper">\n            &lt;input id="K4S9p3F3CrK" name="field_85" value="470" class="searchable" type="checkbox"&gt;\n            <label for="K4S9p3F3CrK" class="vietnamese_english">Quảng trị mạng / Network Admin</label>           \n        </div>\n            <div class="checkbox_wrapper">\n            &lt;input id="exuEJ3Mm5" name="field_85" value="471" class="searchable" type="checkbox"&gt;\n            <label for="exuEJ3Mm5" class="vietnamese_english">Bảo vệ / Security</label>           \n        </div>\n            <div class="checkbox_wrapper">\n            &lt;input id="axyIbOBu7p0" name="field_85" value="472" class="searchable" type="checkbox"&gt;\n            <label for="axyIbOBu7p0" class="vietnamese_english">Dựng (biên tập) phim / Film editor</label>           \n        </div>\n            <div class="checkbox_wrapper">\n            &lt;input id="AqV6x3q45F78" name="field_85" value="473" class="searchable" type="checkbox"&gt;\n            <label for="AqV6x3q45F78" class="vietnamese_english">Thiết kế web / Web-designer</label>           \n        </div>\n            <div class="checkbox_wrapper">\n            &lt;input id="vPk9Jej282O" name="field_85" value="474" class="searchable" type="checkbox"&gt;\n            <label for="vPk9Jej282O" class="vietnamese_english">Quản lý nhân sự / HR</label>           \n        </div>\n            <div class="checkbox_wrapper">\n            &lt;input id="i2w8q809h" name="field_85" value="475" class="searchable" type="checkbox"&gt;\n            <label for="i2w8q809h" class="vietnamese_english">Quan hệ công chúng (PR) / PR</label>           \n        </div>\n            <div class="checkbox_wrapper">\n            &lt;input id="kgBNzGeoFbU" name="field_85" value="476" class="searchable" type="checkbox"&gt;\n            <label for="kgBNzGeoFbU" class="vietnamese_english">Tham vấn / Counseling</label>           \n        </div>\n            <div class="checkbox_wrapper">\n            &lt;input id="FT7hsX2wbf" name="field_85" value="477" class="searchable" type="checkbox"&gt;\n            <label for="FT7hsX2wbf" class="vietnamese_english">Giới thiệu việc làm</label>           \n        </div>\n            <div class="checkbox_wrapper">\n            &lt;input id="JGhDrCSsp" name="field_85" value="478" class="searchable" type="checkbox"&gt;\n            <label for="JGhDrCSsp" class="vietnamese_english">Tư vấn bảo hiểm</label>           \n        </div>\n            <div class="checkbox_wrapper">\n            &lt;input id="mfdS7fbwtTLT" name="field_85" value="479" class="searchable" type="checkbox"&gt;\n            <label for="mfdS7fbwtTLT" class="vietnamese_english">Tư vấn du học</label>           \n        </div>\n            <div class="checkbox_wrapper">\n            &lt;input id="WeybkPu28" name="field_85" value="480" class="searchable" type="checkbox"&gt;\n            <label for="WeybkPu28" class="vietnamese_english">Tư vấn bất động sản</label>           \n        </div>\n            <div class="checkbox_wrapper">\n            &lt;input id="724r2SicYG6" name="field_85" value="481" class="searchable" type="checkbox"&gt;\n            <label for="724r2SicYG6" class="vietnamese_english">Bác sĩ máy tính</label>           \n        </div>\n            <div class="checkbox_wrapper">\n            &lt;input id="VC4702jWqs" name="field_85" value="482" class="searchable" type="checkbox"&gt;\n            <label for="VC4702jWqs" class="vietnamese_english">Nhân viên chăm sóc khách hàng / Customer Care</label>           \n        </div>\n            <div class="checkbox_wrapper">\n            &lt;input id="5y0ZbV4dk1" name="field_85" value="483" class="searchable" type="checkbox"&gt;\n            <label for="5y0ZbV4dk1" class="vietnamese_english">Họa viên kiến trúc</label>           \n        </div>\n            <div class="checkbox_wrapper">\n            &lt;input id="3n6fU7Bmp" name="field_85" value="484" class="searchable" type="checkbox"&gt;\n            <label for="3n6fU7Bmp" class="vietnamese_english">Tạp vụ</label>           \n        </div>\n            <div class="checkbox_wrapper">\n            &lt;input id="fT7US9zOM" name="field_85" value="485" class="searchable" type="checkbox"&gt;\n            <label for="fT7US9zOM" class="vietnamese_english">Trợ lý</label>           \n        </div>\n            <div class="checkbox_wrapper">\n            &lt;input id="wKriVaOH636" name="field_85" value="486" class="searchable" type="checkbox"&gt;\n            <label for="wKriVaOH636" class="vietnamese_english">Thư ký</label>           \n        </div>\n            <div class="checkbox_wrapper">\n            &lt;input id="7MqlIcEJ5" name="field_85" value="487" class="searchable" type="checkbox"&gt;\n            <label for="7MqlIcEJ5" class="vietnamese_english">Thủ kho</label>           \n        </div>\n            <div class="checkbox_wrapper">\n            &lt;input id="AJu35UHHj4" name="field_85" value="488" class="searchable" type="checkbox"&gt;\n            <label for="AJu35UHHj4" class="vietnamese_english">Thợ mộc</label>           \n        </div>\n            <div class="checkbox_wrapper">\n            &lt;input id="JYTVWOd1Xx7A" name="field_85" value="489" class="searchable" type="checkbox"&gt;\n            <label for="JYTVWOd1Xx7A" class="vietnamese_english">Nhân viên nhập liệu</label>           \n        </div>\n            <div class="checkbox_wrapper">\n            &lt;input id="7Ap5n09Jf9" name="field_85" value="490" class="searchable" type="checkbox"&gt;\n            <label for="7Ap5n09Jf9" class="vietnamese_english">Chuyên viên trang điểm</label>           \n        </div>\n            <div class="checkbox_wrapper">\n            &lt;input id="QPsrxuQ97E9" name="field_85" value="491" class="searchable" type="checkbox"&gt;\n            <label for="QPsrxuQ97E9" class="vietnamese_english">Hớt tóc</label>           \n        </div>\n            <div class="checkbox_wrapper">\n            &lt;input id="VxKHdGbn8" name="field_85" value="492" class="searchable" type="checkbox"&gt;\n            <label for="VxKHdGbn8" class="vietnamese_english">In lụa</label>           \n        </div>\n            <div class="checkbox_wrapper">\n            &lt;input id="CwkzDZ66r8YJ" name="field_85" value="493" class="searchable" type="checkbox"&gt;\n            <label for="CwkzDZ66r8YJ" class="vietnamese_english">Thêu</label>           \n        </div>\n            <div class="checkbox_wrapper">\n            &lt;input id="04I0z1doTO" name="field_85" value="494" class="searchable" type="checkbox"&gt;\n            <label for="04I0z1doTO" class="vietnamese_english">Tư vấn khách hàng qua điện thoại</label>           \n        </div>\n            <div class="checkbox_wrapper">\n            &lt;input id="btKwfYRNCgQo" name="field_85" value="495" class="searchable" type="checkbox"&gt;\n            <label for="btKwfYRNCgQo" class="vietnamese_english">Thu ngân</label>           \n        </div>\n            <div class="checkbox_wrapper">\n            &lt;input id="69xBsTlQXBeq" name="field_85" value="496" class="searchable" type="checkbox"&gt;\n            <label for="69xBsTlQXBeq" class="vietnamese_english">Gia sư</label>           \n        </div>\n            <div class="checkbox_wrapper">\n            &lt;input id="ct7mMkrLHiWF" name="field_85" value="540" class="searchable" type="checkbox"&gt;\n            <label for="ct7mMkrLHiWF" class="vietnamese_english">Sửa xe gắn máy</label>           \n        </div>\n            <div class="checkbox_wrapper">\n            &lt;input id="Xq7eLZlLf4r" name="field_85" value="541" class="searchable" type="checkbox"&gt;\n            <label for="Xq7eLZlLf4r" class="vietnamese_english">Sửa xe đạp</label>           \n        </div>\n            <div class="checkbox_wrapper">\n            &lt;input id="4xldRRDeqb" name="field_85" value="542" class="searchable" type="checkbox"&gt;\n            <label for="4xldRRDeqb" class="vietnamese_english">Cắt chỉ</label>           \n        </div>\n            <div class="checkbox_wrapper">\n            &lt;input id="f0U9382382b0" name="field_85" value="543" class="searchable" type="checkbox"&gt;\n            <label for="f0U9382382b0" class="vietnamese_english">Đan lát</label>           \n        </div>\n    </div></div><div><div>\n    <p class="vietnamese_english">Công việc mong muốn / Preferred work area </p>\n            <div class="checkbox_wrapper">\n            &lt;input id="2To9e811gD" name="field_93" value="265" class="searchable" type="checkbox"&gt;\n            <label for="2To9e811gD" class="vietnamese_english">Kế toán / Accounting</label>           \n        </div>\n            <div class="checkbox_wrapper">\n            &lt;input id="KLVwTvDCE" name="field_93" value="266" class="searchable" type="checkbox"&gt;\n            <label for="KLVwTvDCE" class="vietnamese_english">Luật / Law</label>           \n        </div>\n            <div class="checkbox_wrapper">\n            &lt;input id="Hy2zSfi3Z" name="field_93" value="267" class="searchable" type="checkbox"&gt;\n            <label for="Hy2zSfi3Z" class="vietnamese_english">Công tác xã hội / Social work</label>           \n        </div>\n            <div class="checkbox_wrapper">\n            &lt;input id="6wQq9UN9HSA" name="field_93" value="268" class="searchable" type="checkbox"&gt;\n            <label for="6wQq9UN9HSA" class="vietnamese_english">Y tế / Health</label>           \n        </div>\n            <div class="checkbox_wrapper">\n            &lt;input id="8NHhN4ixI" name="field_93" value="269" class="searchable" type="checkbox"&gt;\n            <label for="8NHhN4ixI" class="vietnamese_english">Nghệ thuật / Art</label>           \n        </div>\n            <div class="checkbox_wrapper">\n            &lt;input id="90VhvtUIx8y" name="field_93" value="270" class="searchable" type="checkbox"&gt;\n            <label for="90VhvtUIx8y" class="vietnamese_english">Cơ khí / Mechanical</label>           \n        </div>\n            <div class="checkbox_wrapper">\n            &lt;input id="9urm903LL" name="field_93" value="271" class="searchable" type="checkbox"&gt;\n            <label for="9urm903LL" class="vietnamese_english">Viễn thông / Telecommunication</label>           \n        </div>\n            <div class="checkbox_wrapper">\n            &lt;input id="4Qt3hZ3cI6" name="field_93" value="272" class="searchable" type="checkbox"&gt;\n            <label for="4Qt3hZ3cI6" class="vietnamese_english">Thủ công / Handicraft</label>           \n        </div>\n            <div class="checkbox_wrapper">\n            &lt;input id="W541P68biZ" name="field_93" value="273" class="searchable" type="checkbox"&gt;\n            <label for="W541P68biZ" class="vietnamese_english">Buôn bán lẻ / Retail</label>           \n        </div>\n            <div class="checkbox_wrapper">\n            &lt;input id="YvMzY1gE12i" name="field_93" value="274" class="searchable" type="checkbox"&gt;\n            <label for="YvMzY1gE12i" class="vietnamese_english">Tiếp thị / Marketing</label>           \n        </div>\n            <div class="checkbox_wrapper">\n            &lt;input id="AB1L0gMfIb" name="field_93" value="275" class="searchable" type="checkbox"&gt;\n            <label for="AB1L0gMfIb" class="vietnamese_english">Nội thất / Furniture</label>           \n        </div>\n            <div class="checkbox_wrapper">\n            &lt;input id="GPRrTHT3g8J" name="field_93" value="276" class="searchable" type="checkbox"&gt;\n            <label for="GPRrTHT3g8J" class="vietnamese_english">Văn phòng / Office</label>           \n        </div>\n            <div class="checkbox_wrapper">\n            &lt;input id="h4XdxphmZh" name="field_93" value="277" class="searchable" type="checkbox"&gt;\n            <label for="h4XdxphmZh" class="vietnamese_english">Nghề nông / Agriculture</label>           \n        </div>\n            <div class="checkbox_wrapper">\n            &lt;input id="PGWlVQxFnNR" name="field_93" value="278" class="searchable" type="checkbox"&gt;\n            <label for="PGWlVQxFnNR" class="vietnamese_english">Mat-xa / Massage</label>           \n        </div>\n            <div class="checkbox_wrapper">\n            &lt;input id="nNiBF8VbRFYt" name="field_93" value="279" class="searchable" type="checkbox"&gt;\n            <label for="nNiBF8VbRFYt" class="vietnamese_english">Làm vườn / Gardening</label>           \n        </div>\n            <div class="checkbox_wrapper">\n            &lt;input id="2vu9yKP8s" name="field_93" value="280" class="searchable" type="checkbox"&gt;\n            <label for="2vu9yKP8s" class="vietnamese_english">Đầu bếp / Cook</label>           \n        </div>\n            <div class="checkbox_wrapper">\n            &lt;input id="HXUNeJrY8" name="field_93" value="281" class="searchable" type="checkbox"&gt;\n            <label for="HXUNeJrY8" class="vietnamese_english">Giáo viên / Teacher</label>           \n        </div>\n            <div class="checkbox_wrapper">\n            &lt;input id="fkAYjPf6lh" name="field_93" value="282" class="searchable" type="checkbox"&gt;\n            <label for="fkAYjPf6lh" class="vietnamese_english">Chủ doanh nghiệp nhỏ / Small enterprise</label>           \n        </div>\n            <div class="checkbox_wrapper">\n            &lt;input id="11tuEDuW539" name="field_93" value="283" class="searchable" type="checkbox"&gt;\n            <label for="11tuEDuW539" class="vietnamese_english">Làm việc ở nhà / Working for Home </label>           \n        </div>\n            <div class="checkbox_wrapper">\n            &lt;input id="WpWx46eJ7KXX" name="field_93" value="284" class="searchable" type="checkbox"&gt;\n            <label for="WpWx46eJ7KXX" class="vietnamese_english">Thiết kế thời trang / Fashion designer</label>           \n        </div>\n            <div class="checkbox_wrapper">\n            &lt;input id="2Y6a2yUgQ1" name="field_93" value="285" class="searchable" type="checkbox"&gt;\n            <label for="2Y6a2yUgQ1" class="vietnamese_english">Công nghệ thông tin / IT</label>           \n        </div>\n            <div class="checkbox_wrapper">\n            &lt;input id="EIvjOQIz1" name="field_93" value="286" class="searchable" type="checkbox"&gt;\n            <label for="EIvjOQIz1" class="vietnamese_english">Điện-Điện tử / Electronics</label>           \n        </div>\n            <div class="checkbox_wrapper">\n            &lt;input id="CBZDNTwg2" name="field_93" value="287" class="searchable" type="checkbox"&gt;\n            <label for="CBZDNTwg2" class="vietnamese_english">Trực điện thoại / Phone reception</label>           \n        </div>\n            <div class="checkbox_wrapper">\n            &lt;input id="58ebI3e6iKe3" name="field_93" value="288" class="searchable" type="checkbox"&gt;\n            <label for="58ebI3e6iKe3" class="vietnamese_english">Biên-phiên dịch / Translator-Interpreter</label>           \n        </div>\n            <div class="checkbox_wrapper">\n            &lt;input id="AFa36K5F2R0V" name="field_93" value="289" class="searchable" type="checkbox"&gt;\n            <label for="AFa36K5F2R0V" class="vietnamese_english">Dạy nhạc / Music teacher</label>           \n        </div>\n            <div class="checkbox_wrapper">\n            &lt;input id="FVuIS7gXtnQV" name="field_93" value="290" class="searchable" type="checkbox"&gt;\n            <label for="FVuIS7gXtnQV" class="vietnamese_english">Dạy ngoại ngữ / Foreign language teacher</label>           \n        </div>\n            <div class="checkbox_wrapper">\n            &lt;input id="RJ6bJMP4sn" name="field_93" value="291" class="searchable" type="checkbox"&gt;\n            <label for="RJ6bJMP4sn" class="vietnamese_english">Tư vấn viên / Adviser</label>           \n        </div>\n            <div class="checkbox_wrapper">\n            &lt;input id="U17yYkcCWW" name="field_93" value="292" class="searchable" type="checkbox"&gt;\n            <label for="U17yYkcCWW" class="vietnamese_english">Sáng tác thơ, nhạc / Musician/Poet Composer</label>           \n        </div>\n            <div class="checkbox_wrapper">\n            &lt;input id="4qf0Q5l18LNs" name="field_93" value="293" class="searchable" type="checkbox"&gt;\n            <label for="4qf0Q5l18LNs" class="vietnamese_english">Đờn ca tài tử / Folksong singer</label>           \n        </div>\n            <div class="checkbox_wrapper">\n            &lt;input id="Ut36dpC2dwf" name="field_93" value="294" class="searchable" type="checkbox"&gt;\n            <label for="Ut36dpC2dwf" class="vietnamese_english">Nhân viên phục vụ / Servant</label>           \n        </div>\n            <div class="checkbox_wrapper">\n            &lt;input id="uR2jNJofh" name="field_93" value="295" class="searchable" type="checkbox"&gt;\n            <label for="uR2jNJofh" class="vietnamese_english">Nhân viên phòng Net / Internet room keeper</label>           \n        </div>\n            <div class="checkbox_wrapper">\n            &lt;input id="4aMUanai7w" name="field_93" value="497" class="searchable" type="checkbox"&gt;\n            <label for="4aMUanai7w" class="vietnamese_english">Gia sư</label>           \n        </div>\n            <div class="checkbox_wrapper">\n            &lt;input id="c2upkGAJc32" name="field_93" value="498" class="searchable" type="checkbox"&gt;\n            <label for="c2upkGAJc32" class="vietnamese_english">Thu ngân</label>           \n        </div>\n            <div class="checkbox_wrapper">\n            &lt;input id="wevzXTMx8Uz" name="field_93" value="499" class="searchable" type="checkbox"&gt;\n            <label for="wevzXTMx8Uz" class="vietnamese_english">Tư vấn khách hàng qua điện thoại</label>           \n        </div>\n            <div class="checkbox_wrapper">\n            &lt;input id="Gdr6PLB3k" name="field_93" value="500" class="searchable" type="checkbox"&gt;\n            <label for="Gdr6PLB3k" class="vietnamese_english">Thêu</label>           \n        </div>\n            <div class="checkbox_wrapper">\n            &lt;input id="54REV63Ovb" name="field_93" value="501" class="searchable" type="checkbox"&gt;\n            <label for="54REV63Ovb" class="vietnamese_english">In lụa</label>           \n        </div>\n            <div class="checkbox_wrapper">\n            &lt;input id="lBp3qz8y3A" name="field_93" value="502" class="searchable" type="checkbox"&gt;\n            <label for="lBp3qz8y3A" class="vietnamese_english">Hớt tóc</label>           \n        </div>\n            <div class="checkbox_wrapper">\n            &lt;input id="PpgsXu1rS6" name="field_93" value="503" class="searchable" type="checkbox"&gt;\n            <label for="PpgsXu1rS6" class="vietnamese_english">Chuyên viên trang điểm</label>           \n        </div>\n            <div class="checkbox_wrapper">\n            &lt;input id="9K3Y7oiF0" name="field_93" value="504" class="searchable" type="checkbox"&gt;\n            <label for="9K3Y7oiF0" class="vietnamese_english">Nhân viên nhập liệu</label>           \n        </div>\n            <div class="checkbox_wrapper">\n            &lt;input id="s21NU3xcnje5" name="field_93" value="505" class="searchable" type="checkbox"&gt;\n            <label for="s21NU3xcnje5" class="vietnamese_english">Thợ mộc</label>           \n        </div>\n            <div class="checkbox_wrapper">\n            &lt;input id="9xZT1PhGwZ6j" name="field_93" value="506" class="searchable" type="checkbox"&gt;\n            <label for="9xZT1PhGwZ6j" class="vietnamese_english">Thủ kho</label>           \n        </div>\n            <div class="checkbox_wrapper">\n            &lt;input id="tKExTv65hk0" name="field_93" value="507" class="searchable" type="checkbox"&gt;\n            <label for="tKExTv65hk0" class="vietnamese_english">Thư ký</label>           \n        </div>\n            <div class="checkbox_wrapper">\n            &lt;input id="Hy6pAVRdF541" name="field_93" value="508" class="searchable" type="checkbox"&gt;\n            <label for="Hy6pAVRdF541" class="vietnamese_english">Trợ lý</label>           \n        </div>\n            <div class="checkbox_wrapper">\n            &lt;input id="7TlCPtkOh" name="field_93" value="509" class="searchable" type="checkbox"&gt;\n            <label for="7TlCPtkOh" class="vietnamese_english">Tạp vụ</label>           \n        </div>\n            <div class="checkbox_wrapper">\n            &lt;input id="7xTs99mboK" name="field_93" value="510" class="searchable" type="checkbox"&gt;\n            <label for="7xTs99mboK" class="vietnamese_english">Họa viên kiến trúc</label>           \n        </div>\n            <div class="checkbox_wrapper">\n            &lt;input id="i9tlB8w86P" name="field_93" value="511" class="searchable" type="checkbox"&gt;\n            <label for="i9tlB8w86P" class="vietnamese_english">Nhân viên chăm sóc khách hàng</label>           \n        </div>\n            <div class="checkbox_wrapper">\n            &lt;input id="8tj6qzld0fJ0" name="field_93" value="512" class="searchable" type="checkbox"&gt;\n            <label for="8tj6qzld0fJ0" class="vietnamese_english">Bác sĩ máy tính</label>           \n        </div>\n            <div class="checkbox_wrapper">\n            &lt;input id="OltMsrVy6" name="field_93" value="513" class="searchable" type="checkbox"&gt;\n            <label for="OltMsrVy6" class="vietnamese_english">Tư vấn bất động sản</label>           \n        </div>\n            <div class="checkbox_wrapper">\n            &lt;input id="1fXu99XsV9" name="field_93" value="514" class="searchable" type="checkbox"&gt;\n            <label for="1fXu99XsV9" class="vietnamese_english">Tư vấn du học</label>           \n        </div>\n            <div class="checkbox_wrapper">\n            &lt;input id="Ih69PdkhplZV" name="field_93" value="515" class="searchable" type="checkbox"&gt;\n            <label for="Ih69PdkhplZV" class="vietnamese_english">Tư vấn bảo hiểm</label>           \n        </div>\n            <div class="checkbox_wrapper">\n            &lt;input id="ORQ2S0QeS" name="field_93" value="516" class="searchable" type="checkbox"&gt;\n            <label for="ORQ2S0QeS" class="vietnamese_english">Giới thiệu việc làm</label>           \n        </div>\n            <div class="checkbox_wrapper">\n            &lt;input id="SswY0bIt8" name="field_93" value="517" class="searchable" type="checkbox"&gt;\n            <label for="SswY0bIt8" class="vietnamese_english">Tham vấn / Counseling</label>           \n        </div>\n            <div class="checkbox_wrapper">\n            &lt;input id="vJTtkiNUeV0n" name="field_93" value="518" class="searchable" type="checkbox"&gt;\n            <label for="vJTtkiNUeV0n" class="vietnamese_english">Quan hệ công chúng (PR) / PR</label>           \n        </div>\n            <div class="checkbox_wrapper">\n            &lt;input id="z29NFu49P6rf" name="field_93" value="519" class="searchable" type="checkbox"&gt;\n            <label for="z29NFu49P6rf" class="vietnamese_english">Quản lý nhân sự / HR</label>           \n        </div>\n            <div class="checkbox_wrapper">\n            &lt;input id="9kdXKuyO0k6f" name="field_93" value="520" class="searchable" type="checkbox"&gt;\n            <label for="9kdXKuyO0k6f" class="vietnamese_english">Thiết kế web / We-designer</label>           \n        </div>\n            <div class="checkbox_wrapper">\n            &lt;input id="JVN7o97rWA64" name="field_93" value="521" class="searchable" type="checkbox"&gt;\n            <label for="JVN7o97rWA64" class="vietnamese_english">Dựng (biên tập) film / Film editor</label>           \n        </div>\n            <div class="checkbox_wrapper">\n            &lt;input id="CFSscG3FVZ" name="field_93" value="522" class="searchable" type="checkbox"&gt;\n            <label for="CFSscG3FVZ" class="vietnamese_english">Bảo vệ / Security</label>           \n        </div>\n            <div class="checkbox_wrapper">\n            &lt;input id="p8P13cSrFUD" name="field_93" value="523" class="searchable" type="checkbox"&gt;\n            <label for="p8P13cSrFUD" class="vietnamese_english">Quản trị mạng</label>           \n        </div>\n            <div class="checkbox_wrapper">\n            &lt;input id="cFMr4KjQ9Q" name="field_93" value="524" class="searchable" type="checkbox"&gt;\n            <label for="cFMr4KjQ9Q" class="vietnamese_english">Sửa điện thoại</label>           \n        </div>\n            <div class="checkbox_wrapper">\n            &lt;input id="TWnSZQ9SxCq0" name="field_93" value="525" class="searchable" type="checkbox"&gt;\n            <label for="TWnSZQ9SxCq0" class="vietnamese_english">Kết cườm</label>           \n        </div>\n            <div class="checkbox_wrapper">\n            &lt;input id="4LTk66rcYHBh" name="field_93" value="526" class="searchable" type="checkbox"&gt;\n            <label for="4LTk66rcYHBh" class="vietnamese_english">Trợ giảng / TA</label>           \n        </div>\n            <div class="checkbox_wrapper">\n            &lt;input id="fRYbWZGt94EN" name="field_93" value="527" class="searchable" type="checkbox"&gt;\n            <label for="fRYbWZGt94EN" class="vietnamese_english">Buôn bán nội thất / Furniture</label>           \n        </div>\n            <div class="checkbox_wrapper">\n            &lt;input id="0iD9FqAwU2PU" name="field_93" value="544" class="searchable" type="checkbox"&gt;\n            <label for="0iD9FqAwU2PU" class="vietnamese_english">Sửa xe gắn máy</label>           \n        </div>\n            <div class="checkbox_wrapper">\n            &lt;input id="Um3VkaEzl" name="field_93" value="545" class="searchable" type="checkbox"&gt;\n            <label for="Um3VkaEzl" class="vietnamese_english">Sửa xe đạp</label>           \n        </div>\n            <div class="checkbox_wrapper">\n            &lt;input id="9tEkVH8VMJ" name="field_93" value="546" class="searchable" type="checkbox"&gt;\n            <label for="9tEkVH8VMJ" class="vietnamese_english">Đan lát</label>           \n        </div>\n    </div></div><div><div class="textinput_wrapper"><label for="field_114" class="vietnamese_english" style="">Mong muốn học nghề</label>&lt;input name="field_114" value="" id="field_114" size="50" class="searchable" type="text"&gt;&lt;/div></div>', '');

-- --------------------------------------------------------

--
-- Table structure for table `objects`
--
-- Creation: Jul 29, 2010 at 04:48 PM
-- Last update: Aug 17, 2010 at 09:40 AM
--

DROP TABLE IF EXISTS `objects`;
CREATE TABLE IF NOT EXISTS `objects` (
  `ObjectID` bigint(20) unsigned NOT NULL auto_increment,
  `ObjectPrefixKey` varchar(30) collate utf8_unicode_ci NOT NULL,
  `ObjectClassID` int(11) NOT NULL,
  `ObjectRefKey` varchar(50) collate utf8_unicode_ci default NULL,
  PRIMARY KEY  (`ObjectID`)
) ENGINE=MyISAM  DEFAULT CHARSET=utf8 COLLATE=utf8_unicode_ci AUTO_INCREMENT=346 ;

--
-- Dumping data for table `objects`
--

INSERT INTO `objects` (`ObjectID`, `ObjectPrefixKey`, `ObjectClassID`, `ObjectRefKey`) VALUES
(1, '', 1, ''),
(2, '', 1, ''),
(3, '', 1, ''),
(4, '', 1, ''),
(5, '', 1, ''),
(6, '', 1, ''),
(7, '', 1, ''),
(8, '', 1, ''),
(9, '', 1, ''),
(10, '', 1, ''),
(111, '', 1, ''),
(110, '', 1, ''),
(108, '', 1, ''),
(261, '', 2, ''),
(30, '', 2, ''),
(18, '', 1, ''),
(260, '', 2, ''),
(112, '', 1, ''),
(21, '', 4, ''),
(22, '', 2, ''),
(107, '', 1, ''),
(106, '', 1, ''),
(35, '', 1, ''),
(36, '', 1, ''),
(37, '', 1, ''),
(38, '', 1, ''),
(39, '', 1, ''),
(40, '', 1, ''),
(41, '', 1, ''),
(42, '', 1, ''),
(43, '', 1, ''),
(44, '', 1, ''),
(45, '', 1, ''),
(46, '', 1, ''),
(47, '', 1, ''),
(48, '', 1, ''),
(49, '', 1, ''),
(50, '', 1, ''),
(51, '', 1, ''),
(52, '', 1, ''),
(53, '', 1, ''),
(54, '', 1, ''),
(55, '', 1, ''),
(56, '', 1, ''),
(57, '', 1, ''),
(58, '', 1, ''),
(59, '', 1, ''),
(60, '', 1, ''),
(61, '', 1, ''),
(62, '', 1, ''),
(63, '', 1, ''),
(64, '', 1, ''),
(65, '', 1, ''),
(66, '', 1, ''),
(67, '', 1, ''),
(68, '', 1, ''),
(69, '', 1, ''),
(70, '', 1, ''),
(71, '', 1, ''),
(72, '', 1, ''),
(73, '', 1, ''),
(74, '', 1, ''),
(75, '', 1, ''),
(76, '', 1, ''),
(77, '', 1, ''),
(78, '', 1, ''),
(105, '', 1, ''),
(80, '', 1, ''),
(81, '', 1, ''),
(109, '', 1, ''),
(104, '', 1, ''),
(103, '', 1, ''),
(102, '', 1, ''),
(96, '', 1, ''),
(95, '', 1, ''),
(113, '', 1, ''),
(114, '', 1, ''),
(115, '', 1, ''),
(116, '', 1, ''),
(117, '', 1, ''),
(118, '', 1, ''),
(119, '', 1, ''),
(120, '', 1, ''),
(121, '', 1, ''),
(122, '', 1, ''),
(123, '', 1, ''),
(124, '', 1, ''),
(168, '', 1, ''),
(128, '', 1, ''),
(129, '', 1, ''),
(130, '', 1, ''),
(131, '', 1, ''),
(132, '', 1, ''),
(133, '', 1, ''),
(134, '', 1, ''),
(135, '', 1, ''),
(136, '', 1, ''),
(137, '', 1, ''),
(138, '', 1, ''),
(139, '', 1, ''),
(140, '', 1, ''),
(141, '', 1, ''),
(142, '', 1, ''),
(143, '', 1, ''),
(144, '', 1, ''),
(145, '', 1, ''),
(146, '', 1, ''),
(147, '', 1, ''),
(148, '', 1, ''),
(149, '', 1, ''),
(150, '', 1, ''),
(151, '', 1, ''),
(152, '', 1, ''),
(153, '', 1, ''),
(154, '', 1, ''),
(155, '', 1, ''),
(156, '', 1, ''),
(157, '', 1, ''),
(158, '', 1, ''),
(159, '', 1, ''),
(160, '', 1, ''),
(161, '', 1, ''),
(162, '', 1, ''),
(163, '', 1, ''),
(164, '', 1, ''),
(165, '', 1, ''),
(166, '', 1, ''),
(167, '', 1, ''),
(169, '', 1, ''),
(170, '', 1, ''),
(171, '', 1, ''),
(172, '', 1, ''),
(173, '', 1, ''),
(174, '', 1, ''),
(175, '', 1, ''),
(176, '', 1, ''),
(177, '', 1, ''),
(178, '', 1, ''),
(179, '', 1, ''),
(180, '', 1, ''),
(181, '', 1, ''),
(182, '', 1, ''),
(183, '', 1, ''),
(184, '', 1, ''),
(185, '', 1, ''),
(186, '', 1, ''),
(187, '', 1, ''),
(188, '', 1, ''),
(189, '', 1, ''),
(190, '', 1, ''),
(191, '', 1, ''),
(192, '', 1, ''),
(193, '', 1, ''),
(194, '', 1, ''),
(195, '', 1, ''),
(196, '', 1, ''),
(197, '', 1, ''),
(198, '', 1, ''),
(199, '', 1, ''),
(200, '', 1, ''),
(201, '', 1, ''),
(202, '', 1, ''),
(203, '', 1, ''),
(204, '', 1, ''),
(205, '', 1, ''),
(206, '', 1, ''),
(207, '', 1, ''),
(208, '', 1, ''),
(209, '', 1, ''),
(210, '', 1, ''),
(211, '', 1, ''),
(212, '', 1, ''),
(213, '', 1, ''),
(214, '', 1, ''),
(215, '', 1, ''),
(216, '', 1, ''),
(217, '', 1, ''),
(218, '', 1, ''),
(219, '', 1, ''),
(220, '', 1, ''),
(221, '', 1, ''),
(222, '', 1, ''),
(223, '', 1, ''),
(224, '', 1, ''),
(225, '', 1, ''),
(226, '', 1, ''),
(227, '', 1, ''),
(228, '', 1, ''),
(229, '', 1, ''),
(230, '', 1, ''),
(231, '', 1, ''),
(232, '', 1, ''),
(233, '', 1, ''),
(234, '', 1, ''),
(235, '', 1, ''),
(236, '', 1, ''),
(237, '', 1, ''),
(238, '', 1, ''),
(239, '', 1, ''),
(240, '', 1, ''),
(241, '', 1, ''),
(242, '', 1, ''),
(243, '', 1, ''),
(244, '', 1, ''),
(245, '', 1, ''),
(246, '', 1, ''),
(247, '', 1, ''),
(248, '', 1, ''),
(249, '', 1, ''),
(250, '', 1, ''),
(251, '', 1, ''),
(252, '', 1, ''),
(253, '', 1, ''),
(254, '', 1, ''),
(255, '', 1, ''),
(256, '', 1, ''),
(257, '', 1, ''),
(262, '', 2, ''),
(263, '', 2, ''),
(264, '', 2, ''),
(265, '', 2, ''),
(266, '', 2, ''),
(267, '', 2, ''),
(268, '', 2, ''),
(269, '', 2, ''),
(270, '', 2, ''),
(271, '', 2, ''),
(272, '', 2, ''),
(273, '', 2, ''),
(274, '', 2, ''),
(275, '', 2, ''),
(276, '', 2, ''),
(277, '', 2, ''),
(278, '', 2, ''),
(279, '', 2, ''),
(280, '', 2, ''),
(281, '', 2, ''),
(282, '', 2, ''),
(283, '', 2, ''),
(284, '', 2, ''),
(285, '', 2, ''),
(286, '', 2, ''),
(287, '', 2, ''),
(288, '', 2, ''),
(289, '', 2, ''),
(290, '', 2, ''),
(291, '', 2, ''),
(292, '', 2, ''),
(293, '', 2, ''),
(294, '', 2, ''),
(295, '', 2, ''),
(296, '', 2, ''),
(297, '', 2, ''),
(298, '', 2, ''),
(299, '', 2, ''),
(300, '', 2, ''),
(301, '', 2, ''),
(302, '', 2, ''),
(303, '', 2, ''),
(304, '', 2, ''),
(305, '', 2, ''),
(306, '', 2, ''),
(307, '', 2, ''),
(308, '', 2, ''),
(309, '', 2, ''),
(310, '', 2, ''),
(311, '', 2, ''),
(312, '', 2, ''),
(313, '', 2, ''),
(314, '', 2, ''),
(315, '', 2, ''),
(316, '', 2, ''),
(317, '', 2, ''),
(318, '', 2, ''),
(319, '', 2, ''),
(320, '', 2, ''),
(321, '', 2, ''),
(322, '', 2, ''),
(323, '', 2, ''),
(324, '', 2, ''),
(325, '', 2, ''),
(326, '', 2, ''),
(327, '', 2, ''),
(328, '', 2, ''),
(329, '', 2, ''),
(330, '', 2, ''),
(331, '', 2, ''),
(332, '', 2, ''),
(333, '', 2, ''),
(334, '', 2, ''),
(335, '', 2, ''),
(336, '', 2, ''),
(337, '', 2, ''),
(338, '', 2, ''),
(339, '', 2, ''),
(340, '', 2, ''),
(341, '', 2, ''),
(342, '', 2, ''),
(343, '', 2, ''),
(344, '', 2, ''),
(345, '', 2, '');

-- --------------------------------------------------------

--
-- Table structure for table `processes`
--
-- Creation: Jul 29, 2010 at 04:48 PM
-- Last update: Jul 29, 2010 at 04:48 PM
--

DROP TABLE IF EXISTS `processes`;
CREATE TABLE IF NOT EXISTS `processes` (
  `ProcessID` int(10) unsigned NOT NULL auto_increment,
  `ProcessName` varchar(255) collate utf8_unicode_ci NOT NULL,
  `Description` text collate utf8_unicode_ci,
  PRIMARY KEY  (`ProcessID`)
) ENGINE=MyISAM  DEFAULT CHARSET=utf8 COLLATE=utf8_unicode_ci AUTO_INCREMENT=10 ;

--
-- Dumping data for table `processes`
--

INSERT INTO `processes` (`ProcessID`, `ProcessName`, `Description`) VALUES
(1, 'Nhập thông tin cho người tìm việc', 'for Job Seeker'),
(2, 'Quản lý thông tin người tìm việc', 'for Job Seeker'),
(3, 'Tranking Job seeker by DRD ', '#not_show_on_create# Tranking Job seeker by a job coach'),
(4, 'Nhập hồ sơ nhà tuyển dụng', 'This is used by DRD staff'),
(5, 'Quản lý các yêu cầu công việc', 'This process can be used multiple times, for DRD can post job requirements '),
(6, 'Tracking Employer', '#not_show_on_create# This process is used to manage feedbacks of employer'),
(8, 'KHẢO SÁT THÔNG TIN VIỆC LÀM', 'Chương trình khuyết tật và phát triển (DRD) hiện đang xây dựng DATABASE việc làm (DATABASE là hệ thống lưu trữ thông tin của người khuyết tật khi đến tìm việc. Ích lơi của DATABASE là tạo liên kết giữa người tìm việc và doanh nghiệp). DRD mong được các bạn hỗ trợ bằng cách điền đầy đủ các thông tin trong bảng khảo sát, để việc tiến hành xây dựng DATABASE được hợp lí và hiệu quả.'),
(9, 'Nhập thông tin công việc', '');

-- --------------------------------------------------------

--
-- Table structure for table `query_filters`
--
-- Creation: Sep 07, 2010 at 04:45 PM
--

DROP TABLE IF EXISTS `query_filters`;
CREATE TABLE IF NOT EXISTS `query_filters` (
  `id` int(10) unsigned NOT NULL auto_increment,
  `query_name` varchar(1000) collate utf8_unicode_ci NOT NULL,
  `query_details` text collate utf8_unicode_ci NOT NULL,
  PRIMARY KEY  (`id`)
) ENGINE=InnoDB  DEFAULT CHARSET=utf8 COLLATE=utf8_unicode_ci AUTO_INCREMENT=20 ;

--
-- Dumping data for table `query_filters`
--

INSERT INTO `query_filters` (`id`, `query_name`, `query_details`) VALUES
(4, 'Truy vấn dữ liệu về người tìm việc: Nam 2009 co bao nhieu ban khiem thinh tuoi tu 30-40 la nam co viec lam', '{"ObjectClassID":"1","ProcessID":"1","FormID":"1","statistics_mode":"false","csv_export":"false","query_fields":[{"name":"102","value":"2009","type":"text","operator":""},{"name":"109","value":"460","type":"select-one","operator":"AND"},{"name":"108","value":"457","type":"select-one","operator":"AND"},{"name":"19","value":"75","type":"checkbox","operator":"AND"}]}'),
(7, 'Truy vấn dữ liệu về người tìm việc: trong 6 thang cua 2010 co bao nhieu nu khuyet tat van dong co viec lam', '{"statistics_mode":"false","ObjectClassID":"1","ProcessID":"2","FormID":"2","csv_export":"false","query_fields":[{"name":"102","value":"6/2010","type":"text","operator":""},{"name":"108","value":"458","type":"select-one","operator":"AND"},{"name":"19","value":"75","type":"checkbox","operator":"AND"}]}'),
(8, 'Truy vấn về Dạng tật / Query about Disability Type', '{"statistics_mode":"false","ObjectClassID":"1","ProcessID":"1","FormID":"1","csv_export":"false","query_fields":[{"name":"109","value":"461","type":"select-one","operator":""},{"name":"19","value":"75","type":"checkbox","operator":"AND"}]}'),
(13, 'Nguoi khuyet tat tuổi từ 21-30, năm dang ky là 2009', '{"statistics_mode":"false","ObjectClassID":"1","ProcessID":"1","FormID":"1","csv_export":"false","query_fields":[{"name":"109","value":"460","type":"select-one","operator":""},{"name":"102","value":"2009","type":"text","operator":"AND"}]}'),
(15, 'Nguoi tim biec , ke toan, trinh do dai hoc', '{"ObjectClassID":"1","ProcessID":"2","FormID":"4","statistics_mode":"false","csv_export":"false","query_fields":[{"name":"82","value":"155","type":"select-one","operator":""},{"name":"93","value":"265","type":"checkbox","operator":"AND"}]}'),
(16, 'null', '{"ObjectClassID":"1","ProcessID":"2","FormID":"2","statistics_mode":"false","csv_export":"false","query_fields":[{"name":"19","value":"73","type":"checkbox","operator":""},{"name":"19","value":"108","type":"checkbox","operator":""},{"name":"19","value":"463","type":"checkbox","operator":""},{"name":"20","value":"121","type":"checkbox","operator":"OR"},{"name":"21","value":"135","type":"radio","operator":"AND"},{"name":"22","value":"19","type":"checkbox","operator":"AND"},{"name":"113","value":"537","type":"checkbox","operator":"AND"}]}'),
(17, 'Nu , Ke toan', '{"ObjectClassID":"1","ProcessID":"2","FormID":"4","statistics_mode":"false","csv_export":"false","query_fields":[{"name":"109","value":"460","type":"select-one","operator":""},{"name":"108","value":"458","type":"select-one","operator":"AND"},{"name":"93","value":"265","type":"checkbox","operator":"AND"}]}'),
(18, 'null', '{"ObjectClassID":"1","ProcessID":"2","FormID":"2","statistics_mode":"false","csv_export":"false","query_fields":[{"name":"78","value":"kế toán","type":"text","operator":"AND"},{"name":"108","value":"458","type":"select-one","operator":"AND"}]}'),
(19, 'null', '{"ObjectClassID":"1","ProcessID":"1","FormID":"1","statistics_mode":"false","csv_export":"false","query_fields":[{"name":"116","value":"549","type":"radio","operator":""},{"name":"109","value":"460","type":"select-one","operator":"AND"}]}');
SET FOREIGN_KEY_CHECKS=1;
COMMIT;
