-- --------------------------------------------------------
-- Host:                         127.0.0.1
-- Server version:               5.5.8 - MySQL Community Server (GPL)
-- Server OS:                    Win32
-- HeidiSQL version:             7.0.0.4123
-- Date/time:                    2012-04-06 22:23:05
-- --------------------------------------------------------

/*!40101 SET @OLD_CHARACTER_SET_CLIENT=@@CHARACTER_SET_CLIENT */;
/*!40101 SET NAMES utf8 */;
/*!40014 SET FOREIGN_KEY_CHECKS=0 */;

-- Dumping database structure for drd_databases
DROP DATABASE IF EXISTS `drd_databases`;
CREATE DATABASE IF NOT EXISTS `drd_databases` /*!40100 DEFAULT CHARACTER SET utf8 */;
USE `drd_databases`;


-- Dumping structure for table drd_databases.applications
DROP TABLE IF EXISTS `applications`;
CREATE TABLE IF NOT EXISTS `applications` (
  `id` int(11) unsigned NOT NULL AUTO_INCREMENT,
  `name` varchar(64) NOT NULL DEFAULT '',
  `client_id` varchar(32) NOT NULL DEFAULT '',
  `client_secret` varchar(32) NOT NULL DEFAULT '',
  `redirect_uri` varchar(250) NOT NULL DEFAULT '',
  `auto_approve` tinyint(1) NOT NULL DEFAULT '0',
  `autonomous` tinyint(1) NOT NULL DEFAULT '0',
  `status` enum('development','pending','approved','rejected') NOT NULL DEFAULT 'development',
  `suspended` tinyint(1) NOT NULL DEFAULT '0',
  `notes` tinytext,
  PRIMARY KEY (`id`),
  UNIQUE KEY `client_id` (`client_id`)
) ENGINE=InnoDB AUTO_INCREMENT=101 DEFAULT CHARSET=utf8;

-- Dumping data for table drd_databases.applications: ~1 rows (approximately)
DELETE FROM `applications`;
/*!40000 ALTER TABLE `applications` DISABLE KEYS */;
INSERT INTO `applications` (`id`, `name`, `client_id`, `client_secret`, `redirect_uri`, `auto_approve`, `autonomous`, `status`, `suspended`, `notes`) VALUES
	(100, 'mobile app test', 'hello-i2tree', 'e10adc3949ba59abbe56e057f20f883e', 'http://localhost/i2tree/index.php/unit-tests/', 1, 0, 'development', 0, NULL);
/*!40000 ALTER TABLE `applications` ENABLE KEYS */;


-- Dumping structure for table drd_databases.class_relationship
DROP TABLE IF EXISTS `class_relationship`;
CREATE TABLE IF NOT EXISTS `class_relationship` (
  `ObjectClassSelfID` int(10) unsigned NOT NULL,
  `ObjectClassOtherID` int(10) unsigned NOT NULL,
  `ConstraintType` varchar(5) COLLATE utf8_unicode_ci DEFAULT NULL,
  `Explanation` text COLLATE utf8_unicode_ci,
  PRIMARY KEY (`ObjectClassSelfID`,`ObjectClassOtherID`)
) ENGINE=MyISAM DEFAULT CHARSET=utf8 COLLATE=utf8_unicode_ci;

-- Dumping data for table drd_databases.class_relationship: 0 rows
DELETE FROM `class_relationship`;
/*!40000 ALTER TABLE `class_relationship` DISABLE KEYS */;
/*!40000 ALTER TABLE `class_relationship` ENABLE KEYS */;


-- Dumping structure for table drd_databases.class_using_process
DROP TABLE IF EXISTS `class_using_process`;
CREATE TABLE IF NOT EXISTS `class_using_process` (
  `ObjectClassID` int(10) unsigned DEFAULT NULL,
  `ProcessID` int(10) unsigned DEFAULT NULL,
  `ProcessOrder` int(11) DEFAULT NULL,
  KEY `FK_REFERENCE_14` (`ObjectClassID`),
  KEY `FK_REFERENCE_15` (`ProcessID`)
) ENGINE=MyISAM DEFAULT CHARSET=utf8 COLLATE=utf8_unicode_ci;

-- Dumping data for table drd_databases.class_using_process: 9 rows
DELETE FROM `class_using_process`;
/*!40000 ALTER TABLE `class_using_process` DISABLE KEYS */;
INSERT INTO `class_using_process` (`ObjectClassID`, `ProcessID`, `ProcessOrder`) VALUES
	(1, 3, 2),
	(1, 2, 1),
	(2, 4, 0),
	(2, 5, 1),
	(2, 6, 2),
	(1, 1, 0),
	(4, 9, 0),
	(5, 10, 0),
	(6, 11, 0);
/*!40000 ALTER TABLE `class_using_process` ENABLE KEYS */;


-- Dumping structure for table drd_databases.fieldoptions
DROP TABLE IF EXISTS `fieldoptions`;
CREATE TABLE IF NOT EXISTS `fieldoptions` (
  `FieldOptionID` int(10) unsigned NOT NULL AUTO_INCREMENT,
  `FieldID` bigint(20) unsigned NOT NULL,
  `OptionName` text CHARACTER SET utf8 NOT NULL,
  `DependentOptions` text COLLATE utf8_unicode_ci,
  PRIMARY KEY (`FieldOptionID`)
) ENGINE=MyISAM AUTO_INCREMENT=592 DEFAULT CHARSET=utf8 COLLATE=utf8_unicode_ci;

-- Dumping data for table drd_databases.fieldoptions: 572 rows
DELETE FROM `fieldoptions`;
/*!40000 ALTER TABLE `fieldoptions` DISABLE KEYS */;
INSERT INTO `fieldoptions` (`FieldOptionID`, `FieldID`, `OptionName`, `DependentOptions`) VALUES
	(1, 1, 'aaaa', NULL),
	(2, 1, 'bbb', NULL),
	(3, 4, '16 - 25', NULL),
	(4, 4, '26 - 35', NULL),
	(5, 4, '36 - 45', NULL),
	(6, 4, '46 - 55', NULL),
	(7, 4, '56 - 65', NULL),
	(8, 4, '65+', NULL),
	(9, 0, '1-10', NULL),
	(10, 0, '11-20', NULL),
	(11, 9, '10 - 20', NULL),
	(12, 9, '21 - 30', NULL),
	(13, 0, 'aa', NULL),
	(14, 10, 'fsdffsfs', NULL),
	(15, 11, 'a', NULL),
	(16, 11, 'b', NULL),
	(17, 12, 'ra1', NULL),
	(18, 12, 'ra2', NULL),
	(19, 22, 'Xe lăn / Wheelchair', NULL),
	(20, 22, 'Nạng / Crutch', NULL),
	(21, 35, '1 > 2\n3 > 5\n6  >  10\n11>  15\n16> 20\n21 > 30\n31 > 50\n50 > 100\n100 plus\n', NULL),
	(22, 36, '1 &gt; 2\n', NULL),
	(23, 36, '3 &gt; 5\n', NULL),
	(24, 36, '6  &gt;  10\n', NULL),
	(25, 36, '11&gt;  15\n', NULL),
	(26, 37, '1 > 2\n', NULL),
	(27, 37, '3 > 5\n', NULL),
	(28, 37, '6  >  10\n', NULL),
	(29, 36, '16&gt; 20\n', NULL),
	(30, 36, '21 &gt; 30\n', NULL),
	(31, 36, '31 &gt; 50\n', NULL),
	(32, 36, '50 &gt; 100\n', NULL),
	(33, 36, '100 plus\n', NULL),
	(34, 38, 'Biên-phiên dịch/Translator-Interpreter\n', NULL),
	(35, 38, 'Buôn bán lẻ/Retail\n', NULL),
	(36, 38, 'Chủ doanh nghiệp nhỏ/Small enterprise\n', NULL),
	(37, 38, 'Cơ khí/Mechanical\n', NULL),
	(38, 38, 'Công nghệ thông tin/IT\n', NULL),
	(39, 38, 'Công tác xã hội/Social work\n', NULL),
	(40, 38, 'Đầu bếp/Cook\n', NULL),
	(41, 38, 'Dạy nhạc/Music teacher\n', NULL),
	(42, 38, 'Điện-Điện tử/Electronics\n', NULL),
	(43, 38, 'Đờn ca tài tử/Folksong singer\n', NULL),
	(44, 38, 'Giáo viên/Teacher\n', NULL),
	(45, 38, 'Kế toán/Accounting\n', NULL),
	(46, 38, 'Làm việc cho các hộ kinh doanh/Working for Home traders\n', NULL),
	(47, 38, 'Làm vườn/Gardening\n', NULL),
	(48, 38, 'Luật/Law\n', NULL),
	(49, 38, 'Marketing\n', NULL),
	(50, 38, 'Mat-xa/Massage\n', NULL),
	(51, 38, 'Nghề nông/Agriculture\n', NULL),
	(52, 38, 'Nghệ thuật/Art\n', NULL),
	(53, 38, 'Nhân viên phòng Net/Internet room keeper\n', NULL),
	(54, 38, 'Nhân viên phục vụ/Servant\n', NULL),
	(55, 38, 'Nội thất/Furniture\n', NULL),
	(56, 38, 'Sáng tác thơ, nhạc/Musician/Poet Composer\n', NULL),
	(57, 38, 'Thiết kế thời trang/Fashion designer\n', NULL),
	(58, 38, 'Thủ công/Handicraft\n', NULL),
	(59, 38, 'Trực điện thoại/Phone reception\n', NULL),
	(60, 38, 'Tư vấn viên/Adviser\n', NULL),
	(61, 38, 'Văn phòng/Office\n', NULL),
	(62, 38, 'Văn phòng/Office\n', NULL),
	(63, 38, 'Viễn thông/Telecommunication\n', NULL),
	(64, 38, 'Y tế/Health\n', NULL),
	(65, 38, 'Other\n', NULL),
	(403, 45, 'Tiểu học/Elementary School', NULL),
	(67, 54, 'Disability awareness / workshop\n', NULL),
	(68, 54, 'JS support\n', NULL),
	(69, 54, 'Organising task\n', NULL),
	(70, 54, 'problem solving\n', NULL),
	(71, 54, 'Reasonable accomodation\n', NULL),
	(72, 54, 'sign language\n', NULL),
	(73, 19, 'Khiếm thính / Hearing impairment', NULL),
	(74, 19, 'Khiếm thị / Vision impairment', NULL),
	(75, 19, 'Khuyết tật vận động / Physical disability', NULL),
	(76, 19, 'Tâm thần / Mental health', NULL),
	(77, 19, 'Khuyết tật  trí tuệ / Intellectual disability', NULL),
	(78, 19, 'Bệnh mãn tính / Long term health condition', NULL),
	(336, 41, 'Khiếm thính/Hearing impairment', NULL),
	(81, 9, '31 - 40', NULL),
	(82, 9, '41 - 50', NULL),
	(83, 9, '51 - 60', NULL),
	(84, 79, 'Yêu thích công việc/Enjoy job', NULL),
	(85, 79, 'Cần tiền/Need money', NULL),
	(86, 79, 'Lương thỏa đáng/Suitable salary', NULL),
	(87, 79, 'Chủ đối xử tốt/Good employer', NULL),
	(88, 79, 'Được đào tạo thêm/Need more Training', NULL),
	(89, 79, 'Cần kinh nghiệm làm việc/Need experience', NULL),
	(90, 79, 'Đồng nghiệp tốt/Good co-workers', NULL),
	(91, 79, 'Có cơ hội thăng tiến tốt/Good promoting opportunity', NULL),
	(92, 79, 'Có cơ hội mở rộng quan hệ/Relationship extending opportunity', NULL),
	(93, 79, 'Có cuộc sống độc lập/Independence', NULL),
	(94, 79, 'Không tìm được việc khác/ can not seek other job', NULL),
	(95, 79, 'Điều kiện làm việc tốt/Good working environment', NULL),
	(96, 80, 'Không thích công việc', NULL),
	(97, 80, 'Muốn tìm cơ hội thăng tiến tốt hơn', NULL),
	(98, 80, 'Muốn thay đổi công việc', NULL),
	(99, 80, 'Bị phân biệt đối xử', NULL),
	(100, 80, 'Gặp trở ngại về các vấn đề tiếp cận công việc', NULL),
	(101, 80, 'Không thể làm việc', NULL),
	(102, 80, 'Bị đuổi việc', NULL),
	(103, 80, 'Doanh nghiệp gặp vấn đề về tài chính', NULL),
	(104, 80, 'Công việc đòi hỏi quá khả năng', NULL),
	(105, 80, 'Trả lương không thỏa đáng', NULL),
	(106, 80, 'Thay đổi chỗ ở', NULL),
	(107, 80, 'Gia đình cần lao động đột xuất', NULL),
	(108, 19, 'Sứt môi, hở hàm ếch / Harelip', NULL),
	(109, 19, 'Bệnh lùn / Draft', NULL),
	(110, 19, 'Bệnh già trước tuổi /', NULL),
	(111, 19, 'Gù lưng / Hunch-backed', NULL),
	(112, 19, 'Xương thủy tinh / Crystal Bone', NULL),
	(113, 20, 'Điếc / Deaf', NULL),
	(114, 20, 'Nghe kém / Hard of hearing', NULL),
	(115, 20, 'Mới bị mất thính lực', NULL),
	(116, 20, 'Nói đuợc, không nghe được / Speaking without hearing', NULL),
	(117, 20, 'Nghe được, không nói được / Hearing without speaking', NULL),
	(118, 20, 'Mù / Blind', NULL),
	(119, 20, 'Lòa / Low vision', NULL),
	(120, 20, 'Thị trường hẹp / Restricted vision', NULL),
	(121, 20, 'Hỏng một mắt / blind in one eye', NULL),
	(122, 20, 'Liệt toàn thân / Total paralysis', NULL),
	(123, 20, 'Liệt nửa người / Partial paralysis', NULL),
	(124, 20, 'Cụt 2 chân / Amputation of 2 legs', NULL),
	(125, 20, 'Cụt 1 chân / Amputation of 1 leg', NULL),
	(126, 20, 'Cụt 2 bàn chân / Amputation of 2 feet', NULL),
	(127, 20, 'Cụt 1 bàn chân / Amputation of 1 foot', NULL),
	(128, 20, 'Cụt 2 cánh tay / Amputation of 2 arms', NULL),
	(129, 20, 'Cụt 1 cánh tay / Amputation of 1 arm', NULL),
	(130, 20, 'Cụt 2 bàn tay / Amputation of 2 hands', NULL),
	(131, 21, 'Sốt bại liệt / Polio', NULL),
	(132, 21, 'Viêm màng não / Meningitis', NULL),
	(133, 21, 'Đột quỵ / Stroke', NULL),
	(134, 21, 'Lạm dụng thuốc / Overusing Medicine', NULL),
	(135, 21, 'Bẩm sinh / Congenital', NULL),
	(136, 21, 'Di truyền / Genetic', NULL),
	(137, 21, 'Sơ sẩy lúc sinh / Accident birth', NULL),
	(138, 21, 'Tai nạn nghề nghiệp / Accident work', NULL),
	(139, 21, 'Tai nạn giao thông / Accident traffic', NULL),
	(140, 21, 'Di chứng của bệnh phong / Sequela of Leprosey', NULL),
	(141, 21, 'Chất độc da cam / Dioxin', NULL),
	(142, 21, 'Chiến tranh / War', NULL),
	(143, 21, 'Chất độc hóa học / Chemical poison', NULL),
	(144, 21, 'Thiếu dinh dưỡng,Vitamin / Short of nutritive,Vitamin', NULL),
	(145, 21, 'Do bom mìn / Bomb', NULL),
	(146, 21, 'Không biết / Unknown', NULL),
	(147, 81, 'Có', NULL),
	(148, 81, 'Không', NULL),
	(149, 82, 'Tiểu học / Elementary School', NULL),
	(150, 82, 'Trung học cơ sở / Secondary school', NULL),
	(151, 82, 'Trung học phổ thông', NULL),
	(152, 82, 'Học nghề /', NULL),
	(153, 82, 'Trung Cấp Nghề', NULL),
	(154, 82, 'Cao đẳng / College', NULL),
	(155, 82, 'Đại học / University', NULL),
	(156, 82, 'Sau Đại học / Post Graduate', NULL),
	(157, 82, 'Bổ túc cấp I / Continuation School level I', NULL),
	(158, 82, 'Bổ túc cấp II / Continuation School level II', NULL),
	(159, 82, 'Bổ túc cấp III / Continuation School level III', NULL),
	(160, 83, 'Không có bằng cấp / No qualification', NULL),
	(161, 83, 'Bằng cấp I', NULL),
	(162, 83, 'Bằng cấp II', NULL),
	(163, 83, 'Bằng cấp III', NULL),
	(164, 83, 'Bằng trung cấp nghề', NULL),
	(165, 83, 'Cử nhân / BA', NULL),
	(166, 83, 'Thạc sĩ / MA/MS', NULL),
	(167, 83, 'Tiến sĩ / PhD', NULL),
	(168, 83, 'Bằng cấp chính quy', NULL),
	(169, 83, 'Bằng cấp không chính quy', NULL),
	(170, 84, 'Thể thao / Sport', NULL),
	(171, 84, 'Làm vườn / Gardening', NULL),
	(172, 84, 'Công nghệ thông tin / IT', NULL),
	(173, 84, 'Xem phim / Watching film', NULL),
	(174, 84, 'Nấu ăn / Cooking', NULL),
	(175, 84, 'Du lịch / Traveling', NULL),
	(176, 84, 'Đọc sách / Reading', NULL),
	(177, 84, 'Trang điểm / Make up', NULL),
	(178, 84, 'Nghiên cứu / Research', NULL),
	(179, 84, 'Giữ trẻ / Child care', NULL),
	(180, 84, 'Mua sắm / Shopping', NULL),
	(181, 84, 'Thêu thùa/May vá / Sewing/Handicraft', NULL),
	(182, 84, 'Nghề mộc / Woodwork', NULL),
	(183, 84, 'Nhiếp ảnh / Photography', NULL),
	(184, 84, 'Thời trang / Fashion Designer', NULL),
	(185, 84, 'Tham gia các hoạt động xã hội / Social activity ', NULL),
	(186, 84, 'Nghe nhạc / Music', NULL),
	(187, 84, 'Khác / Other', NULL),
	(188, 85, 'Kế toán / Accounting', NULL),
	(189, 85, 'Luật / Law', NULL),
	(190, 85, 'Công tác xã hội / Social work', NULL),
	(191, 85, 'Y tế / Health', NULL),
	(192, 85, 'Nghệ thuật / Art', NULL),
	(193, 85, 'Cơ khí / Mechanical', NULL),
	(194, 85, 'Viễn thông / Telecommunication', NULL),
	(195, 85, 'Thủ công / Handicraft', NULL),
	(196, 85, 'Buôn bán lẻ / Retail', NULL),
	(197, 85, 'Tiếp thị / Marketing', NULL),
	(198, 85, 'Buôn bán nội thất / Furniture', NULL),
	(199, 85, 'Nhân viên văn phòng / Office', NULL),
	(200, 85, 'Nghề nông / Agriculture', NULL),
	(201, 85, 'Mat-xa / Massage', NULL),
	(202, 85, 'Làm vườn / Gardening', NULL),
	(203, 85, 'Đầu bếp / Cook', NULL),
	(204, 85, 'Giáo viên / Teacher', NULL),
	(205, 85, 'Chủ doanh nghiệp nhỏ / Small enterprise', NULL),
	(206, 85, 'Làm việc ở nhà / Working for Home ', NULL),
	(207, 85, 'Thiết kế thời trang / Fashion designer', NULL),
	(208, 85, 'Công nghệ thông tin / IT', NULL),
	(209, 85, 'Điện-Điện tử / Electronics', NULL),
	(210, 85, 'Trực điện thoại / Phone reception', NULL),
	(211, 85, 'Biên-phiên dịch / Translator-Interpreter', NULL),
	(212, 85, 'Dạy nhạc / Music teacher', NULL),
	(213, 85, 'Dạy ngoại ngữ / Foreign language teacher', NULL),
	(214, 85, 'Tư vấn viên / Adviser', NULL),
	(215, 85, 'Sáng tác thơ, nhạc / Musician, Poet Composer', NULL),
	(216, 85, 'Đờn ca tài tử / Folksong singer', NULL),
	(217, 85, 'Nhân viên phục vụ / Servant', NULL),
	(218, 85, 'Nhân viên phòng Net / Internet room keeper', NULL),
	(219, 86, '0 năm', NULL),
	(220, 86, '1', NULL),
	(221, 86, '2', NULL),
	(222, 86, '3', NULL),
	(223, 86, '4', NULL),
	(224, 86, '5', NULL),
	(225, 86, '6', NULL),
	(226, 86, '7', NULL),
	(227, 86, '8', NULL),
	(228, 86, '9', NULL),
	(229, 20, 'Cụt 1 bàn tay / Amputation of 1 hand', NULL),
	(230, 20, 'Cụt ngón chân / Amputation of toe', NULL),
	(231, 20, 'Cụt ngón tay / Amputation of finger', NULL),
	(232, 20, 'Liệt 2 chân / Paralysis of 2 legs', NULL),
	(233, 20, 'Liệt 1 chân / Paralysis of 1 leg', NULL),
	(234, 20, 'Liệt 2 tay / Paralysis of 2 arms', NULL),
	(235, 20, 'Liệt 1 tay / Paralysis of 1 arm', NULL),
	(236, 20, 'Khoèo (yếu) 1 chân ', NULL),
	(237, 20, 'Khoèo (yếu) 1 tay', NULL),
	(238, 20, 'Khoèo cổ', NULL),
	(239, 20, 'Chấn thương đầu / Head injury', NULL),
	(240, 20, 'Mất trí / Memory loss', NULL),
	(241, 20, 'Trầm cảm / Depression', NULL),
	(242, 20, 'Suy nhược thần kinh / Mental asthenia', NULL),
	(243, 20, 'Hành vi lạ / Strange behavior', NULL),
	(244, 20, 'Hội chứng Down / Down Syndrome', NULL),
	(245, 20, 'Tự kỷ / Autism', NULL),
	(246, 20, 'Bại não / Cerebral palsy', NULL),
	(247, 20, 'Ung thư / Cancer', NULL),
	(248, 20, 'Bệnh phong/Leprosey', NULL),
	(249, 20, 'HIV / Aids', NULL),
	(250, 20, 'Parkinsons', NULL),
	(251, 20, 'Chứng mất trí / Memory loss', NULL),
	(252, 22, 'Người hỗ trợ / Personal Assistant', NULL),
	(253, 22, 'Bệ đỡ / Ramp', NULL),
	(254, 22, 'Nhà vệ sinh có thể tiếp cận / Accessible toilet', NULL),
	(255, 22, 'Tầng trệt / Ground floor', NULL),
	(256, 22, 'Dùng ngôn ngữ ký hiệu / Sign language', NULL),
	(257, 22, 'Thiết bị công nghệ thông tin chuyên dụng / Special IT equipment', NULL),
	(258, 22, 'Máy trợ thính / Hearing assistance equipment', NULL),
	(259, 22, 'Thiết bị hỗ trợ nghe', NULL),
	(260, 22, 'Gậy / Stick', NULL),
	(261, 22, 'Xe lắc /', NULL),
	(262, 22, 'Chữ nổi / Braille', NULL),
	(263, 22, 'Xe ba bánh / Three-wheel motobike', NULL),
	(264, 22, 'Không cần / No need', NULL),
	(265, 93, 'Kế toán / Accounting', NULL),
	(266, 93, 'Luật / Law', NULL),
	(267, 93, 'Công tác xã hội / Social work', NULL),
	(268, 93, 'Y tế / Health', NULL),
	(269, 93, 'Nghệ thuật / Art', NULL),
	(270, 93, 'Cơ khí / Mechanical', NULL),
	(271, 93, 'Viễn thông / Telecommunication', NULL),
	(272, 93, 'Thủ công / Handicraft', NULL),
	(273, 93, 'Buôn bán lẻ / Retail', NULL),
	(274, 93, 'Tiếp thị / Marketing', NULL),
	(275, 93, 'Nội thất / Furniture', NULL),
	(276, 93, 'Văn phòng / Office', NULL),
	(277, 93, 'Nghề nông / Agriculture', NULL),
	(278, 93, 'Mat-xa / Massage', NULL),
	(279, 93, 'Làm vườn / Gardening', NULL),
	(280, 93, 'Đầu bếp / Cook', NULL),
	(281, 93, 'Giáo viên / Teacher', NULL),
	(282, 93, 'Chủ doanh nghiệp nhỏ / Small enterprise', NULL),
	(283, 93, 'Làm việc ở nhà / Working for Home ', NULL),
	(284, 93, 'Thiết kế thời trang / Fashion designer', NULL),
	(285, 93, 'Công nghệ thông tin / IT', NULL),
	(286, 93, 'Điện-Điện tử / Electronics', NULL),
	(287, 93, 'Trực điện thoại / Phone reception', NULL),
	(288, 93, 'Biên-phiên dịch / Translator-Interpreter', NULL),
	(289, 93, 'Dạy nhạc / Music teacher', NULL),
	(290, 93, 'Dạy ngoại ngữ / Foreign language teacher', NULL),
	(291, 93, 'Tư vấn viên / Adviser', NULL),
	(292, 93, 'Sáng tác thơ, nhạc / Musician/Poet Composer', NULL),
	(293, 93, 'Đờn ca tài tử / Folksong singer', NULL),
	(294, 93, 'Nhân viên phục vụ / Servant', NULL),
	(295, 93, 'Nhân viên phòng Net / Internet room keeper', NULL),
	(296, 88, 'Công nghệ thông tin / IT', NULL),
	(297, 88, 'Word', NULL),
	(298, 88, 'Excel', NULL),
	(299, 88, 'Power point', NULL),
	(300, 88, 'Đồ họa / Graphics', NULL),
	(301, 88, 'Email', NULL),
	(302, 88, 'Access', NULL),
	(303, 88, 'Làm việc độc lập / Independent work', NULL),
	(304, 88, 'Sử dụng ngôn ngữ ký hiệu / Sign language', NULL),
	(305, 88, 'Nấu ăn / Cooking', NULL),
	(306, 88, 'Nhiếp ảnh / Photography', NULL),
	(307, 88, 'Viết sơ yếu lý lịch / CV writing skill', NULL),
	(308, 88, 'Trả lời phỏng vấn / Interview answering skill', NULL),
	(309, 88, 'Tìm việc / Job seeking skill', NULL),
	(310, 88, 'Quản lý / Managing', NULL),
	(311, 88, 'Giao tiếp / Communicating', NULL),
	(312, 88, 'Lãnh đạo / Leading', NULL),
	(313, 88, 'Làm việc nhóm / Teamwork', NULL),
	(314, 88, 'Tự đi lại / Independent travel', NULL),
	(315, 88, 'Không / None', NULL),
	(316, 94, 'Công nghệ thông tin / IT', NULL),
	(317, 94, 'Word', NULL),
	(318, 94, 'Excel', NULL),
	(319, 94, 'Power point', NULL),
	(320, 94, 'Đồ họa / Graphics', NULL),
	(321, 94, 'Email', NULL),
	(322, 94, 'Access', NULL),
	(323, 94, 'Làm việc độc lập / Independent work', NULL),
	(324, 94, 'Sử dụng ngôn ngữ ký hiệu / Sign language', NULL),
	(325, 94, 'Nấu ăn / Cooking', NULL),
	(326, 94, 'Nhiếp ảnh / Photography', NULL),
	(327, 94, 'Viết sơ yếu lý lịch / CV writing skill', NULL),
	(328, 94, 'Phỏng vấn / Interview answering skill', NULL),
	(329, 94, 'Tìm việc / Job seeking skill', NULL),
	(330, 94, 'Quản lý / Managing', NULL),
	(331, 94, 'Giao tiếp / Communicating', NULL),
	(332, 94, 'Lãnh đạo / Leading', NULL),
	(333, 94, 'Làm việc nhóm / Teamwork', NULL),
	(334, 94, 'Tự đi lại / Independent travel', NULL),
	(335, 94, 'Không / None', NULL),
	(337, 41, 'Khiếm thị/Vision impairment', NULL),
	(338, 41, 'Tật vận động/Physical disability', NULL),
	(339, 41, 'Sức khỏe tinh thần/Mental health', NULL),
	(340, 41, 'Khuyết tật về mặt trí tuệ/Intellectual disability', NULL),
	(341, 41, 'Bệnh mãn tính/Long term health condition', NULL),
	(342, 41, 'Sứt môi, hở hàm ếch/Harelip', NULL),
	(343, 41, 'Bệnh lùn/Draft', NULL),
	(344, 41, 'Bệnh già trước tuổi/', NULL),
	(345, 41, 'Gù lưng/Hunch-backed', NULL),
	(346, 41, 'Khác/Other', NULL),
	(347, 42, 'Điếc/Deaf', NULL),
	(348, 42, 'Nghe kém/Hard of hearing', NULL),
	(349, 42, 'Mới bị mất thính lực', NULL),
	(350, 42, 'Nói đuợc, không nghe được/Speaking without hearing', NULL),
	(351, 42, 'Nghe được, không nói được/Hearing without speaking', NULL),
	(352, 42, 'Mù/Blind', NULL),
	(353, 42, 'Lòa/Low vision', NULL),
	(354, 42, 'Thị trường hẹp/Restricted vision', NULL),
	(355, 42, 'Hỏng một mắt/blind in one eye', NULL),
	(356, 42, 'Liệt toàn thân/Total paralysis', NULL),
	(357, 42, 'Liệt nửa người/Partial paralysis', NULL),
	(358, 42, 'Cụt 2 chân/Amputation of 2 legs', NULL),
	(359, 42, 'Cụt 1 chân/Amputation of 1 leg', NULL),
	(360, 42, 'Cụt 2 bàn chân/Amputation of 2 feet', NULL),
	(361, 42, 'Cụt 1 bàn chân/Amputation of 1 foot', NULL),
	(362, 42, 'Cụt 2 cánh tay/Amputation of 2 arms', NULL),
	(363, 42, 'Cụt 1 cánh tay/Amputation of 1 arm', NULL),
	(364, 42, 'Cụt 2 bàn tay/Amputation of 2 hands', NULL),
	(365, 42, 'Cụt 1 bàn tay/Amputation of 1 hand', NULL),
	(366, 42, 'Cụt ngón chân/Amputation of toe', NULL),
	(367, 42, 'Cụt ngón tay/Amputation of finger', NULL),
	(368, 42, 'Liệt 2 chân/ Paralysis of 2 legs', NULL),
	(369, 42, 'Liệt 1 chân/Paralysis of 1 leg', NULL),
	(370, 42, 'Liệt 2 tay/Paralysis of 2 arms', NULL),
	(371, 42, 'Liệt 1 tay/Paralysis of 1 arm', NULL),
	(372, 42, 'Khoèo chân', NULL),
	(373, 42, 'Khoèo tay', NULL),
	(374, 42, 'Khoèo cổ', NULL),
	(375, 42, 'Chấn thương đầu/Head injury', NULL),
	(376, 42, 'Mất trí/Memory loss', NULL),
	(377, 42, 'Trầm cảm/Depression', NULL),
	(378, 42, 'Suy nhược thần kinh/Mental asthenia', NULL),
	(379, 42, 'Hành vi lạ/Strange behavior', NULL),
	(380, 42, 'Hội chứng Down/Down', NULL),
	(381, 42, 'Tự kỷ/Autism', NULL),
	(382, 42, 'Bại não/Cerebral palsy', NULL),
	(383, 42, 'Ung thư/Cancer', NULL),
	(384, 42, 'Bệnh phong/Leprosey', NULL),
	(385, 42, 'HIV / Aids', NULL),
	(386, 42, 'Parkinsons', NULL),
	(387, 42, 'Chứng mất trí/Memory loss', NULL),
	(388, 44, 'Xe lăn/Wheelchair', NULL),
	(389, 44, 'Nạng/Crutch', NULL),
	(390, 44, 'Người hỗ trợ/Personal Assistant', NULL),
	(391, 44, 'Bệ đỡ/Ramp', NULL),
	(392, 44, 'Nhà vệ sinh có thể tiếp cận/Accessible toilet', NULL),
	(393, 44, 'Tầng trệt/Ground floor', NULL),
	(394, 44, 'Dùng ngôn ngữ ký hiệu/Sign language', NULL),
	(395, 44, 'Thiết bị công nghệ thông tin chuyên dụng/Special IT equipment', NULL),
	(396, 44, 'Máy trợ thính/Hearing assistance equipment', NULL),
	(397, 44, 'Thiết bị hỗ trợ nghe', NULL),
	(398, 44, 'Gậy/Stick', NULL),
	(399, 44, 'Xe lắc/', NULL),
	(400, 44, 'Chữ nổi/Braille', NULL),
	(401, 44, 'Xe ba bánh/Three-wheel motobike', NULL),
	(402, 44, 'Không cần/ No need', NULL),
	(404, 45, 'Trung học cơ sở/Secondary school', NULL),
	(405, 45, 'Trung học phổ thông', NULL),
	(406, 45, 'Học nghề/', NULL),
	(407, 45, 'Trung Cấp Nghề', NULL),
	(408, 45, 'Cao đẳng/College', NULL),
	(409, 45, 'Đại học/University', NULL),
	(410, 45, 'Sau Đại học/Post Graduate', NULL),
	(411, 45, 'Bổ túc cấp I/Continuation School level I', NULL),
	(412, 45, 'Bổ túc cấp II/Continuation School level II', NULL),
	(413, 45, 'Bổ túc cấp III/Continuation School level III', NULL),
	(414, 46, 'Không có bằng cấp/No qualification', NULL),
	(415, 46, 'Bằng cấp I', NULL),
	(416, 46, 'Bằng cấp II', NULL),
	(417, 46, 'Bằng cấp III', NULL),
	(418, 46, 'Bằng trung cấp nghề', NULL),
	(419, 46, 'Cử nhân/BA', NULL),
	(420, 46, 'Thạc sĩ/MA/MS', NULL),
	(421, 46, 'Tiến sĩ/PhD', NULL),
	(422, 46, 'Bằng cấp chính quy', NULL),
	(423, 46, 'Bằng cấp không chính quy', NULL),
	(424, 51, 'Công nghệ thông tin/IT', NULL),
	(425, 51, 'Word', NULL),
	(426, 51, 'Excel', NULL),
	(427, 51, 'Power point', NULL),
	(428, 51, 'Đồ họa/graphics', NULL),
	(429, 51, 'Email', NULL),
	(430, 51, 'Access', NULL),
	(431, 51, 'Làm việc độc lập/Independent work', NULL),
	(432, 51, 'Sử dụng ngôn ngữ ký hiệu/Sign language', NULL),
	(433, 51, 'Nấu ăn/Cooking', NULL),
	(434, 51, 'Nhiếp ảnh/Photography', NULL),
	(435, 51, 'Viết sơ yếu lý lịch/CV writing skill', NULL),
	(436, 51, 'Phỏng vấn/Interview answering skill', NULL),
	(437, 51, 'Tìm việc/Job seeking skill', NULL),
	(438, 51, 'Quản trị/Managing', NULL),
	(439, 51, 'Giao tiếp/Communicating', NULL),
	(440, 51, 'Lãnh đạo/Leading', NULL),
	(441, 51, 'Làm việc nhóm/Teamwork', NULL),
	(442, 51, 'Tự đi lại/Independent travel', NULL),
	(443, 51, 'Không/None', NULL),
	(444, 52, 'Biết đọc biết viết / ability of reading and writing', NULL),
	(445, 52, 'Biết đọc nhưng không biết viết / Ability of reading without writing', NULL),
	(446, 53, 'Có', NULL),
	(447, 53, 'Không', NULL),
	(448, 85, 'Trợ giảng / TA', NULL),
	(450, 86, 'trên 10 năm', NULL),
	(456, 99, 'Nữ', NULL),
	(455, 99, 'Nam', NULL),
	(457, 108, 'Nam', NULL),
	(458, 108, 'Nữ', NULL),
	(459, 109, '10 - 20', NULL),
	(460, 109, '21 - 30', NULL),
	(461, 109, '31 - 40', NULL),
	(462, 109, '41 - 50', NULL),
	(463, 19, 'Hội chứng Down / Down Sydrome', NULL),
	(464, 19, 'Khác / Other', NULL),
	(465, 83, 'Kỹ sư / Engineer', NULL),
	(466, 84, 'Không / None', NULL),
	(468, 85, 'Kết cườm', NULL),
	(469, 85, 'Sửa điện thoại', NULL),
	(470, 85, 'Quản trị mạng / Network Admin', NULL),
	(471, 85, 'Bảo vệ / Security', NULL),
	(472, 85, 'Dựng (biên tập) phim / Film editor', NULL),
	(473, 85, 'Thiết kế web / Web-designer', NULL),
	(474, 85, 'Quản lý nhân sự / HR', NULL),
	(475, 85, 'Quan hệ công chúng (PR) / PR', NULL),
	(476, 85, 'Tham vấn / Counseling', NULL),
	(477, 85, 'Giới thiệu việc làm', NULL),
	(478, 85, 'Tư vấn bảo hiểm', NULL),
	(479, 85, 'Tư vấn du học', NULL),
	(480, 85, 'Tư vấn bất động sản', NULL),
	(481, 85, 'Bác sĩ máy tính', NULL),
	(482, 85, 'Nhân viên chăm sóc khách hàng / Customer Care', NULL),
	(483, 85, 'Họa viên kiến trúc', NULL),
	(484, 85, 'Tạp vụ', NULL),
	(485, 85, 'Trợ lý', NULL),
	(486, 85, 'Thư ký', NULL),
	(487, 85, 'Thủ kho', NULL),
	(488, 85, 'Thợ mộc', NULL),
	(489, 85, 'Nhân viên nhập liệu', NULL),
	(490, 85, 'Chuyên viên trang điểm', NULL),
	(491, 85, 'Hớt tóc', NULL),
	(492, 85, 'In lụa', NULL),
	(493, 85, 'Thêu', NULL),
	(494, 85, 'Tư vấn khách hàng qua điện thoại', NULL),
	(495, 85, 'Thu ngân', NULL),
	(496, 85, 'Gia sư', NULL),
	(497, 93, 'Gia sư', NULL),
	(498, 93, 'Thu ngân', NULL),
	(499, 93, 'Tư vấn khách hàng qua điện thoại', NULL),
	(500, 93, 'Thêu', NULL),
	(501, 93, 'In lụa', NULL),
	(502, 93, 'Hớt tóc', NULL),
	(503, 93, 'Chuyên viên trang điểm', NULL),
	(504, 93, 'Nhân viên nhập liệu', NULL),
	(505, 93, 'Thợ mộc', NULL),
	(506, 93, 'Thủ kho', NULL),
	(507, 93, 'Thư ký', NULL),
	(508, 93, 'Trợ lý', NULL),
	(509, 93, 'Tạp vụ', NULL),
	(510, 93, 'Họa viên kiến trúc', NULL),
	(511, 93, 'Nhân viên chăm sóc khách hàng', NULL),
	(512, 93, 'Bác sĩ máy tính', NULL),
	(513, 93, 'Tư vấn bất động sản', NULL),
	(514, 93, 'Tư vấn du học', NULL),
	(515, 93, 'Tư vấn bảo hiểm', NULL),
	(516, 93, 'Giới thiệu việc làm', NULL),
	(517, 93, 'Tham vấn / Counseling', NULL),
	(518, 93, 'Quan hệ công chúng (PR) / PR', NULL),
	(519, 93, 'Quản lý nhân sự / HR', NULL),
	(520, 93, 'Thiết kế web / We-designer', NULL),
	(521, 93, 'Dựng (biên tập) film / Film editor', NULL),
	(522, 93, 'Bảo vệ / Security', NULL),
	(523, 93, 'Quản trị mạng', NULL),
	(524, 93, 'Sửa điện thoại', NULL),
	(525, 93, 'Kết cườm', NULL),
	(526, 93, 'Trợ giảng / TA', NULL),
	(527, 93, 'Buôn bán nội thất / Furniture', NULL),
	(539, 113, 'Xe buýt', NULL),
	(538, 113, 'Xe 3 bánh', NULL),
	(537, 113, 'Xe lắc', NULL),
	(536, 113, 'Xe lăn', NULL),
	(535, 113, 'Nạng', NULL),
	(534, 20, 'Có thể tự đi lại được', NULL),
	(540, 85, 'Sửa xe gắn máy', NULL),
	(541, 85, 'Sửa xe đạp', NULL),
	(542, 85, 'Cắt chỉ', NULL),
	(543, 85, 'Đan lát', NULL),
	(544, 93, 'Sửa xe gắn máy', NULL),
	(545, 93, 'Sửa xe đạp', NULL),
	(546, 93, 'Đan lát', NULL),
	(548, 116, 'Đã có việc làm', NULL),
	(549, 116, 'Chưa có việc làm', NULL),
	(550, 117, 'Thân thiện', NULL),
	(551, 117, 'Vãng lai', NULL),
	(552, 117, 'Tiềm Năng', NULL),
	(553, 38, 'ban hang qua mang', NULL),
	(554, 38, 'theu tranh', NULL),
	(555, 88, 'Đàn', NULL),
	(556, 125, 'Ráp thú giấy', NULL),
	(557, 126, 'Ráp thú giấy', NULL),
	(558, 127, 'a The \'firstItemChecksAll\' option allows you to attach a special behavior to the first item in the list. If the item is checked, all items in the list are checked. ', NULL),
	(559, 127, 'b', NULL),
	(560, 127, 'c', NULL),
	(561, 127, 'd', NULL),
	(562, 127, 'e', NULL),
	(563, 127, 'e', NULL),
	(564, 127, 'f', NULL),
	(565, 127, 'g', NULL),
	(566, 127, 'hh', NULL),
	(567, 128, 'Khách sạn – Du lịch', NULL),
	(568, 128, 'Sản xuất', NULL),
	(569, 128, 'Kinh doanh – Thương mại', NULL),
	(570, 128, 'Truyền thông - PR', NULL),
	(571, 128, 'Hàng tiêu dùng', NULL),
	(572, 128, 'Dịch vụ - hỗ trợ', NULL),
	(573, 128, 'Công nghệ thông tin', NULL),
	(574, 128, 'Viễn thông', NULL),
	(575, 128, 'Kỹ thuật – công nghệ', NULL),
	(576, 128, 'Hành chính – nhân sự', NULL),
	(577, 128, 'Làm thêm', NULL),
	(578, 128, 'Tài chính – tiền tệ', NULL),
	(579, 128, 'Xây dựng', NULL),
	(580, 128, 'Ngành nghề khác', NULL),
	(581, 129, 'a. Nói nhiều hơn là nghe người khác nói.', NULL),
	(582, 129, 'b. Lắng nghe người khác nhiều hơn là nói.', NULL),
	(583, 129, 'c. Chú ý các tiểu tiết.', NULL),
	(584, 129, 'd. Chú ý bức tranh toàn cảnh và những việc có thể xảy ra.', NULL),
	(585, 129, 'e. Quyết định mọi việc rất khách quan.', NULL),
	(586, 129, 'f. Quyết định mọi việc theo giá trị riêng của chúng và cảm nhận của bạn.', NULL),
	(587, 129, 'g. Thực hiện đúng kế hoạch đặt ra, không muốn thay đổi.', NULL),
	(588, 129, 'h. Linh hoạt khi thực hiện các kế hoạch.', NULL);
/*!40000 ALTER TABLE `fieldoptions` ENABLE KEYS */;


-- Dumping structure for table drd_databases.fields
DROP TABLE IF EXISTS `fields`;
CREATE TABLE IF NOT EXISTS `fields` (
  `FieldID` int(10) unsigned NOT NULL AUTO_INCREMENT,
  `FieldTypeID` smallint(5) unsigned DEFAULT NULL,
  `FieldName` text CHARACTER SET utf8 NOT NULL,
  `ValidationRules` varchar(255) COLLATE utf8_unicode_ci DEFAULT NULL,
  `DependentFields` text COLLATE utf8_unicode_ci,
  PRIMARY KEY (`FieldID`)
) ENGINE=MyISAM AUTO_INCREMENT=131 DEFAULT CHARSET=utf8 COLLATE=utf8_unicode_ci;

-- Dumping data for table drd_databases.fields: 125 rows
DELETE FROM `fields`;
/*!40000 ALTER TABLE `fields` DISABLE KEYS */;
INSERT INTO `fields` (`FieldID`, `FieldTypeID`, `FieldName`, `ValidationRules`, `DependentFields`) VALUES
	(1, 4, 'field 1 ext', 'searchable', NULL),
	(2, 2, 'field 2', 'searchable', NULL),
	(3, 3, 'Ngay sinh', 'searchable', NULL),
	(4, 4, 'Tuổi/Age', 'searchable', NULL),
	(5, 1, 'aaa', 'searchable', NULL),
	(6, 1, 'Job Seeker Name', 'searchable', NULL),
	(7, 4, 'What is your Age ?', 'searchable', NULL),
	(8, 1, 'Họ tên / Your Name', 'searchable', NULL),
	(9, 4, 'Tuổi / Age', 'searchable', NULL),
	(10, 4, 'aaaa', 'searchable', NULL),
	(11, 7, 'chexcxvbox', 'searchable', NULL),
	(12, 6, 'test', 'searchable', NULL),
	(13, 2, 'Địa chỉ thường trú/Adress', 'searchable', NULL),
	(14, 2, 'Địa chỉ liên lạc / Contact Address', 'searchable', NULL),
	(15, 1, 'Mobile number 1', 'searchable', NULL),
	(16, 1, 'Số điện thoại / Phone Number', 'searchable', NULL),
	(17, 1, 'E-mail', 'searchable', NULL),
	(18, 1, 'Repeat E Mail', '== field: E Mail ', NULL),
	(19, 7, 'Dạng tật / Disability', 'searchable | statistical', NULL),
	(20, 7, 'Chi tiết dạng tật/Details of Disability', 'searchable', NULL),
	(21, 6, 'Nguyên nhân gây khuyết tật / Cause of disability', 'searchable', NULL),
	(22, 7, 'Phương tiện hỗ trợ phù hợp / Reasonable Accomodation', 'searchable', NULL),
	(24, 1, 'EMPLOYER CONTACT DETAILS   ', 'searchable', NULL),
	(25, 1, 'EMPLOYER CONTACT DETAILS', 'searchable', NULL),
	(29, 1, 'Tên công ty', 'searchable', NULL),
	(30, 2, 'Địa chỉ', 'searchable', NULL),
	(31, 1, 'Số điện thoại', 'searchable', NULL),
	(32, 1, 'Email', 'searchable', NULL),
	(33, 1, 'Địa chỉ Website', 'searchable', NULL),
	(34, 1, 'Tên của người liên lạc', 'searchable', NULL),
	(35, 5, 'Nos of Employees', 'searchable', NULL),
	(36, 4, 'Số lượng nhân viên', 'searchable', NULL),
	(37, 4, 'Nos of Employees', 'searchable', NULL),
	(38, 4, 'Loại hình kinh doanh', 'searchable', NULL),
	(39, 1, 'Số Fax / Fax Number', 'searchable', NULL),
	(40, 1, 'Số mobile của người cần liên lạc', 'searchable', NULL),
	(41, 6, 'Loại khuyết tật nào mà công ty có thể chấp nhận?', 'searchable', NULL),
	(42, 7, 'Vui lòng mô tả chi tiết về loại khuyết tật (có thể bỏ qua)', 'searchable', NULL),
	(43, 1, 'What type of reasonable accomodation can you make?', 'searchable', NULL),
	(44, 7, 'Phương tiện hỗ trợ phù hợp/Reasonable Accomodation', 'searchable', NULL),
	(45, 4, 'Trình độ học vấn / School level', 'searchable', NULL),
	(46, 4, 'Bằng cấp/Chứng chỉ/Chứng nhận/Qualification/Certificate', 'searchable', NULL),
	(47, 1, 'What subject do you need? ', 'searchable', NULL),
	(48, 1, 'What subject do you need? ', 'searchable', NULL),
	(49, 1, 'What subject do you need? ', 'searchable', NULL),
	(50, 1, 'What subject do you need? ', 'searchable', NULL),
	(51, 7, 'Các kỹ năng mong muốn ứng viên có / What skills do you need ?', 'searchable', NULL),
	(52, 4, 'Bạn cần ứng viên biết đọc hoặc viết ?', 'searchable', NULL),
	(53, 6, 'Bạn có mong muốn DRD hỗ trợ ?', 'searchable', NULL),
	(54, 7, 'How can DRD job coach support you?', 'searchable', NULL),
	(55, 3, 'Thời gian bắt đầu công việc', 'searchable', NULL),
	(56, 1, 'Is the job seeker still working for you?', 'searchable', NULL),
	(57, 1, 'What are the reasons for keeping this person in the job?', 'searchable', NULL),
	(58, 1, 'Why did this person leave?', 'searchable', NULL),
	(59, 1, 'Do you have any other jobs for people with disability', 'searchable', NULL),
	(60, 1, 'Is the job seeker still working for you?', 'searchable', NULL),
	(61, 1, 'What are the reasons for keeping this person in the job?', 'searchable', NULL),
	(62, 1, 'Why did this person leave?', 'searchable', NULL),
	(63, 1, 'Do you have any other jobs for people with disability', 'searchable', NULL),
	(64, 1, 'Is the job seeker still working for you?', 'searchable', NULL),
	(65, 1, 'What are the reasons for keeping this person in the job?', 'searchable', NULL),
	(66, 1, 'Why did this person leave?', 'searchable', NULL),
	(67, 1, 'Do you have any other jobs for people with disability', 'searchable', NULL),
	(68, 1, 'Would you employ someone with a disability again?', 'searchable', NULL),
	(69, 1, 'IF you said NO please can you explain', 'searchable', NULL),
	(70, 1, 'If you said YES ', 'searchable', NULL),
	(71, 1, 'Was the job coach helpful?', 'searchable', NULL),
	(72, 1, 'Was the job coach helpful?', 'searchable', NULL),
	(73, 1, 'Is there something that DRD did well?', 'searchable', NULL),
	(74, 1, 'Is there something that DRD can do better?', 'searchable', NULL),
	(75, 1, 'Do you have any other jobs for people with disability', 'searchable', NULL),
	(76, 2, 'Câu 1: Dạng khuyết tật của bạn? (Xin vui lòng miêu tả cụ thể)', 'searchable', NULL),
	(77, 2, 'Câu 2: Nguyên nhân dẫn  đến khuyết tật?', 'searchable', NULL),
	(96, 0, '0', '0', NULL),
	(78, 1, 'Tên công việc', 'searchable', NULL),
	(79, 7, 'Theo dõi 3 tháng-lý do vẫn duy trì công việc/3 month follow up-reasons for staying', 'searchable', NULL),
	(80, 7, 'Theo dõi 3 tháng-lý do bỏ việc/3 month follow up-reasons for leaving', 'searchable', NULL),
	(81, 6, 'DRD có hỗ trợ tốt cho công việc của bạn', 'searchable', NULL),
	(82, 4, 'Trình độ học vấn / School level', 'searchable', NULL),
	(83, 4, 'Bằng cấp - Chứng chỉ - Chứng nhận / Qualification - Certificate', 'searchable', NULL),
	(84, 7, 'Sở thích / Hobby', 'searchable', NULL),
	(85, 7, 'Loại công việc bạn từng làm / Types of work have you done ', 'searchable', NULL),
	(86, 4, 'Kinh nghiệm/Experiences', 'searchable', NULL),
	(87, 7, 'Công việc mong muốn / Preferred work area', 'searchable', NULL),
	(88, 7, 'Các kỹ năng hiện có/Skills now', 'searchable', NULL),
	(89, 7, 'Các kỹ năng cần có/Skills needed', 'searchable', NULL),
	(90, 1, 'Nơi cấp', 'searchable', NULL),
	(91, 3, 'Ngày cấp', 'searchable', NULL),
	(92, 1, 'Chuyên ngành', 'searchable', NULL),
	(93, 7, 'Công việc mong muốn / Preferred work area ', 'searchable', NULL),
	(94, 7, 'Các kỹ năng cần có/Skills needed', 'searchable', NULL),
	(95, 3, 'Ngày sinh / Date of Birth', 'searchable', NULL),
	(97, 3, 'Ngày đăng ký / Register Date', 'searchable', NULL),
	(98, 1, 'Họ tên / Your Name', 'searchable', NULL),
	(99, 4, 'Giới tính / Gender', 'searchable', NULL),
	(100, 1, 'Họ và Tên', 'searchable', NULL),
	(101, 3, 'Ngày sinh', 'searchable', NULL),
	(102, 3, 'Ngày đăng ký / Register Date', 'searchable  validate[required]', NULL),
	(103, 1, 'Email', 'searchable email', NULL),
	(104, 1, 'Điện thoại / Phone', 'searchable', NULL),
	(105, 1, 'Di động / Mobile', 'searchable', NULL),
	(106, 2, 'Địa chỉ liên lạc / Contact Address', 'searchable  validate[required,length[0,200]]', NULL),
	(107, 2, 'Địa chỉ thường trú', 'searchable', NULL),
	(108, 4, 'Giới tính / Gender', 'searchable  validate[required]', NULL),
	(109, 4, 'Tuổi / Age', 'searchable', NULL),
	(110, 3, 'Ngày sinh / Date of birth', 'searchable  validate[required]', NULL),
	(111, 1, 'Họ và Tên / Fullname', 'searchable', NULL),
	(112, 1, 'Họ và Tên / Fullname', 'searchable  validate[required,length[0,50]]', NULL),
	(113, 7, 'Phương tiện đi lại (di chuyển) / Means of transport', 'searchable', NULL),
	(114, 1, 'Mong muốn học nghề', 'searchable', NULL),
	(115, 2, 'Chi tiết theo dõi', 'searchable  validate[required]', NULL),
	(116, 6, 'Tình trang viec lam', 'searchable', NULL),
	(117, 6, 'Mối quan hệ với DRD', 'searchable  validate[required]', NULL),
	(118, 8, 'Tài liệu mô tả', '', NULL),
	(119, 1, 'Công việc mong muốn', 'searchable', NULL),
	(120, 1, 'Công việc mong muốn', 'searchable', NULL),
	(121, 1, 'Name', 'searchable', NULL),
	(122, 2, 'Address', 'searchable', NULL),
	(123, 0, '0', '0', NULL),
	(124, 0, '0', '0', NULL),
	(125, 7, '', 'searchable', NULL),
	(126, 7, '', 'searchable', NULL),
	(127, 5, 'mul selection field', 'searchable', NULL),
	(128, 5, 'Nhóm ngành việc làm', 'searchable', NULL),
	(129, 6, '1. Nếu mô tả về mình, bạn là người:', 'searchable', NULL);
/*!40000 ALTER TABLE `fields` ENABLE KEYS */;


-- Dumping structure for table drd_databases.fieldtype
DROP TABLE IF EXISTS `fieldtype`;
CREATE TABLE IF NOT EXISTS `fieldtype` (
  `FieldTypeID` smallint(5) unsigned NOT NULL AUTO_INCREMENT,
  `FieldTypeName` varchar(40) COLLATE utf8_unicode_ci NOT NULL,
  PRIMARY KEY (`FieldTypeID`)
) ENGINE=MyISAM DEFAULT CHARSET=utf8 COLLATE=utf8_unicode_ci;

-- Dumping data for table drd_databases.fieldtype: 0 rows
DELETE FROM `fieldtype`;
/*!40000 ALTER TABLE `fieldtype` DISABLE KEYS */;
/*!40000 ALTER TABLE `fieldtype` ENABLE KEYS */;


-- Dumping structure for table drd_databases.fieldvalues
DROP TABLE IF EXISTS `fieldvalues`;
CREATE TABLE IF NOT EXISTS `fieldvalues` (
  `FieldValueID` bigint(20) unsigned NOT NULL AUTO_INCREMENT,
  `FieldID` int(10) unsigned NOT NULL,
  `ObjectID` bigint(20) DEFAULT NULL,
  `FieldValue` text CHARACTER SET utf8 NOT NULL,
  `SelectedFieldValue` tinyint(1) unsigned NOT NULL DEFAULT '0',
  PRIMARY KEY (`FieldValueID`)
) ENGINE=MyISAM AUTO_INCREMENT=10331 DEFAULT CHARSET=utf8 COLLATE=utf8_unicode_ci;

-- Dumping data for table drd_databases.fieldvalues: 9,178 rows
DELETE FROM `fieldvalues`;
/*!40000 ALTER TABLE `fieldvalues` DISABLE KEYS */;
INSERT INTO `fieldvalues` (`FieldValueID`, `FieldID`, `ObjectID`, `FieldValue`, `SelectedFieldValue`) VALUES
	(1833, 93, 106, '285', 0),
	(1834, 88, 106, '296', 1),
	(7925, 88, 423, '297', 1),
	(7924, 88, 423, '296', 1),
	(7923, 86, 423, '219', 0),
	(7922, 84, 423, '172', 0),
	(7921, 91, 423, '', 0),
	(2001, 0, 115, '457', 0),
	(2000, 0, 115, '460', 0),
	(1999, 0, 115, '1953', 0),
	(1995, 91, 114, '', 0),
	(1989, 19, 114, '75', 0),
	(1990, 20, 114, '123', 0),
	(1991, 82, 114, '149', 0),
	(1992, 92, 114, '', 0),
	(1993, 83, 114, '160', 0),
	(1994, 90, 114, '', 0),
	(4949, 40, 260, '', 0),
	(4948, 34, 260, 'Ông Carl Markus Albani', 0),
	(4947, 39, 260, '', 0),
	(4946, 38, 260, '36', 0),
	(2002, 0, 115, '664/132 Nguyễn Đình Chiểu, Q.3\n', 0),
	(4945, 36, 260, '22', 0),
	(4944, 29, 260, 'Decotex trách nhiệm hữu hạn', 0),
	(4943, 79, 145, '84', 1),
	(4942, 81, 145, '147', 0),
	(7920, 90, 423, '', 0),
	(1997, 114, 114, '', 0),
	(1998, 0, 115, 'Đào Minh Chuyết', 0),
	(7919, 83, 423, '165', 0),
	(7918, 92, 423, 'Điện-điện tử', 0),
	(7917, 82, 423, '155', 0),
	(7916, 102, 423, '19/03/2009', 0),
	(7915, 106, 423, 'Phước Tân, Long Thành, Đồng Nai.', 0),
	(7914, 107, 423, 'Phước Tân, Long Thành, Đồng Nai.', 0),
	(7913, 103, 423, 'phuongnam0478@gmail.com', 0),
	(7912, 104, 423, '', 0),
	(7911, 105, 423, '0907049805', 0),
	(7910, 109, 423, '460', 0),
	(7909, 110, 423, '1980', 0),
	(1860, 112, 108, 'Nguyễn Văn Tới ', 0),
	(7908, 108, 423, '457', 0),
	(93, 78, 21, 'Phien dich', 0),
	(94, 29, 22, 'DRD', 0),
	(95, 30, 22, '91/6N Hoa Hung Phường 12 Quận 10', 0),
	(96, 31, 22, '', 0),
	(97, 40, 22, '', 0),
	(98, 39, 22, '', 0),
	(99, 32, 22, '', 0),
	(100, 33, 22, 'http://drdvietnam.com', 0),
	(101, 34, 22, '', 0),
	(102, 36, 22, '32', 0),
	(103, 38, 22, '61', 0),
	(1996, 86, 114, '219', 0),
	(1939, 110, 112, '', 0),
	(1940, 109, 112, '461', 0),
	(1941, 108, 112, '458', 0),
	(1942, 107, 112, '934/1 Đường 15, QL 1A, P.Linh Trung, Q.Thủ Đức\n', 0),
	(1943, 106, 112, '934/1 Đường 15, QL 1A, P.Linh Trung, Q.Thủ Đức\n', 0),
	(1944, 104, 112, '', 0),
	(1945, 105, 112, '0982 352 910', 0),
	(1946, 103, 112, '', 0),
	(1947, 102, 112, '24/4/2009', 0),
	(1948, 19, 112, '75', 0),
	(1949, 20, 112, '232', 0),
	(1950, 82, 112, '150', 0),
	(1951, 92, 112, '', 0),
	(1952, 83, 112, '160', 0),
	(1953, 90, 112, '', 0),
	(1954, 91, 112, '', 0),
	(1955, 86, 112, '219', 0),
	(1956, 114, 112, 'Thiết kế nội thất', 0),
	(1938, 112, 112, 'Lê Thị Bân', 0),
	(1937, 86, 111, '219', 0),
	(1936, 85, 111, '542', 0),
	(1935, 91, 111, '', 0),
	(1934, 90, 111, '', 0),
	(1933, 83, 111, '162', 0),
	(1932, 92, 111, '', 0),
	(1931, 82, 111, '150', 0),
	(1930, 20, 111, '534', 0),
	(1929, 19, 111, '75', 0),
	(1927, 103, 111, '', 0),
	(1928, 102, 111, '14/4/2009', 0),
	(1925, 104, 111, '38662551', 0),
	(1926, 105, 111, '01267276595', 0),
	(1924, 106, 111, '3/112 Thành Thái, F14, Q.10', 0),
	(1923, 107, 111, '3/112 Thành Thái, F14, Q.10\n', 0),
	(1922, 108, 111, '457', 0),
	(1921, 109, 111, '461', 0),
	(1920, 110, 111, '1979', 0),
	(1919, 112, 111, 'Võ Duy Việt', 0),
	(1918, 85, 110, '540', 1),
	(1917, 86, 110, '219', 0),
	(1916, 91, 110, '', 0),
	(1915, 90, 110, '', 0),
	(1914, 83, 110, '162', 0),
	(1913, 92, 110, '', 0),
	(1912, 82, 110, '150', 0),
	(1911, 20, 110, '232', 0),
	(1910, 19, 110, '75', 0),
	(1909, 102, 110, '8/4/2009', 0),
	(1908, 103, 110, '', 0),
	(1907, 105, 110, '0937 606 677 (anh Quang)', 0),
	(1906, 104, 110, '', 0),
	(1905, 106, 110, 'BV Chợ Rẫy', 0),
	(1904, 107, 110, 'Hậu Giang\n', 0),
	(1903, 108, 110, '457', 0),
	(1902, 109, 110, '460', 0),
	(1901, 110, 110, '1989', 0),
	(1900, 112, 110, 'Võ Văn Quốc', 0),
	(1899, 93, 109, '272', 0),
	(1898, 86, 109, '219', 0),
	(1888, 102, 109, '30/03/2009', 0),
	(1889, 19, 109, '75', 0),
	(1890, 20, 109, '232', 0),
	(1891, 22, 109, '20', 0),
	(1892, 82, 109, '151', 0),
	(1893, 83, 109, '163', 0),
	(1894, 90, 109, '', 0),
	(1895, 92, 109, '', 0),
	(1896, 91, 109, '', 0),
	(1897, 84, 109, '181', 0),
	(1887, 103, 109, '', 0),
	(1886, 105, 109, '0916 660 562', 0),
	(1988, 102, 114, '6/5/2009', 0),
	(1987, 103, 114, 'saumottinhyeu@yahoo.com', 0),
	(1986, 105, 114, '0985 774 917', 0),
	(1985, 104, 114, '', 0),
	(1984, 106, 114, '878 Trường Sơn, P.Linh Trung, Q.Thủ Đức\n', 0),
	(1983, 107, 114, '878 Trường Sơn, P.Linh Trung, Q.Thủ Đức\n', 0),
	(1982, 108, 114, '457', 0),
	(1981, 109, 114, '460', 0),
	(1980, 110, 114, '1991', 0),
	(1979, 112, 114, 'Trần Đình Hữu Châu', 0),
	(345, 29, 30, 'TNHH TMDV BICH AN', 0),
	(346, 30, 30, '64 Nguyễn Khoái P2 Q4, TPHCM', 0),
	(347, 31, 30, '', 0),
	(348, 39, 30, '', 0),
	(349, 32, 30, '', 0),
	(350, 33, 30, '', 0),
	(351, 36, 30, '22', 0),
	(352, 38, 30, '34', 0),
	(353, 34, 30, 'Võ Thế An', 0),
	(354, 40, 30, '0908527704', 0),
	(355, 42, 30, '348', 0),
	(356, 42, 30, '369', 0),
	(357, 44, 30, '402', 0),
	(358, 41, 30, '336', 0),
	(359, 45, 30, '404', 0),
	(360, 46, 30, '416', 0),
	(361, 50, 30, '', 0),
	(362, 51, 30, '425', 0),
	(363, 51, 30, '442', 0),
	(364, 52, 30, '444', 0),
	(365, 53, 30, '446', 0),
	(366, 54, 30, '69', 0),
	(367, 55, 30, '', 0),
	(1885, 104, 109, '', 0),
	(1884, 106, 109, '106H/ 5C LLQ P3 Q4, TPHCM\n', 0),
	(1880, 110, 109, '1978', 0),
	(1881, 109, 109, '461', 0),
	(1882, 108, 109, '458', 0),
	(1883, 107, 109, '150/17 LQK, KP3, Vĩnh Bảo\n', 0),
	(1832, 86, 106, '219', 0),
	(1830, 92, 106, '', 0),
	(1831, 91, 106, '', 0),
	(1828, 83, 106, '163', 0),
	(1829, 90, 106, '', 0),
	(1827, 82, 106, '151', 0),
	(1826, 20, 106, '233', 0),
	(1825, 19, 106, '75', 0),
	(1824, 102, 106, '24/2/2009', 0),
	(1823, 103, 106, '', 0),
	(1822, 105, 106, '0987769347', 0),
	(1821, 104, 106, '', 0),
	(1820, 106, 106, '716/14 Đoàn Văn Bơ, P.16, Q.4.\n', 0),
	(1819, 107, 106, '53 Nơ Trang Long\n', 0),
	(1818, 108, 106, '457', 0),
	(1817, 109, 106, '460', 0),
	(1816, 110, 106, '1986', 0),
	(1815, 112, 106, 'Nguyễn Đình Đạt', 0),
	(1814, 86, 105, '219', 0),
	(1813, 91, 105, '', 0),
	(1812, 92, 105, '', 0),
	(1811, 90, 105, '', 0),
	(1810, 83, 105, '163', 0),
	(1809, 82, 105, '151', 0),
	(1808, 21, 105, '139', 0),
	(1807, 20, 105, '235', 0),
	(1806, 19, 105, '75', 0),
	(1805, 102, 105, '11/2/2009', 0),
	(1804, 103, 105, '', 0),
	(1803, 105, 105, '01269544102', 0),
	(1801, 106, 105, '', 0),
	(1802, 104, 105, '', 0),
	(1800, 107, 105, 'Thạnh Trị, Sóc Trăng\n', 0),
	(1799, 108, 105, '457', 0),
	(1798, 109, 105, '460', 0),
	(1797, 110, 105, '1990', 0),
	(1796, 112, 105, 'Diệp Hồng An', 0),
	(1795, 88, 104, '298', 0),
	(1794, 88, 104, '297', 0),
	(1793, 93, 104, '276', 0),
	(1792, 86, 104, '219', 0),
	(1791, 85, 104, '209', 0),
	(452, 0, 35, '01/07/2010 ', 0),
	(453, 0, 35, 'Trần Thị Hồng Ngọc ', 0),
	(454, 0, 35, '1983 ', 0),
	(455, 0, 35, '12', 0),
	(456, 0, 35, '15/2A Ấp 3-xã Xuân Thới Sơn-huyện Hóc Môn\n', 0),
	(457, 0, 35, '15/2A Ấp 3-xã Xuân Thới Sơn-huyện Hóc Môn\n', 0),
	(458, 0, 35, '0907 525254 ', 0),
	(459, 0, 35, 'ngoc_tran578@yahoo.com ', 0),
	(460, 0, 35, '75', 0),
	(461, 0, 35, '232', 0),
	(462, 0, 35, '131', 0),
	(463, 0, 35, '19', 1),
	(464, 0, 35, '252', 1),
	(465, 0, 35, '151', 0),
	(466, 0, 35, '164', 0),
	(467, 0, 35, '', 0),
	(468, 0, 35, 'kế toan', 0),
	(469, 0, 35, '', 0),
	(470, 0, 35, '210', 0),
	(471, 0, 35, '219', 0),
	(472, 0, 35, '265', 1),
	(473, 0, 35, '276', 1),
	(474, 0, 35, '297', 0),
	(475, 0, 35, '298', 0),
	(476, 0, 35, '301', 0),
	(477, 0, 36, '01/12/2010 ', 0),
	(478, 0, 36, 'Trần Văn Thành ', 0),
	(479, 0, 36, '1983 ', 0),
	(480, 0, 36, '12', 0),
	(481, 0, 36, 'Ấp 2-Xuân Hòa-Xuân Lộc-Đồng Nai\n', 0),
	(482, 0, 36, '86/657 Nguyễn Kiệm, P.3, Q.Gò Vấp\n', 0),
	(483, 0, 36, '01686 198 587 ', 0),
	(484, 0, 36, 'tranvanthanh06@gmail.com ', 0),
	(485, 0, 36, '75', 0),
	(486, 0, 36, '229', 0),
	(487, 0, 36, '138', 0),
	(488, 0, 36, '264', 0),
	(489, 0, 36, '153', 0),
	(490, 0, 36, '160', 0),
	(491, 0, 36, '', 0),
	(492, 0, 36, '', 0),
	(493, 0, 36, '', 0),
	(494, 0, 36, '219', 0),
	(495, 0, 36, '282', 0),
	(496, 0, 36, '283', 0),
	(497, 0, 36, '300', 0),
	(498, 0, 36, '335', 0),
	(499, 0, 37, '15/1/2010 ', 0),
	(500, 0, 37, 'Lê Trọng Vinh ', 0),
	(501, 0, 37, '1981 ', 0),
	(502, 0, 37, '12', 0),
	(503, 0, 37, '108/23 Trần Mai Ninh, P.12, Q.Tân Bình\n', 0),
	(504, 0, 37, '108/23 Trần Mai Ninh, P.12, Q.Tân Bình\n', 0),
	(505, 0, 37, '0907 079 655 ', 0),
	(506, 0, 37, 'vinhthaovt@yahoo.com ', 0),
	(507, 0, 37, '73', 1),
	(508, 0, 37, '114', 0),
	(509, 0, 37, '146', 0),
	(510, 0, 37, '259', 0),
	(511, 0, 37, '155', 0),
	(512, 0, 37, '160', 0),
	(513, 0, 37, '', 0),
	(514, 0, 37, 'CNTT, thiết kế đồ họa, quản trị mạng ', 0),
	(515, 0, 37, '', 0),
	(516, 0, 37, '199', 0),
	(517, 0, 37, '208', 0),
	(518, 0, 37, '219', 0),
	(519, 0, 37, '285', 0),
	(520, 0, 37, '296', 1),
	(521, 0, 37, '335', 0),
	(522, 0, 38, '17/01/2010 ', 0),
	(523, 0, 38, 'Nguyễn Lê Phước ', 0),
	(524, 0, 38, '1982 ', 0),
	(525, 0, 38, '12', 0),
	(526, 0, 38, 'Long An\n', 0),
	(527, 0, 38, '293 Nguyễn Thiện Thuật, F.1, Q.3\n', 0),
	(528, 0, 38, '01214702870 ', 0),
	(529, 0, 38, '', 0),
	(530, 0, 38, '108', 0),
	(531, 0, 38, '146', 0),
	(532, 0, 38, '264', 0),
	(533, 0, 38, '149', 0),
	(534, 0, 38, '165', 0),
	(535, 0, 38, 'CĐ CN IV ', 0),
	(536, 0, 38, 'Gia công chi tiết máy, tủ điện ', 0),
	(537, 0, 38, '', 0),
	(538, 0, 38, '193', 0),
	(539, 0, 38, '221', 0),
	(540, 0, 38, '296', 1),
	(541, 0, 38, '335', 0),
	(542, 0, 39, '15/03/2010 ', 0),
	(543, 0, 39, 'Trần Thị Nga ', 0),
	(544, 0, 39, '1984 ', 0),
	(545, 0, 39, '12', 0),
	(546, 0, 39, 'Hà Tĩnh\n', 0),
	(547, 0, 39, 'Trường CĐNKTCN, 502 Đỗ Xuân Hợp, F.Phước Bình, Q.9\n', 0),
	(548, 0, 39, '01676757656 ', 0),
	(549, 0, 39, 'tranngaphonui@yahoo.com ', 0),
	(550, 0, 39, '75', 0),
	(551, 0, 39, '233', 0),
	(552, 0, 39, '146', 0),
	(553, 0, 39, '264', 0),
	(554, 0, 39, '154', 0),
	(555, 0, 39, '160', 0),
	(556, 0, 39, '', 0),
	(557, 0, 39, 'Kế toán doanh nghiệp ', 0),
	(558, 0, 39, '', 0),
	(559, 0, 39, '195', 0),
	(560, 0, 39, '219', 0),
	(561, 0, 39, '265', 1),
	(562, 0, 39, '276', 1),
	(563, 0, 39, '297', 0),
	(564, 0, 39, '298', 0),
	(565, 0, 39, '335', 0),
	(566, 0, 40, '15/03/2010 ', 0),
	(567, 0, 40, 'Nguyễn Thị Trúc Phương ', 0),
	(568, 0, 40, '1985 ', 0),
	(569, 0, 40, '12', 0),
	(570, 0, 40, 'Quảng Ngãi\n', 0),
	(571, 0, 40, '317/2A Phan Xích Long, F.2, Q.Phú Nhuận\n', 0),
	(572, 0, 40, '01692809705 ', 0),
	(573, 0, 40, '', 0),
	(574, 0, 40, '75', 0),
	(575, 0, 40, '123', 0),
	(576, 0, 40, '146', 0),
	(577, 0, 40, '154', 0),
	(578, 0, 40, '160', 0),
	(579, 0, 40, 'CĐ NKTCN ', 0),
	(580, 0, 40, 'Kế toán ', 0),
	(581, 0, 40, '', 0),
	(582, 0, 40, '199', 0),
	(583, 0, 40, '219', 0),
	(584, 0, 40, '265', 1),
	(585, 0, 40, '297', 0),
	(586, 0, 40, '298', 0),
	(587, 0, 40, '335', 0),
	(588, 0, 41, '17/03/2010 ', 0),
	(589, 0, 41, 'Trần Anh Tuấn ', 0),
	(590, 0, 41, '1984 ', 0),
	(591, 0, 41, '12', 0),
	(592, 0, 41, 'Tp.HCM\n', 0),
	(593, 0, 41, '162/31 Phan Đăng Lưu, F.3, Q.Phú Nhuận\n', 0),
	(594, 0, 41, '01254509095 - 38451257 ', 0),
	(595, 0, 41, 'anhtuantran198425@yahoo.com ', 0),
	(596, 0, 41, '112', 0),
	(597, 0, 41, '155', 0),
	(598, 0, 41, '160', 0),
	(599, 0, 41, 'ĐH KTCN TPHCM (Trung cấp) ', 0),
	(600, 0, 41, 'CNTT', 0),
	(601, 0, 41, '', 0),
	(602, 0, 41, '208', 0),
	(603, 0, 41, '219', 0),
	(604, 0, 41, '285', 0),
	(605, 0, 41, '296', 1),
	(606, 0, 41, '335', 0),
	(607, 0, 42, '20/03/2010 ', 0),
	(608, 0, 42, 'Phạm Hồng Nhung ', 0),
	(609, 0, 42, '1991 ', 0),
	(610, 0, 42, '12', 0),
	(611, 0, 42, 'Tp.HCM\n', 0),
	(612, 0, 42, '260/44A Nguyễn Thái Bình, F.12, Q.Tân Bình\n', 0),
	(613, 0, 42, '01677 698 027 ', 0),
	(614, 0, 42, 'juliet_rosy91@yahoo.com ', 0),
	(615, 0, 42, '74', 0),
	(616, 0, 42, '117', 0),
	(617, 0, 42, '146', 0),
	(618, 0, 42, '264', 0),
	(619, 0, 42, '150', 0),
	(620, 0, 42, '160', 0),
	(621, 0, 42, '', 0),
	(622, 0, 42, '', 0),
	(623, 0, 42, '', 0),
	(624, 0, 42, '219', 0),
	(625, 0, 43, '24/03/2010 ', 0),
	(626, 0, 43, 'Nguyễn Thị Thanh Thúy ', 0),
	(627, 0, 43, '1987 ', 0),
	(628, 0, 43, '12', 0),
	(629, 0, 43, 'Bình Định\n', 0),
	(630, 0, 43, '27B Bùi Thị Xuân, F.12, Q.Tân Bình\n', 0),
	(631, 0, 43, '0938 473 882 ', 0),
	(632, 0, 43, 'sweetlove_0468@yahoo.com ', 0),
	(633, 0, 43, '75', 0),
	(634, 0, 43, '233', 0),
	(635, 0, 43, '146', 0),
	(636, 0, 43, '154', 0),
	(637, 0, 43, '160', 0),
	(638, 0, 43, 'Cao Đẳng Bách Việt ', 0),
	(639, 0, 43, 'Kế toán DN ', 0),
	(640, 0, 43, '', 0),
	(641, 0, 43, '188', 1),
	(642, 0, 43, '219', 0),
	(643, 0, 43, '265', 1),
	(644, 0, 43, '297', 0),
	(645, 0, 43, '298', 0),
	(646, 0, 44, '04/01/2010 ', 0),
	(647, 0, 44, 'Trần Thị Diệu Hiền ', 0),
	(648, 0, 44, '1981 ', 0),
	(649, 0, 44, '12', 0),
	(650, 0, 44, '244/3 Hồng Lạc, F11, Q.Tân Bình\n', 0),
	(651, 0, 44, '244/3 Hồng Lạc, F11, Q.Tân Bình\n', 0),
	(652, 0, 44, '01656 608 120 - 2652730 ', 0),
	(653, 0, 44, 'hien.tran44@yahoo.com ', 0),
	(654, 0, 44, '75', 0),
	(655, 0, 44, '233', 0),
	(656, 0, 44, '146', 0),
	(657, 0, 44, '264', 0),
	(658, 0, 44, '155', 0),
	(659, 0, 44, '160', 0),
	(660, 0, 44, 'ĐH KHXH&NV; ', 0),
	(661, 0, 44, 'Cử nhân AV ', 0),
	(662, 0, 44, '', 0),
	(663, 0, 44, '196', 0),
	(664, 0, 44, '219', 0),
	(665, 0, 44, '276', 0),
	(666, 0, 44, '297', 0),
	(667, 0, 44, '298', 0),
	(668, 0, 44, '335', 0),
	(669, 0, 45, '04/04/2010 ', 0),
	(670, 0, 45, 'Lê Hữu Tài ', 0),
	(671, 0, 45, '1985 ', 0),
	(672, 0, 45, '12', 0),
	(673, 0, 45, '923/13 Tân Kỳ Tân Quý, KP2, Q.Bình Tân\n', 0),
	(674, 0, 45, '923/13 Tân Kỳ Tân Quý, KP2, Q.Bình Tân\n', 0),
	(675, 0, 45, '01688 012 257 ', 0),
	(676, 0, 45, 'taile_496@yahoo.com ', 0),
	(677, 0, 45, '75', 0),
	(678, 0, 45, '232', 0),
	(679, 0, 45, '263', 0),
	(680, 0, 45, '154', 0),
	(681, 0, 45, '160', 0),
	(682, 0, 45, '', 0),
	(683, 0, 45, 'CNTT, Bác sĩ máy tính ', 0),
	(684, 0, 45, '', 0),
	(685, 0, 45, '219', 0),
	(686, 0, 45, '285', 0),
	(687, 0, 45, '296', 1),
	(688, 0, 45, '311', 1),
	(689, 0, 45, '335', 0),
	(690, 0, 46, '18/04/2010 ', 0),
	(691, 0, 46, 'Huỳnh Thanh Trúc ', 0),
	(692, 0, 46, '1986 ', 0),
	(693, 0, 46, '12', 0),
	(694, 0, 46, 'Tiền Giang\n', 0),
	(695, 0, 46, '', 0),
	(696, 0, 46, '01227 225 303 ', 0),
	(697, 0, 46, 'baby.bambou@yahoo.com ', 0),
	(698, 0, 46, '75', 0),
	(699, 0, 46, '155', 0),
	(700, 0, 46, '160', 0),
	(701, 0, 46, '', 0),
	(702, 0, 46, 'Kế toán ', 0),
	(703, 0, 46, '', 0),
	(704, 0, 46, '188', 1),
	(705, 0, 46, '221', 0),
	(706, 0, 46, '265', 1),
	(707, 0, 46, '297', 0),
	(708, 0, 46, '298', 0),
	(709, 0, 46, '299', 0),
	(710, 0, 46, '301', 0),
	(711, 0, 46, '302', 0),
	(712, 0, 46, '314', 0),
	(713, 0, 46, '335', 0),
	(714, 0, 47, '18/04/2010 ', 0),
	(715, 0, 47, 'Lê Văn Liễu ', 0),
	(716, 0, 47, '1983 ', 0),
	(717, 0, 47, '12', 0),
	(718, 0, 47, 'Nghệ An\n', 0),
	(719, 0, 47, '217/A10 XVNT, F.17, Q.Bình Thạnh\n', 0),
	(720, 0, 47, '0973 556 844 ', 0),
	(721, 0, 47, 'levanlieu2004@gmail.com ', 0),
	(722, 0, 47, '75', 0),
	(723, 0, 47, '146', 0),
	(724, 0, 47, '264', 0),
	(725, 0, 47, '149', 0),
	(726, 0, 47, '160', 0),
	(727, 0, 47, 'ĐH DL V.Lang ', 0),
	(728, 0, 47, 'KTV lập trình ', 0),
	(729, 0, 47, '', 0),
	(730, 0, 47, '219', 0),
	(731, 0, 48, '18/04/2010 ', 0),
	(732, 0, 48, 'Nguyễn Thị Lan Thương ', 0),
	(733, 0, 48, '1978 ', 0),
	(734, 0, 48, '12', 0),
	(735, 0, 48, 'Kiên Giang\n', 0),
	(736, 0, 48, '', 0),
	(737, 0, 48, '0916 660 562 ', 0),
	(738, 0, 48, '', 0),
	(739, 0, 48, '75', 0),
	(740, 0, 48, '232', 0),
	(741, 0, 48, '149', 0),
	(742, 0, 48, '160', 0),
	(743, 0, 48, '', 0),
	(744, 0, 48, '', 0),
	(745, 0, 48, '', 0),
	(746, 0, 48, '195', 0),
	(747, 0, 48, '219', 0),
	(748, 0, 49, '18/04/2010 ', 0),
	(749, 0, 49, 'Nguyễn Cảnh Hữu ', 0),
	(750, 0, 49, '1960 ', 0),
	(751, 0, 49, '81', 0),
	(752, 0, 49, 'Huế\n', 0),
	(753, 0, 49, '285/94F CMT8, F.12, Q.10\n', 0),
	(754, 0, 49, '38 625 664 ', 0),
	(755, 0, 49, '', 0),
	(756, 0, 49, '149', 0),
	(757, 0, 49, '160', 0),
	(758, 0, 49, '', 0),
	(759, 0, 49, '', 0),
	(760, 0, 49, '', 0),
	(761, 0, 49, '219', 0),
	(762, 0, 49, '285', 0),
	(763, 0, 50, '18/04/2010 ', 0),
	(764, 0, 50, 'Trịnh Quý Phi ', 0),
	(765, 0, 50, '1983 ', 0),
	(766, 0, 50, '12', 0),
	(767, 0, 50, 'B231 Nguyễn Văn Quá, Q.12\n', 0),
	(768, 0, 50, 'B231 Nguyễn Văn Quá, Q.12\n', 0),
	(769, 0, 50, '0933 130 683 ', 0),
	(770, 0, 50, 'phi832002@yahoo.com ', 0),
	(771, 0, 50, '75', 0),
	(772, 0, 50, '153', 0),
	(773, 0, 50, '160', 0),
	(774, 0, 50, '', 0),
	(775, 0, 50, 'KTV tin học, đồ họa ', 0),
	(776, 0, 50, '', 0),
	(777, 0, 50, '219', 0),
	(778, 0, 50, '285', 0),
	(779, 0, 50, '297', 0),
	(780, 0, 50, '298', 0),
	(781, 0, 51, '18/04/2010 ', 0),
	(782, 0, 51, 'Nguyễn Thụy Tố Trâm ', 0),
	(783, 0, 51, '1988 ', 0),
	(784, 0, 51, '12', 0),
	(785, 0, 51, 'Bến Tre\n', 0),
	(786, 0, 51, '527/A1 Ấp 6, xã An Thủy, H.Ba Tri, Bến Tre\n', 0),
	(787, 0, 51, '01684 027 368 ', 0),
	(788, 0, 51, 'thuytram1210@gmail.com ', 0),
	(789, 0, 51, '74', 0),
	(790, 0, 51, '121', 0),
	(791, 0, 51, '264', 0),
	(792, 0, 51, '155', 0),
	(793, 0, 51, '160', 0),
	(794, 0, 51, 'ĐH Đồng Tháp ', 0),
	(795, 0, 51, 'CTXH ', 0),
	(796, 0, 51, '', 0),
	(797, 0, 51, '190', 0),
	(798, 0, 51, '219', 0),
	(799, 0, 51, '267', 0),
	(800, 0, 51, '297', 0),
	(801, 0, 51, '298', 0),
	(802, 0, 51, '299', 0),
	(803, 0, 51, '301', 0),
	(804, 0, 51, '302', 0),
	(805, 0, 51, '313', 0),
	(806, 0, 52, '18/04/2010 ', 0),
	(807, 0, 52, 'Lương Thị Ngọc Thúy ', 0),
	(808, 0, 52, '1983 ', 0),
	(809, 0, 52, '12', 0),
	(810, 0, 52, '83/18 Bạch Đằng, F.2, Q.Tân Bình\n', 0),
	(811, 0, 52, '83/18 Bạch Đằng, F.2, Q.Tân Bình\n', 0),
	(812, 0, 52, '0979 798 665 - 38485938 ', 0),
	(813, 0, 52, 'luongthingocthuy@gmail.com ', 0),
	(814, 0, 52, '75', 0),
	(815, 0, 52, '154', 0),
	(816, 0, 52, '160', 0),
	(817, 0, 52, '', 0),
	(818, 0, 52, 'Thiết kế đồ họa ', 0),
	(819, 0, 52, '', 0),
	(820, 0, 52, '208', 0),
	(821, 0, 52, '219', 0),
	(822, 0, 52, '285', 0),
	(823, 0, 52, '297', 0),
	(824, 0, 52, '299', 0),
	(825, 0, 52, '300', 0),
	(826, 0, 52, '301', 0),
	(827, 0, 52, '302', 0),
	(828, 0, 53, '18/04/2010 ', 0),
	(829, 0, 53, 'Trần Đỗ Uyên ', 0),
	(830, 0, 53, '1982 ', 0),
	(831, 0, 53, '12', 0),
	(832, 0, 53, '286/44 Bình Trị Đông A, Q.Bình Tân\n', 0),
	(833, 0, 53, '286/44 Bình Trị Đông A, Q.Bình Tân\n', 0),
	(834, 0, 53, '01666 305 381 ', 0),
	(835, 0, 53, '', 0),
	(836, 0, 53, '75', 0),
	(837, 0, 53, '151', 0),
	(838, 0, 53, '160', 0),
	(839, 0, 53, '', 0),
	(840, 0, 53, 'Thiết kế QC ', 0),
	(841, 0, 53, '', 0),
	(842, 0, 53, '210', 0),
	(843, 0, 53, '219', 0),
	(844, 0, 53, '297', 0),
	(845, 0, 53, '298', 0),
	(846, 0, 53, '300', 0),
	(847, 0, 54, '18/04/2010 ', 0),
	(848, 0, 54, 'Võ Thị Bích Lê ', 0),
	(849, 0, 54, '1987', 0),
	(850, 0, 54, '12', 0),
	(851, 0, 54, 'Tiền Giang\n', 0),
	(852, 0, 54, 'Lớp CTXH 2006, ĐH Đồng Tháp\n', 0),
	(853, 0, 54, '0918 769 322 ', 0),
	(854, 0, 54, 'vothibichle@gmail.com ', 0),
	(855, 0, 54, '155', 0),
	(856, 0, 54, '160', 0),
	(857, 0, 54, 'ĐH ĐT ', 0),
	(858, 0, 54, 'CTXH ', 0),
	(859, 0, 54, '', 0),
	(860, 0, 54, '190', 0),
	(861, 0, 54, '219', 0),
	(862, 0, 54, '267', 0),
	(863, 0, 54, '297', 0),
	(864, 0, 54, '298', 0),
	(865, 0, 54, '299', 0),
	(866, 0, 54, '302', 0),
	(867, 0, 55, '18/04/2010 ', 0),
	(868, 0, 55, ' Huỳnh Trúc Lâm ', 0),
	(869, 0, 55, '1987 ', 0),
	(870, 0, 55, '11', 0),
	(871, 0, 55, 'Bến Tre\n', 0),
	(872, 0, 55, 'F.Thới An, Q.12\n', 0),
	(873, 0, 55, '01225 193 558 ', 0),
	(874, 0, 55, '', 0),
	(875, 0, 55, '75', 0),
	(876, 0, 55, '20', 0),
	(877, 0, 55, '149', 0),
	(878, 0, 55, '160', 0),
	(879, 0, 55, 'TT Dạy nghề H Môn ', 0),
	(880, 0, 55, 'Điện tử ', 0),
	(881, 0, 55, '', 0),
	(882, 0, 55, '219', 0),
	(883, 0, 55, '286', 0),
	(884, 0, 56, '18/04/2010 ', 0),
	(885, 0, 56, 'Dương Anh Mỹ ', 0),
	(886, 0, 56, '1987 ', 0),
	(887, 0, 56, '12', 0),
	(888, 0, 56, '110 Lô D, chung cư Cô Giang, F.Cô Giang, Q.1\n', 0),
	(889, 0, 56, '110 Lô D, chung cư Cô Giang, F.Cô Giang, Q.1\n', 0),
	(890, 0, 56, '01694 361 758  ', 0),
	(891, 0, 56, 'mrduongnguyentran@gmail.com ', 0),
	(892, 0, 56, '75', 0),
	(893, 0, 56, '233', 0),
	(894, 0, 56, '159', 0),
	(895, 0, 56, '160', 0),
	(896, 0, 56, 'CĐ Cao Thắng, ĐH Văn Lang ', 0),
	(897, 0, 56, 'CNTT ', 0),
	(898, 0, 56, '', 0),
	(899, 0, 56, '219', 0),
	(900, 0, 56, '285', 0),
	(901, 0, 56, '296', 1),
	(902, 0, 57, '18/04/2010 ', 0),
	(903, 0, 57, 'Võ Thị Thu Thủy ', 0),
	(904, 0, 57, '1982 ', 0),
	(905, 0, 57, '12', 0),
	(906, 0, 57, 'Khánh Hòa\n', 0),
	(907, 0, 57, '275/58 Bạch Đằng, F.15, Q.Bình Tân\n', 0),
	(908, 0, 57, '0938 610 488 ', 0),
	(909, 0, 57, 'thuthuyvo1982@yahoo.com ', 0),
	(910, 0, 57, '75', 0),
	(911, 0, 57, '232', 0),
	(912, 0, 57, '155', 0),
	(913, 0, 57, '160', 0),
	(914, 0, 57, 'ĐHQG-Khoa KT ', 0),
	(915, 0, 57, 'Kế toán ', 0),
	(916, 0, 57, '', 0),
	(917, 0, 57, '219', 0),
	(918, 0, 57, '288', 0),
	(919, 0, 57, '297', 0),
	(920, 0, 57, '298', 0),
	(921, 0, 58, '18/04/2010 ', 0),
	(922, 0, 58, 'Lê Thanh Vũ ', 0),
	(923, 0, 58, '1980 ', 0),
	(924, 0, 58, '12', 0),
	(925, 0, 58, '130/64 Nguyễn Văn Luông, F.10, Q.6\n', 0),
	(926, 0, 58, '130/64 Nguyễn Văn Luông, F.10, Q.6\n', 0),
	(927, 0, 58, '0907 324 275 ', 0),
	(928, 0, 58, '', 0),
	(929, 0, 58, '75', 0),
	(930, 0, 58, '235', 0),
	(931, 0, 58, '149', 0),
	(932, 0, 58, '160', 0),
	(933, 0, 58, '', 0),
	(934, 0, 58, 'Thiết kế QC, kinh doanh ', 0),
	(935, 0, 58, '', 0),
	(936, 0, 58, '218', 0),
	(937, 0, 58, '219', 0),
	(938, 0, 59, '18/04/2010 ', 0),
	(939, 0, 59, 'Lê Thị Mỹ Dung ', 0),
	(940, 0, 59, '1987 ', 0),
	(941, 0, 59, '12', 0),
	(942, 0, 59, '14/3/7 , đường số 4 , F. HBC, Q. TĐ\n', 0),
	(943, 0, 59, '14/3/7 , đường số 4 , F. HBC, Q. TĐ\n', 0),
	(944, 0, 59, '907392394 ', 0),
	(945, 0, 59, 'thatqay_sieuquay@yahoo.com ', 0),
	(946, 0, 59, '75', 0),
	(947, 0, 59, '233', 0),
	(948, 0, 59, '154', 0),
	(949, 0, 59, '160', 0),
	(950, 0, 59, '', 0),
	(951, 0, 59, 'Kế toán, họa viên kiến trúc, Corel - phtoshop ', 0),
	(952, 0, 59, '', 0),
	(953, 0, 59, '219', 0),
	(954, 0, 59, '265', 1),
	(955, 0, 59, '297', 0),
	(956, 0, 59, '298', 0),
	(957, 0, 60, '18/04/2010 ', 0),
	(958, 0, 60, 'Nguyễn Thành Tín ', 0),
	(959, 0, 60, '1958 ', 0),
	(960, 0, 60, '82', 0),
	(961, 0, 60, 'Bến Tre\n', 0),
	(962, 0, 60, '65 đường 7, F. Bình An , Q.2\n', 0),
	(963, 0, 60, '0913847124 ', 0),
	(964, 0, 60, 'thanhtin_bt@yahoo.com.vn ', 0),
	(965, 0, 60, '75', 0),
	(966, 0, 60, '235', 0),
	(967, 0, 60, '149', 0),
	(968, 0, 60, '160', 0),
	(969, 0, 60, '', 0),
	(970, 0, 60, 'Kỹ thuật dựng phim ', 0),
	(971, 0, 60, '', 0),
	(972, 0, 60, '219', 0),
	(973, 0, 61, '18/04/2010 ', 0),
	(974, 0, 61, 'Vũ Văn Trương ', 0),
	(975, 0, 61, '1989 ', 0),
	(976, 0, 61, '12', 0),
	(977, 0, 61, 'Nam Định\n', 0),
	(978, 0, 61, '', 0),
	(979, 0, 61, '0977636523 ', 0),
	(980, 0, 61, 'vantruong@gmail.com ', 0),
	(981, 0, 61, '75', 0),
	(982, 0, 61, '235', 0),
	(983, 0, 61, '149', 0),
	(984, 0, 61, '160', 0),
	(985, 0, 61, '', 0),
	(986, 0, 61, 'Hoa viên kiến trúc ', 0),
	(987, 0, 61, '', 0),
	(988, 0, 61, '219', 0),
	(989, 0, 62, '18/04/2010 ', 0),
	(990, 0, 62, 'Nguyễn Thị Bon ', 0),
	(991, 0, 62, '1983', 0),
	(992, 0, 62, '12', 0),
	(993, 0, 62, 'Long An\n', 0),
	(994, 0, 62, '9/153 KP6, F.HBC, Q. Thủ Đức\n', 0),
	(995, 0, 62, '01653593553 ', 0),
	(996, 0, 62, 'anbonnguyen@gmail.com ', 0),
	(997, 0, 62, '75', 0),
	(998, 0, 62, '149', 0),
	(999, 0, 62, '160', 0),
	(1000, 0, 62, '', 0),
	(1001, 0, 62, 'Đồ họa ', 0),
	(1002, 0, 62, '', 0),
	(1003, 0, 62, '219', 0),
	(1004, 0, 62, '297', 0),
	(1005, 0, 62, '298', 0),
	(1006, 0, 62, '300', 0),
	(1007, 0, 63, '18/04/2010 ', 0),
	(1008, 0, 63, 'Nguyễn Văn Quí ', 0),
	(1009, 0, 63, '1987 ', 0),
	(1010, 0, 63, '12', 0),
	(1011, 0, 63, 'Đồng Tháp\n', 0),
	(1012, 0, 63, 'Ấp 1 , Mỹ Đông , Tháp Mười , Đồng Tháp \n', 0),
	(1013, 0, 63, '01696842593 ', 0),
	(1014, 0, 63, 'nguyenvanquicntt05@gmail.com ', 0),
	(1015, 0, 63, '75', 0),
	(1016, 0, 63, '155', 0),
	(1017, 0, 63, '160', 0),
	(1018, 0, 63, 'ĐH Đồng Tháp ', 0),
	(1019, 0, 63, 'công nghệ thông tin ', 0),
	(1020, 0, 63, '', 0),
	(1021, 0, 63, '219', 0),
	(1022, 0, 63, '285', 0),
	(1023, 0, 64, '18/04/2010 ', 0),
	(1024, 0, 64, 'Dương Hiền Vương ', 0),
	(1025, 0, 64, '1987 ', 0),
	(1026, 0, 64, '12', 0),
	(1027, 0, 64, '27/28 Phan Sào Nam , F.11 , Q.TB\n', 0),
	(1028, 0, 64, '27/28 Phan Sào Nam , F.11 , Q.TB\n', 0),
	(1029, 0, 64, '01224985551 ', 0),
	(1030, 0, 64, 'mr_luom1709@yahoo.com ', 0),
	(1031, 0, 64, '75', 0),
	(1032, 0, 64, '149', 0),
	(1033, 0, 64, '160', 0),
	(1034, 0, 64, 'ĐH Văn Lang ', 0),
	(1035, 0, 64, 'Thiết kế quảng cáo  ', 0),
	(1036, 0, 64, '', 0),
	(1037, 0, 64, '219', 0),
	(1038, 0, 64, '300', 0),
	(1039, 0, 65, '18/04/2010 ', 0),
	(1040, 0, 65, 'Nguyễn Thanh Tùng ', 0),
	(1041, 0, 65, '1979 ', 0),
	(1042, 0, 65, '12', 0),
	(1043, 0, 65, 'Bến Tre\n', 0),
	(1044, 0, 65, '71/3 Bùi Đình Túy , F12 , Q BT\n', 0),
	(1045, 0, 65, '0907859934 ', 0),
	(1046, 0, 65, 'tungnguyen996@gmail.com ', 0),
	(1047, 0, 65, '75', 0),
	(1048, 0, 65, '235', 0),
	(1049, 0, 65, '149', 0),
	(1050, 0, 65, '160', 0),
	(1051, 0, 65, 'ĐH Văn Lang ', 0),
	(1052, 0, 65, 'Thiết kế đồ họa ', 0),
	(1053, 0, 65, '', 0),
	(1054, 0, 65, '219', 0),
	(1055, 0, 65, '300', 0),
	(1056, 0, 66, '18/04/2010 ', 0),
	(1057, 0, 66, 'Đặng Hữu Phúc ', 0),
	(1058, 0, 66, '1987 ', 0),
	(1059, 0, 66, '12', 0),
	(1060, 0, 66, 'Bàu Chinh - Châu Đức - BRVT\n', 0),
	(1061, 0, 66, 'Bàu Chinh - Châu Đức - BRVT\n', 0),
	(1062, 0, 66, '0988442851 ', 0),
	(1063, 0, 66, '', 0),
	(1064, 0, 66, '151', 0),
	(1065, 0, 66, '160', 0),
	(1066, 0, 66, '', 0),
	(1067, 0, 66, 'Thiết kế quảng cáo  ', 0),
	(1068, 0, 66, '', 0),
	(1069, 0, 66, '219', 0),
	(1070, 0, 66, '297', 0),
	(1071, 0, 66, '298', 0),
	(1072, 0, 66, '300', 0),
	(1073, 0, 67, '18/04/2010 ', 0),
	(1074, 0, 67, 'Phạm Văn Dũng ', 0),
	(1075, 0, 67, '1984', 0),
	(1076, 0, 67, '12', 0),
	(1077, 0, 67, '60 A đường Cây Keo , F. Tân Phú\n', 0),
	(1078, 0, 67, '60 A đường Cây Keo , F. Tân Phú\n', 0),
	(1079, 0, 67, '01666665035 ', 0),
	(1080, 0, 67, '', 0),
	(1081, 0, 67, '75', 0),
	(1082, 0, 67, '154', 0),
	(1083, 0, 67, '160', 0),
	(1084, 0, 67, 'CĐ KT Kỹ Thuật ', 0),
	(1085, 0, 67, 'Kế toán ', 0),
	(1086, 0, 67, '', 0),
	(1087, 0, 67, '188', 1),
	(1088, 0, 67, '219', 0),
	(1089, 0, 67, '297', 0),
	(1090, 0, 67, '298', 0),
	(1091, 0, 68, '18/04/2010 ', 0),
	(1092, 0, 68, 'Nguyễn Quang Huy ', 0),
	(1093, 0, 68, '', 0),
	(1094, 0, 68, '11', 0),
	(1095, 0, 68, '', 0),
	(1096, 0, 68, '', 0),
	(1097, 0, 68, '0917407583 ', 0),
	(1098, 0, 68, '', 0),
	(1099, 0, 68, '149', 0),
	(1100, 0, 68, '160', 0),
	(1101, 0, 68, 'ĐH Văn Lang ', 0),
	(1102, 0, 68, 'kỹ thuật lập trình ', 0),
	(1103, 0, 68, '', 0),
	(1104, 0, 68, '219', 0),
	(1105, 0, 69, '18/04/2010 ', 0),
	(1106, 0, 69, 'Đào Thành Phấn ', 0),
	(1107, 0, 69, '1985', 0),
	(1108, 0, 69, '12', 0),
	(1109, 0, 69, 'Ninh Thuận\n', 0),
	(1110, 0, 69, '217/10 A XVNT , F. 17 , Q. BT\n', 0),
	(1111, 0, 69, '0932022512 ', 0),
	(1112, 0, 69, '', 0),
	(1113, 0, 69, '75', 0),
	(1114, 0, 69, '111', 0),
	(1115, 0, 69, '149', 0),
	(1116, 0, 69, '160', 0),
	(1117, 0, 69, '', 0),
	(1118, 0, 69, '', 0),
	(1119, 0, 69, '', 0),
	(1120, 0, 69, '219', 0),
	(1121, 0, 69, '297', 0),
	(1122, 0, 69, '298', 0),
	(1123, 0, 70, '18/04/2010 ', 0),
	(1124, 0, 70, 'Nguyễn Thị Mỹ Lan ', 0),
	(1125, 0, 70, '1964 ', 0),
	(1126, 0, 70, '81', 0),
	(1127, 0, 70, '', 0),
	(1128, 0, 70, '', 0),
	(1129, 0, 70, '0986489185 ', 0),
	(1130, 0, 70, '', 0),
	(1131, 0, 70, '149', 0),
	(1132, 0, 70, '160', 0),
	(1133, 0, 70, '', 0),
	(1134, 0, 70, '', 0),
	(1135, 0, 70, '', 0),
	(1136, 0, 70, '219', 0),
	(1137, 0, 70, '276', 0),
	(1138, 0, 71, '18/04/2010 ', 0),
	(1139, 0, 71, 'Trịnh Mỹ Hồng ', 0),
	(1140, 0, 71, '1988', 0),
	(1141, 0, 71, '12', 0),
	(1142, 0, 71, '19 Ngô Đức Kế , F.12 , Q. BT\n', 0),
	(1143, 0, 71, '19 Ngô Đức Kế , F.12 , Q. BT\n', 0),
	(1144, 0, 71, '0986384571 ', 0),
	(1145, 0, 71, '', 0),
	(1146, 0, 71, '74', 0),
	(1147, 0, 71, '121', 0),
	(1148, 0, 71, '153', 0),
	(1149, 0, 71, '160', 0),
	(1150, 0, 71, '', 0),
	(1151, 0, 71, 'Kế toán ', 0),
	(1152, 0, 71, '', 0),
	(1153, 0, 71, '219', 0),
	(1154, 0, 71, '276', 0),
	(1155, 0, 71, '297', 0),
	(1156, 0, 71, '298', 0),
	(1157, 0, 72, '18/04/2010 ', 0),
	(1158, 0, 72, 'Đỗ Minh Đức  ', 0),
	(1159, 0, 72, '1957', 0),
	(1160, 0, 72, '82', 0),
	(1161, 0, 72, '340 Nguyễn Trọng Tuyển\n', 0),
	(1162, 0, 72, '340 Nguyễn Trọng Tuyển\n', 0),
	(1163, 0, 72, '01214425607 ', 0),
	(1164, 0, 72, '', 0),
	(1165, 0, 72, '75', 0),
	(1166, 0, 72, '232', 0),
	(1167, 0, 72, '149', 0),
	(1168, 0, 72, '160', 0),
	(1169, 0, 72, 'ĐH TCKT ', 0),
	(1170, 0, 72, 'Kế toán ', 0),
	(1171, 0, 72, '', 0),
	(1172, 0, 72, '188', 1),
	(1173, 0, 72, '219', 0),
	(1174, 0, 72, '265', 1),
	(1175, 0, 72, '297', 0),
	(1176, 0, 72, '298', 0),
	(1177, 0, 72, '302', 0),
	(1178, 0, 73, '18/04/2010 ', 0),
	(1179, 0, 73, 'Phạm Văn Cừong ', 0),
	(1180, 0, 73, '1982 ', 0),
	(1181, 0, 73, '12', 0),
	(1182, 0, 73, 'Tân Chánh Hiệp Q. 12\n', 0),
	(1183, 0, 73, 'Tân Chánh Hiệp Q. 12\n', 0),
	(1184, 0, 73, '0935580837 ', 0),
	(1185, 0, 73, 'binhminh_qh@yahoo.com ', 0),
	(1186, 0, 73, '75', 0),
	(1187, 0, 73, '155', 0),
	(1188, 0, 73, '160', 0),
	(1189, 0, 73, 'ĐH Qui Nhơn ', 0),
	(1190, 0, 73, 'Kế toán ', 0),
	(1191, 0, 73, '', 0),
	(1192, 0, 73, '188', 1),
	(1193, 0, 73, '219', 0),
	(1194, 0, 73, '265', 1),
	(1195, 0, 73, '297', 0),
	(1196, 0, 73, '298', 0),
	(1197, 0, 73, '302', 0),
	(1198, 0, 74, '18/04/2010 ', 0),
	(1199, 0, 74, 'Huỳnh Thị Duy Trinh ', 0),
	(1200, 0, 74, '1982 ', 0),
	(1201, 0, 74, '12', 0),
	(1202, 0, 74, 'Đà Nẵng\n', 0),
	(1203, 0, 74, '', 0),
	(1204, 0, 74, '0934805117 ', 0),
	(1205, 0, 74, '', 0),
	(1206, 0, 74, '155', 0),
	(1207, 0, 74, '160', 0),
	(1208, 0, 74, 'ĐH Đà Nẵng ', 0),
	(1209, 0, 74, 'Tiếng Anh ', 0),
	(1210, 0, 74, '', 0),
	(1211, 0, 74, '219', 0),
	(1212, 0, 75, '18/04/2010 ', 0),
	(1213, 0, 75, 'Trần Thị Mỹ Trinh ', 0),
	(1214, 0, 75, '1985 ', 0),
	(1215, 0, 75, '12', 0),
	(1216, 0, 75, 'Đồng Nai\n', 0),
	(1217, 0, 75, '98 Trần Phú - TX Long Khánh\n', 0),
	(1218, 0, 75, '01212042506 ', 0),
	(1219, 0, 75, '', 0),
	(1220, 0, 75, '75', 0),
	(1221, 0, 75, '123', 0),
	(1222, 0, 75, '153', 0),
	(1223, 0, 75, '160', 0),
	(1224, 0, 75, '', 0),
	(1225, 0, 75, 'Chế biến thực phẩm ', 0),
	(1226, 0, 75, '', 0),
	(1227, 0, 75, '219', 0),
	(1228, 0, 75, '297', 0),
	(1229, 0, 75, '298', 0),
	(1230, 0, 76, '18/04/2010 ', 0),
	(1231, 0, 76, 'Nguyễn Hoàng Hải ', 0),
	(1232, 0, 76, '1989 ', 0),
	(1233, 0, 76, '12', 0),
	(1234, 0, 76, '549/86 Nguyễn Đình Chiểu, F.12 ,Q 3\n', 0),
	(1235, 0, 76, '549/86 Nguyễn Đình Chiểu, F.12 ,Q 3\n', 0),
	(1236, 0, 76, '38359769 ', 0),
	(1237, 0, 76, '', 0),
	(1238, 0, 76, '77', 0),
	(1239, 0, 76, '149', 0),
	(1240, 0, 76, '160', 0),
	(1241, 0, 76, '', 0),
	(1242, 0, 76, '', 0),
	(1243, 0, 76, '', 0),
	(1244, 0, 76, '219', 0),
	(1245, 0, 77, '19/04/2010 ', 0),
	(1246, 0, 77, 'Ngô Quốc Hòa ', 0),
	(1247, 0, 77, '1979 ', 0),
	(1248, 0, 77, '12', 0),
	(1249, 0, 77, 'Hà Nội\n', 0),
	(1250, 0, 77, '500/66/10 Đoàn Văn Bơ , F14 . Q 4\n', 0),
	(1251, 0, 77, '', 0),
	(1252, 0, 77, '', 0),
	(1253, 0, 77, '73', 1),
	(1254, 0, 77, '149', 0),
	(1255, 0, 77, '160', 0),
	(1256, 0, 77, '', 0),
	(1257, 0, 77, 'Đồ họa ', 0),
	(1258, 0, 77, '', 0),
	(1259, 0, 77, '219', 0),
	(1260, 0, 78, '05/06/2010 ', 0),
	(1261, 0, 78, 'Trần Văn Tuấn ', 0),
	(1262, 0, 78, '1985 ', 0),
	(1263, 0, 78, '12', 0),
	(1264, 0, 78, '', 0),
	(1265, 0, 78, '182/11 ấp Long Đức 1 Tam Phước Long , Long Thành\n', 0),
	(1266, 0, 78, '01645157187 ', 0),
	(1267, 0, 78, 'trantuan1557@yahoo.com ', 0),
	(1268, 0, 78, '75', 0),
	(1269, 0, 78, '235', 0),
	(1270, 0, 78, '149', 0),
	(1271, 0, 78, '160', 0),
	(1272, 0, 78, '', 0),
	(1273, 0, 78, 'Làm hình thẻ', 0),
	(1274, 0, 78, '', 0),
	(1275, 0, 78, '219', 0),
	(1276, 0, 78, '297', 0),
	(1277, 0, 78, '298', 0),
	(1278, 0, 78, '300', 0),
	(1790, 85, 104, '199', 0),
	(1789, 91, 104, '', 0),
	(1788, 92, 104, '', 0),
	(1787, 90, 104, '', 0),
	(1785, 82, 104, '149', 0),
	(1786, 83, 104, '160', 0),
	(1783, 20, 104, '232', 0),
	(1784, 22, 104, '264', 0),
	(1782, 19, 104, '75', 0),
	(1781, 102, 104, '10/2/2009', 0),
	(1780, 103, 104, '', 0),
	(1779, 105, 104, '0936320340', 0),
	(1778, 104, 104, '01227264300', 0),
	(1777, 106, 104, '', 0),
	(1776, 107, 104, 'Thôn 6, Xã Eatieu, Cưkuin, Đắc lắc\n', 0),
	(1775, 108, 104, '457', 0),
	(1774, 109, 104, '460', 0),
	(1773, 110, 104, '1986', 0),
	(1772, 112, 104, 'Nguyễn Đình Hòa', 0),
	(1771, 93, 103, '286', 0),
	(1770, 86, 103, '219', 0),
	(1768, 92, 103, '', 0),
	(1304, 0, 80, '15/1/2010', 0),
	(1305, 0, 80, 'Lê Trọng Vinh', 0),
	(1306, 0, 80, '1981', 0),
	(1307, 0, 80, '12', 0),
	(1308, 0, 80, '108/23 Trần Mai Ninh, P.12, Q.Tân Bình\n', 0),
	(1309, 0, 80, '108/23 Trần Mai Ninh, P.12, Q.Tân Bình\n', 0),
	(1310, 0, 80, '0907 079 655', 0),
	(1311, 0, 80, 'vinhthaovt@yahoo.com', 0),
	(1312, 0, 80, '73', 1),
	(1313, 0, 80, '114', 0),
	(1314, 0, 80, '155', 0),
	(1315, 0, 80, '160', 0),
	(1316, 0, 80, '', 0),
	(1317, 0, 80, 'CNTT, thiết kế đồ họa, quản trị mạng', 0),
	(1318, 0, 80, '', 0),
	(1319, 0, 80, '219', 0),
	(1320, 0, 80, '285', 0),
	(1321, 0, 81, '12/1/2010', 0),
	(1322, 0, 81, 'Trần Văn Thành', 0),
	(1323, 0, 81, '1983', 0),
	(1324, 0, 81, '12', 0),
	(1325, 0, 81, 'Ấp 2-Xuân Hòa-Xuân Lộc-Đồng Nai\n', 0),
	(1326, 0, 81, '86/657 Nguyễn Kiệm, P.3, Q.Gò Vấp\n\n', 0),
	(1327, 0, 81, '01686 198 587', 0),
	(1328, 0, 81, 'tranvanthanh06@gmail.com', 0),
	(1329, 0, 81, '75', 0),
	(1330, 0, 81, '229', 0),
	(1331, 0, 81, '138', 0),
	(1332, 0, 81, '150', 0),
	(1333, 0, 81, '162', 0),
	(1334, 0, 81, '', 0),
	(1335, 0, 81, '', 0),
	(1336, 0, 81, '', 0),
	(1337, 0, 81, '196', 0),
	(1338, 0, 81, '219', 0),
	(1339, 0, 81, '297', 0),
	(1340, 0, 81, '298', 0),
	(1341, 0, 81, '300', 0),
	(1879, 112, 109, 'Nguyễn Thị Lan Thương', 0),
	(1878, 86, 108, '219', 0),
	(1877, 91, 108, '', 0),
	(1876, 92, 108, '', 0),
	(1875, 90, 108, '', 0),
	(1874, 83, 108, '160', 0),
	(1873, 82, 108, '149', 0),
	(1871, 20, 108, '125', 0),
	(1872, 21, 108, '138', 0),
	(1870, 19, 108, '75', 0),
	(1869, 102, 108, '27/03/2009', 0),
	(1868, 103, 108, '', 0),
	(1866, 104, 108, '', 0),
	(1867, 105, 108, '0955814854', 0),
	(1865, 106, 108, '540 Bà Hạt, F8 Q10\n', 0),
	(1864, 107, 108, '540 Bà Hạt, F8 Q10\n', 0),
	(1863, 108, 108, '457', 0),
	(1862, 109, 108, '460', 0),
	(1861, 110, 108, '1948', 0),
	(1769, 91, 103, '', 0),
	(1766, 83, 103, '163', 0),
	(1767, 90, 103, '', 0),
	(1764, 20, 103, '123', 0),
	(1765, 82, 103, '151', 0),
	(1763, 19, 103, '75', 0),
	(1762, 102, 103, '9/2/2009', 0),
	(1761, 103, 103, '', 0),
	(1760, 105, 103, '', 0),
	(1759, 104, 103, '35142034', 0),
	(1758, 106, 103, '27/163/6 Điện Biên Phủ, F15,Quận Bình Thạnh\n', 0),
	(1757, 107, 103, 'Ấp I, An Hòa, Tam Nông, Đồng Tháp\n', 0),
	(1756, 108, 103, '457', 0),
	(1755, 109, 103, '460', 0),
	(1754, 110, 103, '1983', 0),
	(1753, 112, 103, 'Mai Thanh Tiền', 0),
	(1752, 88, 102, '298', 1),
	(1751, 88, 102, '297', 1),
	(1750, 88, 102, '296', 1),
	(1749, 93, 102, '285', 0),
	(1748, 86, 102, '219', 0),
	(1747, 91, 102, '', 0),
	(1746, 92, 102, 'Công nghệ thông tin', 0),
	(1745, 90, 102, '', 0),
	(1743, 82, 102, '155', 0),
	(1744, 83, 102, '165', 0),
	(1742, 21, 102, '131', 0),
	(1741, 20, 102, '123', 0),
	(1740, 19, 102, '75', 0),
	(1739, 102, 102, '6/1/2009', 0),
	(1738, 103, 102, 'nth19832003@yahoo.com', 0),
	(1737, 105, 102, '0982 967 351', 0),
	(1736, 104, 102, '38469311', 0),
	(1735, 106, 102, '62/9 Lý Chính Thắng, P.8, Q.3, Tp.HCM', 0),
	(1734, 107, 102, '62/9 Lý Chính Thắng, P.8, Q.3, Tp.HCM\n', 0),
	(1733, 108, 102, '457', 0),
	(1732, 109, 102, '460', 0),
	(1731, 110, 102, '1982', 0),
	(1730, 112, 102, 'Nguyễn Trường Hải', 0),
	(1619, 88, 96, '298', 0),
	(1620, 88, 96, '301', 0),
	(1618, 88, 96, '297', 0),
	(1617, 93, 96, '265', 1),
	(1616, 86, 96, '219', 0),
	(1615, 85, 96, '188', 1),
	(1614, 91, 96, '', 0),
	(1613, 92, 96, '', 0),
	(1612, 90, 96, '', 0),
	(1611, 83, 96, '164', 0),
	(1610, 82, 96, '151', 0),
	(1609, 22, 96, '19', 1),
	(1608, 21, 96, '131', 0),
	(1607, 20, 96, '232', 0),
	(1606, 19, 96, '75', 0),
	(1605, 97, 96, '7/1/2010', 0),
	(1604, 17, 96, 'ngoc_tran578@yahoo.com', 0),
	(1603, 16, 96, '0907 525254', 0),
	(1602, 14, 96, '15/2A Ấp 3-xã Xuân Thới Sơn-huyện Hóc Môn', 0),
	(1601, 13, 96, '15/2A Ấp 3-xã Xuân Thới Sơn-huyện Hóc Môn', 0),
	(1600, 99, 96, '456', 0),
	(1598, 95, 96, '1983', 0),
	(1599, 9, 96, '12', 0),
	(1597, 8, 96, 'Trần Thị Hồng Ngọc', 0),
	(1596, 86, 95, '219', 0),
	(1595, 91, 95, '', 0),
	(1594, 92, 95, '', 0),
	(1593, 90, 95, '', 0),
	(1592, 83, 95, '163', 0),
	(1591, 82, 95, '151', 0),
	(1589, 19, 95, '75', 0),
	(1590, 20, 95, '123', 0),
	(1588, 16, 95, '0982 967 351-38469311', 0),
	(1586, 14, 95, '62/9 Lý Chính Thắng, P.8, Q.3.\n', 0),
	(1587, 17, 95, 'nth19832003@yahoo.com', 0),
	(1585, 13, 95, '62/9 Lý Chính Thắng, P.8, Q.3.\n', 0),
	(1583, 9, 95, '12', 0),
	(1584, 99, 95, '455', 0),
	(1580, 97, 95, '6/1/2009', 0),
	(1581, 8, 95, 'Nguyễn Trường Hải', 0),
	(1582, 95, 95, '1982', 0),
	(2008, 0, 115, '75', 0),
	(2007, 0, 115, '11/5/2009', 0),
	(2006, 0, 115, '', 0),
	(2005, 0, 115, '', 0),
	(2004, 0, 115, '38359499', 0),
	(2003, 0, 115, '664/132 Nguyễn Đình Chiểu, Q.3\n', 0),
	(7907, 112, 423, 'Đặng Văn Nam', 0),
	(2009, 0, 115, '233', 0),
	(2010, 0, 115, '151', 0),
	(2011, 0, 115, '', 0),
	(2012, 0, 115, '163', 0),
	(2013, 0, 115, '', 0),
	(2014, 0, 115, '', 0),
	(2015, 0, 115, '219', 0),
	(2016, 0, 115, '504', 0),
	(2017, 0, 115, '', 0),
	(2018, 0, 115, '297', 0),
	(2019, 0, 115, '298', 0),
	(2020, 0, 116, 'Đào Minh Chuyết', 0),
	(2021, 0, 116, '1953', 0),
	(2022, 0, 116, '462', 0),
	(2023, 0, 116, '458', 0),
	(2024, 0, 116, '664/132 Nguyễn Đình Chiểu, Q.3\n', 0),
	(2025, 0, 116, '664/132 Nguyễn Đình Chiểu, Q.3\n', 0),
	(2026, 0, 116, '38359499', 0),
	(2027, 0, 116, '', 0),
	(2028, 0, 116, '', 0),
	(2029, 0, 116, '11/5/2009', 0),
	(2030, 0, 116, '75', 0),
	(2031, 0, 116, '233', 0),
	(2032, 0, 116, '151', 0),
	(2033, 0, 116, '', 0),
	(2034, 0, 116, '163', 0),
	(2035, 0, 116, '', 0),
	(2036, 0, 116, '', 0),
	(2037, 0, 116, '489', 0),
	(2038, 0, 116, '219', 0),
	(2039, 0, 116, '504', 0),
	(2040, 0, 116, '', 0),
	(2041, 0, 116, '297', 0),
	(2042, 0, 116, '298', 0),
	(2043, 112, 117, 'Đào Minh Chuyết', 0),
	(2044, 110, 117, '1953', 0),
	(2045, 109, 117, '462', 0),
	(2046, 108, 117, '458', 0),
	(2047, 107, 117, '664/132 Nguyễn Đình Chiểu, Quận 3\n', 0),
	(2048, 106, 117, '664/132 Nguyễn Đình Chiểu, Q.3\n', 0),
	(2049, 104, 117, '38359499', 0),
	(2050, 105, 117, '', 0),
	(2051, 103, 117, '', 0),
	(2052, 102, 117, '11/5/2009', 0),
	(2053, 19, 117, '75', 0),
	(2054, 20, 117, '233', 0),
	(2055, 82, 117, '151', 0),
	(2056, 92, 117, 'Vi tính văn phòng', 0),
	(2057, 83, 117, '163', 0),
	(2058, 90, 117, '', 0),
	(2059, 91, 117, '', 0),
	(2060, 85, 117, '199', 0),
	(2061, 86, 117, '219', 0),
	(2062, 93, 117, '276', 0),
	(2063, 114, 117, '', 0),
	(2064, 88, 117, '297', 0),
	(2065, 88, 117, '298', 0),
	(2066, 88, 117, '301', 0),
	(2067, 0, 118, 'Nguyễn Hữu Đạt', 0),
	(2068, 0, 118, '1969', 0),
	(2069, 0, 118, '462', 0),
	(2070, 0, 118, '457', 0),
	(2071, 0, 118, 'B24/4 KP1, P.Bình An, Q.2\n', 0),
	(2072, 0, 118, 'B24/4 KP1, P.Bình An, Q.2\n', 0),
	(2073, 0, 118, '', 0),
	(2074, 0, 118, '0955588334', 0),
	(2075, 0, 118, '', 0),
	(2076, 0, 118, '13/5/2009', 0),
	(2077, 0, 118, '75', 0),
	(2078, 0, 118, '237', 0),
	(2079, 0, 118, '155', 0),
	(2080, 0, 118, 'Trồng trọt', 0),
	(2081, 0, 118, '465', 0),
	(2082, 0, 118, '', 0),
	(2083, 0, 118, '', 0),
	(2084, 0, 118, '219', 0),
	(2085, 0, 118, '276', 0),
	(2086, 0, 118, '', 0),
	(2087, 112, 119, 'Nguyễn Hữu Đạt', 0),
	(2088, 110, 119, '1969', 0),
	(2089, 109, 119, '462', 0),
	(2090, 108, 119, '457', 0),
	(2091, 107, 119, 'B24/4 KP1, P.Bình An, Q.2\n', 0),
	(2092, 106, 119, 'B24/4 KP1, P.Bình An, Q.2\n', 0),
	(2093, 104, 119, '', 0),
	(2094, 105, 119, '0955588334', 0),
	(2095, 103, 119, '', 0),
	(2096, 102, 119, '13/5/2009', 0),
	(2097, 19, 119, '75', 0),
	(2098, 20, 119, '237', 0),
	(2099, 82, 119, '155', 0),
	(2100, 92, 119, 'Trồng trọt', 0),
	(2101, 83, 119, '465', 0),
	(2102, 90, 119, '', 0),
	(2103, 91, 119, '', 0),
	(2104, 85, 119, '199', 0),
	(2105, 86, 119, '219', 0),
	(2106, 93, 119, '276', 0),
	(2107, 114, 119, '', 0),
	(2108, 88, 119, '297', 0),
	(2109, 88, 119, '298', 0),
	(2110, 94, 119, '317', 0),
	(2111, 94, 119, '318', 0),
	(2112, 112, 120, 'Lý Ngọc Tuyền', 0),
	(2113, 110, 120, '1981', 0),
	(2114, 109, 120, '460', 0),
	(2115, 108, 120, '458', 0),
	(2116, 107, 120, '918A KP7, P.Bình Trị Đông, Q.Bình Tân\n', 0),
	(2117, 106, 120, '918A KP7, P.Bình Trị Đông, Q.Bình Tân\n', 0),
	(2118, 104, 120, '', 0),
	(2119, 105, 120, '0909444669 (không gọi được)', 0),
	(2120, 103, 120, '', 0),
	(2121, 102, 120, '21/5/2009', 0),
	(2122, 19, 120, '75', 0),
	(2123, 20, 120, '229', 0),
	(2124, 82, 120, '151', 0),
	(2125, 92, 120, '', 0),
	(2126, 83, 120, '163', 0),
	(2127, 90, 120, '', 0),
	(2128, 91, 120, '', 0),
	(2129, 85, 120, '196', 0),
	(2130, 86, 120, '219', 0),
	(2131, 114, 120, '', 0),
	(2132, 112, 121, 'Tô Trọng Phi', 0),
	(2133, 110, 121, '1982', 0),
	(2134, 109, 121, '460', 0),
	(2135, 108, 121, '457', 0),
	(2136, 107, 121, 'Hiển Văn, Phổ Hòa, Đức Phổ, Quảng Nam\n', 0),
	(2137, 106, 121, '11/3 Đốc phủ lý, Cần Giuộc, Long An\n', 0),
	(2138, 104, 121, '', 0),
	(2139, 105, 121, '0956931019', 0),
	(2140, 103, 121, '', 0),
	(2141, 102, 121, '13/7/2009', 0),
	(2142, 19, 121, '75', 0),
	(2143, 20, 121, '124', 0),
	(2144, 21, 121, '138', 0),
	(2145, 82, 121, '152', 0),
	(2146, 92, 121, 'Kỹ thuật đồ họa vi tính', 0),
	(2147, 83, 121, '160', 0),
	(2148, 90, 121, '', 0),
	(2149, 91, 121, '', 0),
	(2150, 85, 121, '483', 0),
	(2151, 86, 121, '219', 0),
	(2152, 114, 121, '', 0),
	(2153, 88, 121, '300', 0),
	(2154, 112, 122, 'Phạm Văn Lực', 0),
	(2155, 110, 122, '1990', 0),
	(2156, 109, 122, '460', 0),
	(2157, 108, 122, '457', 0),
	(2158, 107, 122, 'Nhơn Nghĩa Tây, Nhơn Phúc, An Nhơn, Bình Định\n', 0),
	(2159, 106, 122, 'Trại 25 BV Chợ Rẫy\n', 0),
	(2160, 104, 122, '', 0),
	(2161, 105, 122, '0933874501', 0),
	(2162, 103, 122, '', 0),
	(2163, 102, 122, '20/7/2009', 0),
	(2164, 19, 122, '75', 0),
	(2165, 20, 122, '235', 0),
	(2166, 82, 122, '150', 0),
	(2167, 92, 122, '', 0),
	(2168, 83, 122, '162', 0),
	(2169, 90, 122, '', 0),
	(2170, 91, 122, '', 0),
	(2171, 86, 122, '219', 0),
	(2172, 114, 122, '', 0),
	(2173, 112, 123, 'Mai Văn Cường', 0),
	(2174, 110, 123, '1983', 0),
	(2175, 109, 123, '460', 0),
	(2176, 108, 123, '457', 0),
	(2177, 107, 123, 'P.Phước Long A, Q.9\n', 0),
	(2178, 106, 123, 'P.Phước Long A, Q.9\n', 0),
	(2179, 104, 123, '', 0),
	(2180, 105, 123, '', 0),
	(2181, 103, 123, '', 0),
	(2182, 102, 123, '28/7/2009', 0),
	(2183, 19, 123, '75', 0),
	(2184, 20, 123, '125', 0),
	(2185, 82, 123, '153', 0),
	(2186, 92, 123, 'Cơ khí - đồ họa', 0),
	(2187, 83, 123, '164', 0),
	(2188, 90, 123, '', 0),
	(2189, 91, 123, '', 0),
	(2190, 86, 123, '219', 0),
	(2191, 114, 123, '', 0),
	(2192, 88, 123, '297', 0),
	(2193, 88, 123, '298', 0),
	(2194, 88, 123, '300', 0),
	(2195, 88, 123, '301', 0),
	(3112, 107, 169, '15/2A Ấp 3-xã Xuân Thới Sơn-huyện Hóc Môn\n', 0),
	(3111, 108, 169, '457', 0),
	(3110, 109, 169, '460', 0),
	(3109, 110, 169, '1983', 0),
	(3108, 112, 169, 'Trần Văn Thành', 0),
	(3107, 114, 168, '', 0),
	(3106, 93, 168, '276', 1),
	(3105, 93, 168, '265', 1),
	(3104, 86, 168, '219', 0),
	(3102, 90, 168, '', 0),
	(3101, 83, 168, '164', 0),
	(3100, 92, 168, 'Kế toán', 0),
	(3099, 82, 168, '151', 0),
	(3098, 113, 168, '536', 1),
	(3097, 20, 168, '235', 0),
	(3096, 20, 168, '232', 1),
	(3095, 19, 168, '75', 1),
	(3094, 102, 168, '07/01/2010', 0),
	(3093, 103, 168, 'ngoc_tran578@yahoo.com', 0),
	(3092, 105, 168, '0907 525254', 0),
	(3091, 104, 168, '', 0),
	(3090, 106, 168, '15/2A Ấp 3-xã Xuân Thới Sơn-huyện Hóc Môn\n', 0),
	(3089, 107, 168, '15/2A Ấp 3-xã Xuân Thới Sơn-huyện Hóc Môn\n', 0),
	(3088, 108, 168, '458', 0),
	(3087, 109, 168, '460', 0),
	(3086, 110, 168, '1983', 0),
	(3085, 112, 168, 'Trần Thị Hồng Ngọc', 0),
	(3134, 107, 170, '108/23 Trần Mai Ninh, P.12, Q.Tân Bình\n', 0),
	(3133, 108, 170, '457', 0),
	(3132, 109, 170, '460', 0),
	(3131, 110, 170, '1981', 0),
	(3130, 112, 170, 'Lê Trọng Vinh', 0),
	(3129, 114, 169, '', 0),
	(3128, 93, 169, '273', 0),
	(3127, 86, 169, '219', 0),
	(3126, 85, 169, '487', 0),
	(3125, 91, 169, '', 0),
	(3124, 90, 169, '', 0),
	(3123, 83, 169, '160', 0),
	(3122, 92, 169, '', 0),
	(3121, 82, 169, '150', 0),
	(3120, 21, 169, '138', 0),
	(3119, 20, 169, '229', 0),
	(3118, 19, 169, '75', 0),
	(3117, 102, 169, '12/01/2010', 0),
	(3116, 103, 169, 'tranvanthanh06@gmail.com', 0),
	(3115, 105, 169, '01686 198 587', 0),
	(3114, 104, 169, '', 0),
	(3113, 106, 169, '86/657 Nguyễn Kiệm, P.3, Q.Gò Vấp\n', 0),
	(3141, 20, 170, '114', 0),
	(3140, 19, 170, '73', 1),
	(3139, 102, 170, '15/01/2010', 0),
	(3138, 103, 170, 'vinhthaovt@yahoo.com', 0),
	(3137, 105, 170, '0907 079 655', 0),
	(3136, 104, 170, '', 0),
	(3135, 106, 170, '108/23 Trần Mai Ninh, P.12, Q.Tân Bình\n', 0),
	(2282, 112, 128, 'Trần Thị Phương Thảo', 0),
	(2283, 110, 128, '1986', 0),
	(2284, 109, 128, '460', 0),
	(2285, 108, 128, '458', 0),
	(2286, 107, 128, '', 0),
	(2287, 106, 128, '155/10 F.17, Q.Bình Thạnh\n', 0),
	(2288, 104, 128, '', 0),
	(2289, 105, 128, '01269883606', 0),
	(2290, 103, 128, '', 0),
	(2291, 102, 128, '31/08/2010', 0),
	(2292, 82, 128, '149', 0),
	(2293, 92, 128, '', 0),
	(2294, 83, 128, '160', 0),
	(2295, 90, 128, '', 0),
	(2296, 91, 128, '', 0),
	(2297, 86, 128, '219', 0),
	(2298, 114, 128, '', 0),
	(3103, 91, 168, '', 0),
	(2299, 0, 129, 'Phạm Văn Lực', 0),
	(2300, 0, 129, '1990', 0),
	(2301, 0, 129, '459', 0),
	(2302, 0, 129, '457', 0),
	(2303, 0, 129, 'Nhơn Nghĩa Tây, Nhơn Phúc, An Nhơn, Bình Định\n', 0),
	(2304, 0, 129, 'Trại 25 BV Chợ Rẫy\n', 0),
	(2305, 0, 129, '', 0),
	(2306, 0, 129, '0933874501', 0),
	(2307, 0, 129, '', 0),
	(2308, 0, 129, '20/7/2009', 0),
	(2309, 0, 129, '75', 0),
	(2310, 0, 129, '235', 0),
	(2311, 0, 129, '151', 0),
	(2312, 0, 129, '', 0),
	(2313, 0, 129, '162', 0),
	(2314, 0, 129, '', 0),
	(2315, 0, 129, '', 0),
	(2316, 0, 129, '219', 0),
	(2317, 0, 129, '', 0),
	(2318, 0, 130, 'Mai Văn Cường', 0),
	(2319, 0, 130, '1983', 0),
	(2320, 0, 130, '460', 0),
	(2321, 0, 130, '457', 0),
	(2322, 0, 130, 'P.Phước Long A, Q.9\n', 0),
	(2323, 0, 130, '', 0),
	(2324, 0, 130, '', 0),
	(2325, 0, 130, '', 0),
	(2326, 0, 130, '', 0),
	(2327, 0, 130, '', 0),
	(2328, 0, 130, '75', 0),
	(2329, 0, 130, '125', 0),
	(2330, 0, 130, '151', 0),
	(2331, 0, 130, 'Cơ khí', 0),
	(2332, 0, 130, '164', 0),
	(2333, 0, 130, '', 0),
	(2334, 0, 130, '', 0),
	(2335, 0, 130, '193', 0),
	(2336, 0, 130, '219', 0),
	(2337, 0, 130, '', 0),
	(2338, 0, 131, 'Huỳnh Bình Hán', 0),
	(2339, 0, 131, '1962', 0),
	(2340, 0, 131, '461', 0),
	(2341, 0, 131, '457', 0),
	(2342, 0, 131, '26/11 Âu Cơ, P.9, Q.Tân Bình (số cũ)\n', 0),
	(2343, 0, 131, '26/11 Âu Cơ, P.9, Q.Tân Bình (số cũ)\n', 0),
	(2344, 0, 131, '38603659', 0),
	(2345, 0, 131, '', 0),
	(2346, 0, 131, '', 0),
	(2347, 0, 131, '', 0),
	(2348, 0, 131, '75', 0),
	(2349, 0, 131, '232', 0),
	(2350, 0, 131, '149', 0),
	(2351, 0, 131, '', 0),
	(2352, 0, 131, '160', 0),
	(2353, 0, 131, '', 0),
	(2354, 0, 131, '', 0),
	(2355, 0, 131, '219', 0),
	(2356, 0, 131, '', 0),
	(2357, 0, 132, 'Phạm Quốc Thắng', 0),
	(2358, 0, 132, '1977', 0),
	(2359, 0, 132, '461', 0),
	(2360, 0, 132, '457', 0),
	(2361, 0, 132, 'Tổ 14, ấp 6, xã Xuân Thới Sơn\n', 0),
	(2362, 0, 132, 'Tổ 14, ấp 6, xã Xuân Thới Sơn\n', 0),
	(2363, 0, 132, '', 0),
	(2364, 0, 132, '0935599844', 0),
	(2365, 0, 132, '', 0),
	(2366, 0, 132, '3/8/2009', 0),
	(2367, 0, 132, '75', 0),
	(2368, 0, 132, '233', 0),
	(2369, 0, 132, '149', 0),
	(2370, 0, 132, '', 0),
	(2371, 0, 132, '160', 0),
	(2372, 0, 132, '', 0),
	(2373, 0, 132, '', 0),
	(2374, 0, 132, '195', 0),
	(2375, 0, 132, '219', 0),
	(2376, 0, 132, '', 0),
	(2377, 0, 133, 'Bùi Thị Nguyệt Nga', 0),
	(2378, 0, 133, '1982', 0),
	(2379, 0, 133, '460', 0),
	(2380, 0, 133, '458', 0),
	(2381, 0, 133, '71/3 Bùi Đình Túy, P.12, Q.Bình Thạnh\n', 0),
	(2382, 0, 133, '71/3 Bùi Đình Túy, P.12, Q.Bình Thạnh\n', 0),
	(2383, 0, 133, '', 0),
	(2384, 0, 133, '01695148713', 0),
	(2385, 0, 133, 'btngnga@yahoo.com.vn', 0),
	(2386, 0, 133, '20/8/2009', 0),
	(2387, 0, 133, '75', 0),
	(2388, 0, 133, '151', 0),
	(2389, 0, 133, '', 0),
	(2390, 0, 133, '163', 0),
	(2391, 0, 133, '', 0),
	(2392, 0, 133, '', 0),
	(2393, 0, 133, '219', 0),
	(2394, 0, 133, '', 0),
	(2395, 0, 133, '300', 0),
	(2396, 0, 134, 'Nguyễn Thị Thiết', 0),
	(2397, 0, 134, '1984', 0),
	(2398, 0, 134, '460', 0),
	(2399, 0, 134, '458', 0),
	(2400, 0, 134, 'Bình Thuận\n', 0),
	(2401, 0, 134, 'Bình Thuận\n', 0),
	(2402, 0, 134, '', 0),
	(2403, 0, 134, '', 0),
	(2404, 0, 134, '', 0),
	(2405, 0, 134, '', 0),
	(2406, 0, 134, '75', 0),
	(2407, 0, 134, '125', 0),
	(2408, 0, 134, '145', 0),
	(2409, 0, 134, '149', 0),
	(2410, 0, 134, '', 0),
	(2411, 0, 134, '160', 0),
	(2412, 0, 134, '', 0),
	(2413, 0, 134, '', 0),
	(2414, 0, 134, '219', 0),
	(2415, 0, 134, '', 0),
	(2416, 0, 135, 'Trần Thị Nga', 0),
	(2417, 0, 135, '1984', 0),
	(2418, 0, 135, '460', 0),
	(2419, 0, 135, '458', 0),
	(2420, 0, 135, 'Dak Lak\n', 0),
	(2421, 0, 135, 'Dak Lak\n', 0),
	(2422, 0, 135, '', 0),
	(2423, 0, 135, '01676757656', 0),
	(2424, 0, 135, '', 0),
	(2425, 0, 135, '', 0),
	(2426, 0, 135, '75', 0),
	(2427, 0, 135, '151', 0),
	(2428, 0, 135, 'kế toán', 0),
	(2429, 0, 135, '165', 0),
	(2430, 0, 135, '', 0),
	(2431, 0, 135, '', 0),
	(2432, 0, 135, '219', 0),
	(2433, 0, 135, '265', 1),
	(2434, 0, 135, '287', 1),
	(2435, 0, 135, '', 0),
	(2436, 0, 135, '297', 0),
	(2437, 0, 135, '298', 0),
	(2438, 112, 136, 'Mai Văn Cường', 0),
	(2439, 110, 136, '1983', 0),
	(2440, 109, 136, '460', 0),
	(2441, 108, 136, '457', 0),
	(2442, 107, 136, 'P.Phước Long A, Q.9\n', 0),
	(2443, 106, 136, 'P.Phước Long A, Q.9\n', 0),
	(2444, 104, 136, '', 0),
	(2445, 105, 136, '', 0),
	(2446, 103, 136, '', 0),
	(2447, 102, 136, '28/7/2009', 0),
	(2448, 19, 136, '75', 0),
	(2449, 20, 136, '125', 0),
	(2450, 82, 136, '153', 0),
	(2451, 92, 136, 'Cơ khí - đồ họa', 0),
	(2452, 83, 136, '164', 0),
	(2453, 90, 136, '', 0),
	(2454, 91, 136, '', 0),
	(2455, 86, 136, '219', 0),
	(2456, 114, 136, '', 0),
	(2457, 112, 137, 'Trần Thị Nga', 0),
	(2458, 110, 137, '1984', 0),
	(2459, 109, 137, '460', 0),
	(2460, 108, 137, '458', 0),
	(2461, 107, 137, 'Daklak', 0),
	(2462, 106, 137, 'Daklak', 0),
	(2463, 104, 137, '', 0),
	(2464, 105, 137, '01676757656', 0),
	(2465, 103, 137, '', 0),
	(2466, 102, 137, '24/8/2009', 0),
	(2467, 19, 137, '75', 0),
	(2468, 82, 137, '154', 0),
	(2469, 92, 137, 'Kế toán doanh nghiệp', 0),
	(2470, 83, 137, '165', 0),
	(2471, 90, 137, '', 0),
	(2472, 91, 137, '', 0),
	(2473, 86, 137, '219', 0),
	(2474, 93, 137, '265', 1),
	(2475, 93, 137, '287', 1),
	(2476, 114, 137, '', 0),
	(2477, 0, 138, 'Nguyễn Thị Trúc Phương', 0),
	(2478, 0, 138, '1985', 0),
	(2479, 0, 138, '460', 0),
	(2480, 0, 138, '458', 0),
	(2481, 0, 138, 'Quảng Nam\n', 0),
	(2482, 0, 138, '137/8 Phan Xích Long, P.12, Q.Phú Nhuận\n', 0),
	(2483, 0, 138, '', 0),
	(2484, 0, 138, '01692809705', 0),
	(2485, 0, 138, '', 0),
	(2486, 0, 138, '24/8/2009', 0),
	(2487, 0, 138, '75', 0),
	(2488, 0, 138, '123', 0),
	(2489, 0, 138, '154', 0),
	(2490, 0, 138, 'kế toán doanh nghiệp', 0),
	(2491, 0, 138, '165', 0),
	(2492, 0, 138, '', 0),
	(2493, 0, 138, '', 0),
	(2494, 0, 138, '219', 0),
	(2495, 0, 138, '265', 1),
	(2496, 0, 138, '504', 1),
	(2497, 0, 138, '', 0),
	(2498, 0, 138, '297', 0),
	(2499, 0, 138, '298', 0),
	(2500, 112, 139, 'Trần Đình Hữu Châu', 0),
	(2501, 110, 139, '1991', 0),
	(2502, 109, 139, '459', 0),
	(2503, 108, 139, '457', 0),
	(2504, 107, 139, '878 Trường Sơn, P.Linh Trung, Q.Thủ Đức\n', 0),
	(2505, 106, 139, '878 Trường Sơn, P.Linh Trung, Q.Thủ Đức\n', 0),
	(2506, 104, 139, '0985 774 917', 0),
	(2507, 105, 139, '0985 774 917', 0),
	(2508, 103, 139, 'saumottinhyeu@yahoo.com', 0),
	(2509, 102, 139, '06/05/2010', 0),
	(2510, 19, 139, '75', 0),
	(2511, 20, 139, '235', 0),
	(2512, 82, 139, '149', 0),
	(2513, 92, 139, '', 0),
	(2514, 83, 139, '160', 0),
	(2515, 90, 139, '', 0),
	(2516, 91, 139, '', 0),
	(2517, 86, 139, '219', 0),
	(2518, 114, 139, '', 0),
	(2519, 112, 140, 'Tô Trọng Phi', 0),
	(2520, 110, 140, '1982', 0),
	(2521, 109, 140, '460', 0),
	(2522, 108, 140, '457', 0),
	(2523, 107, 140, 'Hiển Văn, Phổ Hòa, Đức Phổ, Quảng Nam\n', 0),
	(2524, 106, 140, '11/3 Đốc phủ lý, Cần Giuộc, Long An\n', 0),
	(2525, 104, 140, '0956931019', 0),
	(2526, 105, 140, '0956931019', 0),
	(2527, 103, 140, '', 0),
	(2528, 102, 140, '', 0),
	(2529, 19, 140, '75', 0),
	(2530, 20, 140, '125', 0),
	(2531, 82, 140, '153', 0),
	(2532, 92, 140, 'Xử lý ảnh bằng Photoshop, lắp ráp chạy chương trình', 0),
	(2533, 83, 140, '160', 0),
	(2534, 90, 140, '', 0),
	(2535, 91, 140, '', 0),
	(2536, 85, 140, '208', 0),
	(2537, 86, 140, '219', 0),
	(2538, 114, 140, '', 0),
	(2539, 88, 140, '296', 1),
	(2540, 88, 140, '300', 1),
	(2541, 112, 141, 'Phạm Văn Lực', 0),
	(2542, 110, 141, '1990', 0),
	(2543, 109, 141, '459', 0),
	(2544, 108, 141, '457', 0),
	(2545, 107, 141, 'Nhơn Nghĩa Tây, Nhơn Phúc, An Nhơn, Bình Định\n', 0),
	(2546, 106, 141, 'Trại 25 BV Chợ Rẫy\n\n', 0),
	(2547, 104, 141, '0933874501', 0),
	(2548, 105, 141, '0933874501', 0),
	(2549, 103, 141, '', 0),
	(2550, 102, 141, '', 0),
	(2551, 19, 141, '75', 0),
	(2552, 20, 141, '235', 0),
	(2553, 82, 141, '151', 0),
	(2554, 92, 141, '', 0),
	(2555, 83, 141, '160', 0),
	(2556, 90, 141, '', 0),
	(2557, 91, 141, '', 0),
	(2558, 86, 141, '219', 0),
	(2559, 114, 141, '', 0),
	(2560, 112, 142, 'Mai Văn Cường', 0),
	(2561, 110, 142, '1983', 0),
	(2562, 109, 142, '460', 0),
	(2563, 108, 142, '457', 0),
	(2564, 107, 142, 'P.Phước Long A, Q.9\n', 0),
	(2565, 106, 142, '', 0),
	(2566, 104, 142, '', 0),
	(2567, 105, 142, '', 0),
	(2568, 103, 142, '', 0),
	(2569, 102, 142, '', 0),
	(2570, 19, 142, '75', 0),
	(2571, 20, 142, '125', 0),
	(2572, 82, 142, '153', 0),
	(2573, 92, 142, 'cơ khí, đồ họa', 0),
	(2574, 83, 142, '164', 0),
	(2575, 90, 142, '', 0),
	(2576, 91, 142, '', 0),
	(2577, 86, 142, '219', 0),
	(2578, 114, 142, '', 0),
	(2579, 88, 142, '296', 1),
	(2580, 88, 142, '300', 1),
	(2581, 112, 143, 'Huỳnh Bình Hán', 0),
	(2582, 110, 143, '1962', 0),
	(2583, 109, 143, '461', 0),
	(2584, 108, 143, '457', 0),
	(2585, 107, 143, '26/11 Âu Cơ, P.9, Q.Tân Bình (số cũ)\n', 0),
	(2586, 106, 143, '26/11 Âu Cơ, P.9, Q.Tân Bình (số cũ)\n', 0),
	(2587, 104, 143, '', 0),
	(2588, 105, 143, '38603659', 0),
	(2589, 103, 143, '', 0),
	(2590, 102, 143, '03/08/2009', 0),
	(2591, 19, 143, '75', 0),
	(2592, 20, 143, '232', 0),
	(2593, 82, 143, '149', 0),
	(2594, 92, 143, '', 0),
	(2595, 83, 143, '160', 0),
	(2596, 90, 143, '', 0),
	(2597, 91, 143, '', 0),
	(2598, 86, 143, '219', 0),
	(2599, 114, 143, '', 0),
	(2600, 112, 144, 'Phạm Quốc Thắng', 0),
	(2601, 110, 144, '1977', 0),
	(2602, 109, 144, '461', 0),
	(2603, 108, 144, '457', 0),
	(2604, 107, 144, '\nTổ 14, ấp 6, xã Xuân Thới Sơn\n', 0),
	(2605, 106, 144, 'Tổ 14, ấp 6, xã Xuân Thới Sơn\n', 0),
	(2606, 104, 144, '', 0),
	(2607, 105, 144, '0935599844', 0),
	(2608, 103, 144, '', 0),
	(2609, 102, 144, '03/08/2009', 0),
	(2610, 19, 144, '75', 0),
	(2611, 20, 144, '233', 0),
	(2612, 22, 144, '20', 0),
	(2613, 82, 144, '149', 0),
	(2614, 92, 144, '', 0),
	(2615, 83, 144, '160', 0),
	(2616, 90, 144, '', 0),
	(2617, 91, 144, '', 0),
	(2618, 86, 144, '219', 0),
	(2619, 114, 144, '', 0),
	(2620, 112, 145, 'Bùi Thị Nguyệt Nga', 0),
	(2621, 110, 145, '1982', 0),
	(2622, 109, 145, '460', 0),
	(2623, 108, 145, '458', 0),
	(2624, 107, 145, '71/3 Bùi Đình Túy, P.12, Q.Bình Thạnh\n', 0),
	(2625, 106, 145, '71/3 Bùi Đình Túy, P.12, Q.Bình Thạnh\n', 0),
	(2626, 104, 145, '', 0),
	(2627, 105, 145, '01695148713', 0),
	(2628, 103, 145, 'btngnga@yahoo.com.vn', 0),
	(2629, 102, 145, '20/08/2009', 0),
	(2630, 19, 145, '75', 0),
	(2631, 82, 145, '151', 0),
	(2632, 92, 145, 'KTV đồ họa (Corel, Pho, Flash, Design, Web, Template)', 0),
	(2633, 83, 145, '160', 0),
	(2634, 90, 145, '', 0),
	(2635, 91, 145, '', 0),
	(2636, 86, 145, '219', 0),
	(2637, 114, 145, '', 0),
	(2638, 112, 146, 'Phương', 0),
	(2639, 110, 146, '1981', 0),
	(2640, 109, 146, '460', 0),
	(2641, 108, 146, '457', 0),
	(2642, 107, 146, '25 Kha Vạn Cân\n', 0),
	(2643, 106, 146, '25 Kha Vạn Cân\n', 0),
	(2644, 104, 146, '', 0),
	(2645, 105, 146, '01268632123', 0),
	(2646, 103, 146, '', 0),
	(2647, 102, 146, '20/08/2009', 0),
	(2648, 19, 146, '75', 0),
	(2649, 20, 146, '233', 0),
	(2650, 20, 146, '235', 0),
	(2651, 82, 146, '149', 0),
	(2652, 92, 146, '', 0),
	(2653, 83, 146, '160', 0),
	(2654, 90, 146, '', 0),
	(2655, 91, 146, '', 0),
	(2656, 86, 146, '219', 0),
	(2657, 114, 146, '', 0),
	(2658, 112, 147, 'Nguyễn Thị Thiết', 0),
	(2659, 110, 147, '1984', 0),
	(2660, 109, 147, '460', 0),
	(2661, 108, 147, '458', 0),
	(2662, 107, 147, 'Bình Thuận\n', 0),
	(2663, 106, 147, 'Bình Thuận\n', 0),
	(2664, 104, 147, '', 0),
	(2665, 105, 147, '', 0),
	(2666, 103, 147, '', 0),
	(2667, 102, 147, '', 0),
	(2668, 19, 147, '75', 0),
	(2669, 20, 147, '125', 0),
	(2670, 21, 147, '145', 0),
	(2671, 82, 147, '149', 0),
	(2672, 92, 147, '', 0),
	(2673, 83, 147, '160', 0),
	(2674, 90, 147, '', 0),
	(2675, 91, 147, '21/08/2009', 0),
	(2676, 86, 147, '219', 0),
	(2677, 114, 147, '', 0),
	(2678, 112, 148, 'Trần Thị Nga', 0),
	(2679, 110, 148, '1984', 0),
	(2680, 109, 148, '460', 0),
	(2681, 108, 148, '458', 0),
	(2682, 107, 148, 'Dak Lak\n', 0),
	(2683, 106, 148, 'Dak Lak\n', 0),
	(2684, 104, 148, '', 0),
	(2685, 105, 148, '01676757656', 0),
	(2686, 103, 148, '', 0),
	(2687, 102, 148, '24/08/2009', 0),
	(2688, 19, 148, '75', 0),
	(2689, 82, 148, '153', 0),
	(2690, 92, 148, 'Kế toán doanh nghiệp', 0),
	(2691, 83, 148, '168', 0),
	(2692, 90, 148, '', 0),
	(2693, 91, 148, '', 0),
	(2694, 85, 148, '469', 0),
	(2695, 86, 148, '219', 0),
	(2696, 93, 148, '287', 0),
	(2697, 93, 148, '498', 0),
	(2698, 114, 148, '', 0),
	(2699, 112, 149, 'Nguyễn Thị Trúc Phương', 0),
	(2700, 110, 149, '1985', 0),
	(2701, 109, 149, '460', 0),
	(2702, 108, 149, '458', 0),
	(2703, 107, 149, 'Quảng Nam\n', 0),
	(2704, 106, 149, '137/8 Phan Xích Long, P.12, Q.Phú Nhuận\n', 0),
	(2705, 104, 149, '', 0),
	(2706, 105, 149, '01692809705', 0),
	(2707, 103, 149, '', 0),
	(2708, 102, 149, '24/08/2009', 0),
	(2709, 19, 149, '75', 0),
	(2710, 20, 149, '123', 0),
	(2711, 82, 149, '154', 0),
	(2712, 92, 149, 'Kế toán doanh nghiệp', 0),
	(2713, 83, 149, '168', 0),
	(2714, 90, 149, '', 0),
	(2715, 91, 149, '', 0),
	(2716, 86, 149, '219', 0),
	(2717, 93, 149, '265', 1),
	(2718, 114, 149, '', 0),
	(2719, 112, 150, 'Nguyễn Văn Tuấn', 0),
	(2720, 110, 150, '1979', 0),
	(2721, 109, 150, '461', 0),
	(2722, 108, 150, '457', 0),
	(2723, 107, 150, '89A1 KP7, P. Tân Hưng Thuận, Q.12\n', 0),
	(2724, 106, 150, '89A1 KP7, P. Tân Hưng Thuận, Q.12\n', 0),
	(2725, 104, 150, '', 0),
	(2726, 105, 150, '0975295146', 0),
	(2727, 103, 150, '', 0),
	(2728, 102, 150, '14/09/2009', 0),
	(2729, 19, 150, '75', 0),
	(2730, 20, 150, '235', 0),
	(2731, 82, 150, '149', 0),
	(2732, 92, 150, '', 0),
	(2733, 83, 150, '160', 0),
	(2734, 90, 150, '', 0),
	(2735, 91, 150, '', 0),
	(2736, 86, 150, '219', 0),
	(2737, 114, 150, '', 0),
	(2738, 112, 151, 'Huỳnh Thị Thu', 0),
	(2739, 110, 151, '1984', 0),
	(2740, 109, 151, '460', 0),
	(2741, 108, 151, '458', 0),
	(2742, 107, 151, 'Phú Yên\n', 0),
	(2743, 106, 151, '71/3 Bùi Đình Túy, P.12, Q.Bình Thạnh\n', 0),
	(2744, 104, 151, '', 0),
	(2745, 105, 151, '01283327450', 0),
	(2746, 103, 151, 'huynhthu_2009@yahoo.com', 0),
	(2747, 102, 151, '18/09/2009', 0),
	(2748, 19, 151, '75', 0),
	(2749, 20, 151, '233', 0),
	(2750, 82, 151, '151', 0),
	(2751, 92, 151, 'Kế toán doanh nghiệp', 0),
	(2752, 83, 151, '164', 0),
	(2753, 90, 151, '', 0),
	(2754, 91, 151, '', 0),
	(2755, 85, 151, '188', 1),
	(2756, 86, 151, '219', 0),
	(2757, 93, 151, '265', 1),
	(2758, 114, 151, '', 0),
	(2759, 88, 151, '300', 0),
	(2760, 112, 152, 'Phạm Quốc Vĩnh', 0),
	(2761, 110, 152, '1979', 0),
	(2762, 109, 152, '461', 0),
	(2763, 108, 152, '457', 0),
	(2764, 107, 152, 'Tây Ninh\n', 0),
	(2765, 106, 152, '', 0),
	(2766, 104, 152, '', 0),
	(2767, 105, 152, '01654066386', 0),
	(2768, 103, 152, '', 0),
	(2769, 102, 152, '21/09/2009', 0),
	(2770, 19, 152, '75', 0),
	(2771, 20, 152, '232', 0),
	(2772, 113, 152, '535', 0),
	(2773, 82, 152, '149', 0),
	(2774, 92, 152, '', 0),
	(2775, 83, 152, '160', 0),
	(2776, 90, 152, '', 0),
	(2777, 91, 152, '', 0),
	(2778, 86, 152, '219', 0),
	(2779, 114, 152, '', 0),
	(2780, 112, 153, 'Võ Lê Anh Thư', 0),
	(2781, 110, 153, '1979', 0),
	(2782, 109, 153, '461', 0),
	(2783, 108, 153, '458', 0),
	(2784, 107, 153, '65 Nguyễn Thượng Hiền, P.15, Q.Bình Thạnh\n', 0),
	(2785, 106, 153, '65 Nguyễn Thượng Hiền, P.15, Q.Bình Thạnh\n', 0),
	(2786, 104, 153, '38415467', 0),
	(2787, 105, 153, '', 0),
	(2788, 103, 153, '', 0),
	(2789, 102, 153, '21/09/2009', 0),
	(2790, 19, 153, '75', 0),
	(2791, 20, 153, '233', 0),
	(2792, 21, 153, '131', 0),
	(2793, 82, 153, '151', 0),
	(2794, 92, 153, 'Đồ họa', 0),
	(2795, 83, 153, '164', 0),
	(2796, 90, 153, '', 0),
	(2797, 91, 153, '', 0),
	(2798, 86, 153, '219', 0),
	(2799, 114, 153, '', 0),
	(2800, 88, 153, '300', 0),
	(2801, 112, 154, 'Đinh Thị Thu An', 0),
	(2802, 110, 154, '1986', 0),
	(2803, 109, 154, '460', 0),
	(2804, 108, 154, '458', 0),
	(2805, 107, 154, '80 Tổ 4 Hương Lộ 3, An Châu, Châu Thành\n', 0),
	(2806, 106, 154, 'TT Dạy nghề NKT&TMC; Hóc Môn\n', 0),
	(2807, 104, 154, '', 0),
	(2808, 105, 154, '01666619716', 0),
	(2809, 103, 154, '', 0),
	(2810, 102, 154, '02/10/2009', 0),
	(2811, 19, 154, '75', 0),
	(2812, 20, 154, '233', 0),
	(2813, 82, 154, '151', 0),
	(2814, 92, 154, 'Kế toán', 0),
	(2815, 83, 154, '164', 0),
	(2816, 90, 154, '', 0),
	(2817, 91, 154, '', 0),
	(2818, 85, 154, '194', 0),
	(2819, 86, 154, '219', 0),
	(2820, 93, 154, '276', 0),
	(2821, 114, 154, '', 0),
	(2822, 112, 155, 'Trần Thị Thu Thanh', 0),
	(2823, 110, 155, '1987', 0),
	(2824, 109, 155, '460', 0),
	(2825, 108, 155, '458', 0),
	(2826, 107, 155, 'Đồng Nai\n', 0),
	(2827, 106, 155, '', 0),
	(2828, 104, 155, '', 0),
	(2829, 105, 155, '01225629495', 0),
	(2830, 103, 155, 'tranthanh.ctttt@gmail.com', 0),
	(2831, 102, 155, '02/10/2009', 0),
	(2832, 19, 155, '73', 1),
	(2833, 19, 155, '75', 1),
	(2834, 20, 155, '114', 0),
	(2835, 20, 155, '232', 0),
	(2836, 82, 155, '153', 0),
	(2837, 92, 155, 'Đồ họa', 0),
	(2838, 83, 155, '160', 0),
	(2839, 90, 155, '', 0),
	(2840, 91, 155, '', 0),
	(2841, 86, 155, '219', 0),
	(2842, 93, 155, '276', 0),
	(2843, 114, 155, '', 0),
	(2844, 88, 155, '300', 0),
	(2845, 112, 156, 'Trần Thị Xuân Liễu', 0),
	(2846, 110, 156, '1988', 0),
	(2847, 109, 156, '459', 0),
	(2848, 108, 156, '457', 0),
	(2849, 107, 156, 'Khánh Hòa\n', 0),
	(2850, 106, 156, '324/32C Tôn Thất Thuyết, P.1, Q.4\n', 0),
	(2851, 104, 156, '', 0),
	(2852, 105, 156, '01998323856', 0),
	(2853, 103, 156, 'xuanlieu.tranthi@gmail.com', 0),
	(2854, 102, 156, '03/11/2009', 0),
	(2855, 19, 156, '75', 0),
	(2856, 20, 156, '123', 0),
	(2857, 82, 156, '151', 0),
	(2858, 92, 156, 'Kế toán', 0),
	(2859, 83, 156, '164', 0),
	(2860, 90, 156, '', 0),
	(2861, 91, 156, '', 0),
	(2862, 85, 156, '188', 1),
	(2863, 86, 156, '219', 0),
	(2864, 93, 156, '265', 1),
	(2865, 93, 156, '276', 1),
	(2866, 114, 156, '', 0),
	(2867, 112, 157, 'Hoàng Văn Dũng', 0),
	(2868, 110, 157, '1989', 0),
	(2869, 109, 157, '460', 0),
	(2870, 108, 157, '457', 0),
	(2871, 107, 157, '1721 ấp 2, P.Hiệp An, TX TDM, Bình Dương\n', 0),
	(2872, 106, 157, '502 Đỗ Xuân Hợp, P.Phước Bình, Q.9\n', 0),
	(2873, 104, 157, '', 0),
	(2874, 105, 157, '', 0),
	(2875, 103, 157, '', 0),
	(2876, 102, 157, '04/11/2009', 0),
	(2877, 19, 157, '75', 0),
	(2878, 20, 157, '232', 0),
	(2879, 82, 157, '151', 0),
	(2880, 92, 157, 'Quản trị mạng', 0),
	(2881, 83, 157, '160', 0),
	(2882, 90, 157, '', 0),
	(2883, 91, 157, '', 0),
	(2884, 86, 157, '219', 0),
	(2885, 93, 157, '523', 0),
	(2886, 114, 157, '', 0),
	(2887, 112, 158, 'Đậu Đức Duẩn', 0),
	(2888, 110, 158, '1984', 0),
	(2889, 109, 158, '460', 0),
	(2890, 108, 158, '457', 0),
	(2891, 107, 158, 'Nghệ An\n', 0),
	(2892, 106, 158, 'Bình Chiểu, Thủ Đức\n', 0),
	(2893, 104, 158, '', 0),
	(2894, 105, 158, '0987694008', 0),
	(2895, 103, 158, 'ducduanhd@yahoo.com.vn', 0),
	(2896, 102, 158, '05/11/2009', 0),
	(2897, 19, 158, '75', 0),
	(2898, 20, 158, '235', 0),
	(2899, 82, 158, '151', 0),
	(2900, 92, 158, 'Đồ họa', 0),
	(2901, 83, 158, '160', 0),
	(2902, 90, 158, '', 0),
	(2903, 91, 158, '', 0),
	(2904, 86, 158, '219', 0),
	(2905, 93, 158, '276', 0),
	(2906, 114, 158, '', 0),
	(2907, 88, 158, '300', 0),
	(2908, 112, 159, 'Lưu Huy Tài ', 0),
	(2909, 110, 159, '1981', 0),
	(2910, 109, 159, '460', 0),
	(2911, 108, 159, '457', 0),
	(2912, 107, 159, '259 Phan Văn Khỏe, P.5, Q.6\n', 0),
	(2913, 106, 159, '259 Phan Văn Khỏe, P.5, Q.6\n', 0),
	(2914, 104, 159, '', 0),
	(2915, 105, 159, '0952160110', 0),
	(2916, 103, 159, 'ut_tai81@yahoo.com', 0),
	(2917, 102, 159, '07/11/2009', 0),
	(2918, 19, 159, '75', 0),
	(2919, 20, 159, '233', 0),
	(2920, 82, 159, '151', 0),
	(2921, 92, 159, 'Đồ họa', 0),
	(2922, 83, 159, '160', 0),
	(2923, 90, 159, '', 0),
	(2924, 91, 159, '', 0),
	(2925, 86, 159, '219', 0),
	(2926, 114, 159, '', 0),
	(2927, 112, 160, 'Lưu Huỳnh Hậu Giang', 0),
	(2928, 110, 160, '1984', 0),
	(2929, 109, 160, '460', 0),
	(2930, 108, 160, '457', 0),
	(2931, 107, 160, 'Sóc Trăng\n', 0),
	(2932, 106, 160, '71/3 Bùi Đình Túy, P.12, Q.Bình Thạnh\n', 0),
	(2933, 104, 160, '', 0),
	(2934, 105, 160, '0937867185', 0),
	(2935, 103, 160, 'minhgiang71@gmail.com', 0),
	(2936, 102, 160, '13/11/2009', 0),
	(2937, 19, 160, '75', 0),
	(2938, 20, 160, '232', 0),
	(2939, 82, 160, '155', 0),
	(2940, 92, 160, 'Tin học', 0),
	(2941, 83, 160, '168', 0),
	(2942, 90, 160, '', 0),
	(2943, 91, 160, '', 0),
	(2944, 86, 160, '219', 0),
	(2945, 93, 160, '285', 0),
	(2946, 114, 160, '', 0),
	(2947, 88, 160, '296', 1),
	(2948, 112, 161, 'Hồ Thanh Phong', 0),
	(2949, 110, 161, '1986', 0),
	(2950, 109, 161, '460', 0),
	(2951, 108, 161, '457', 0),
	(2952, 107, 161, '43/7 Phan Xích Long, P.3, Q.Phú Nhuận\n', 0),
	(2953, 106, 161, '43/7 Phan Xích Long, P.3, Q.Phú Nhuận\n', 0),
	(2954, 104, 161, '', 0),
	(2955, 105, 161, '0909503653', 0),
	(2956, 103, 161, 'vengaboy_vnn@yahoo.com', 0),
	(2957, 102, 161, '19/11/2009', 0),
	(2958, 19, 161, '75', 0),
	(2959, 20, 161, '235', 0),
	(2960, 82, 161, '151', 0),
	(2961, 92, 161, 'Photoshop căn bản, AI căn bản, Corel', 0),
	(2962, 83, 161, '160', 0),
	(2963, 90, 161, '', 0),
	(2964, 91, 161, '', 0),
	(2965, 86, 161, '219', 0),
	(2966, 93, 161, '285', 0),
	(2967, 114, 161, '', 0),
	(2968, 88, 161, '296', 1),
	(2969, 88, 161, '300', 1),
	(2970, 112, 162, 'Nguyễn Thị Hương', 0),
	(2971, 110, 162, '1985', 0),
	(2972, 109, 162, '460', 0),
	(2973, 108, 162, '458', 0),
	(2974, 107, 162, 'Dak Lak\n', 0),
	(2975, 106, 162, '119 Trần Hưng Đạo, Q.1\n', 0),
	(2976, 104, 162, '', 0),
	(2977, 105, 162, '0908627590', 0),
	(2978, 103, 162, 'huongluckystar2005@yahoo.com', 0),
	(2979, 102, 162, '19/11/2009', 0),
	(2980, 19, 162, '75', 0),
	(2981, 20, 162, '123', 0),
	(2982, 82, 162, '155', 0),
	(2983, 92, 162, 'Công nghệ thông tin', 0),
	(2984, 83, 162, '165', 0),
	(2985, 90, 162, '', 0),
	(2986, 91, 162, '', 0),
	(2987, 86, 162, '219', 0),
	(2988, 93, 162, '285', 0),
	(2989, 114, 162, '', 0),
	(2990, 88, 162, '296', 1),
	(2991, 112, 163, 'Lương Thị Phương', 0),
	(2992, 110, 163, '1982', 0),
	(2993, 109, 163, '460', 0),
	(2994, 108, 163, '458', 0),
	(2995, 107, 163, 'Thanh Hóa\n', 0),
	(2996, 106, 163, '', 0),
	(2997, 104, 163, '', 0),
	(2998, 105, 163, '01264500959', 0),
	(2999, 103, 163, '', 0),
	(3000, 102, 163, '23/11/2009', 0),
	(3001, 82, 163, '149', 0),
	(3002, 92, 163, '', 0),
	(3003, 83, 163, '160', 0),
	(3004, 90, 163, '', 0),
	(3005, 91, 163, '', 0),
	(3006, 86, 163, '219', 0),
	(3007, 93, 163, '276', 0),
	(3008, 114, 163, '', 0),
	(3009, 112, 164, 'Lê Anh Tuấn', 0),
	(3010, 110, 164, '1989', 0),
	(3011, 109, 164, '460', 0),
	(3012, 108, 164, '457', 0),
	(3013, 107, 164, '87A4 Hòa Hưng, P.12, Q.10\n', 0),
	(3014, 106, 164, '87A4 Hòa Hưng, P.12, Q.10\n', 0),
	(3015, 104, 164, '', 0),
	(3016, 105, 164, '01679502073 hoặc 01668571662', 0),
	(3017, 103, 164, '', 0),
	(3018, 102, 164, '', 0),
	(3019, 82, 164, '149', 0),
	(3020, 92, 164, '', 0),
	(3021, 83, 164, '160', 0),
	(3022, 90, 164, '', 0),
	(3023, 91, 164, '', 0),
	(3024, 86, 164, '219', 0),
	(3025, 114, 164, '', 0),
	(3026, 112, 165, 'Nguyễn Hoài Linh', 0),
	(3027, 110, 165, '1980', 0),
	(3028, 109, 165, '460', 0),
	(3029, 108, 165, '457', 0),
	(3030, 107, 165, 'Quảng Nam\n', 0),
	(3031, 106, 165, 'Tổ 5, Khóm 5, Núi Thành, Quảng Nam\n', 0),
	(3032, 104, 165, '', 0),
	(3033, 105, 165, '0974471980', 0),
	(3034, 103, 165, 'linhnguyenhoai66198@yahoo.com', 0),
	(3035, 102, 165, '01/12/2009', 0),
	(3036, 19, 165, '75', 0),
	(3037, 20, 165, '232', 0),
	(3038, 82, 165, '149', 0),
	(3039, 92, 165, '', 0),
	(3040, 83, 165, '160', 0),
	(3041, 90, 165, '', 0),
	(3042, 91, 165, '', 0),
	(3043, 86, 165, '219', 0),
	(3044, 93, 165, '524', 0),
	(3045, 114, 165, '', 0),
	(3046, 112, 166, 'Nguyễn Văn Tùng', 0),
	(3047, 110, 166, '1984', 0),
	(3048, 109, 166, '460', 0),
	(3049, 108, 166, '457', 0),
	(3050, 107, 166, 'Thanh Hóa\n', 0),
	(3051, 106, 166, '192/1E ấp Tam Đông, Thới Tam Thôn, Hóc Môn\n', 0),
	(3052, 104, 166, '', 0),
	(3053, 105, 166, '0915083537', 0),
	(3054, 103, 166, 'thanhtung054xh@yahoo.com.vn', 0),
	(3055, 102, 166, '29/12/2009', 0),
	(3056, 19, 166, '75', 0),
	(3057, 82, 166, '155', 0),
	(3058, 92, 166, 'Xã hội học', 0),
	(3059, 83, 166, '165', 0),
	(3060, 90, 166, '', 0),
	(3061, 91, 166, '', 0),
	(3062, 86, 166, '219', 0),
	(3063, 93, 166, '517', 0),
	(3064, 114, 166, '', 0),
	(3065, 88, 166, '311', 0),
	(3066, 112, 167, 'Hồ Sỹ Hiền', 0),
	(3067, 110, 167, '1986', 0),
	(3068, 109, 167, '460', 0),
	(3069, 108, 167, '457', 0),
	(3070, 107, 167, 'Nghệ An\n', 0),
	(3071, 106, 167, '', 0),
	(3072, 104, 167, '', 0),
	(3073, 105, 167, '0988567690', 0),
	(3074, 103, 167, 'hosylyhien@yahoo.com', 0),
	(3075, 102, 167, '30/12/2009', 0),
	(3076, 19, 167, '75', 0),
	(3077, 20, 167, '123', 0),
	(3078, 82, 167, '155', 0),
	(3079, 92, 167, 'Việt nam học', 0),
	(3080, 83, 167, '165', 0),
	(3081, 90, 167, '', 0),
	(3082, 91, 167, '', 0),
	(3083, 86, 167, '219', 0),
	(3084, 114, 167, '', 0),
	(3142, 82, 170, '155', 0),
	(3143, 92, 170, 'CNTT, thiết kế đồ họa, quản trị mạng', 0),
	(3144, 83, 170, '165', 0),
	(3145, 90, 170, '', 0),
	(3146, 91, 170, '', 0),
	(3147, 86, 170, '219', 0),
	(3148, 93, 170, '285', 0),
	(3149, 114, 170, '', 0),
	(3150, 88, 170, '296', 1),
	(3151, 88, 170, '300', 1),
	(3152, 112, 171, 'Nguyễn Lê Phước', 0),
	(3153, 110, 171, '1982', 0),
	(3154, 109, 171, '460', 0),
	(3155, 108, 171, '457', 0),
	(3156, 107, 171, 'Long An\n', 0),
	(3157, 106, 171, '293 Nguyễn Thiện Thuật, F.1, Q.3\n', 0),
	(3158, 104, 171, '', 0),
	(3159, 105, 171, '01214702870', 0),
	(3160, 103, 171, '', 0),
	(3161, 102, 171, '17/01/2010', 0),
	(3162, 19, 171, '108', 0),
	(3163, 82, 171, '154', 0),
	(3164, 92, 171, 'Gia công chi tiết máy, tủ điện', 0),
	(3165, 83, 171, '165', 0),
	(3166, 90, 171, '', 0),
	(3167, 91, 171, '', 0),
	(3168, 85, 171, '193', 0),
	(3169, 86, 171, '219', 0),
	(3170, 93, 171, '270', 0),
	(3171, 114, 171, '', 0),
	(3172, 112, 172, 'Trần Thị Nga', 0),
	(3173, 110, 172, '1984', 0),
	(3174, 109, 172, '460', 0),
	(3175, 108, 172, '458', 0),
	(3176, 107, 172, 'Hà Tĩnh\n', 0),
	(3177, 106, 172, 'Trường CĐNKTCN, 502 Đỗ Xuân Hợp, F.Phước Bình, Q.9\n', 0),
	(3178, 104, 172, '', 0),
	(3179, 105, 172, '01676757656', 0),
	(3180, 103, 172, 'tranngaphonui@yahoo.com', 0),
	(3181, 102, 172, '15/03/2010', 0),
	(3182, 19, 172, '75', 0),
	(3183, 20, 172, '233', 0),
	(3184, 82, 172, '154', 0),
	(3185, 92, 172, 'Kế toán doanh nghiệp', 0),
	(3186, 83, 172, '165', 0),
	(3187, 90, 172, '', 0),
	(3188, 91, 172, '', 0),
	(3189, 85, 172, '493', 0),
	(3190, 86, 172, '219', 0),
	(3191, 93, 172, '265', 1),
	(3192, 114, 172, '', 0),
	(3193, 88, 172, '298', 0),
	(3194, 112, 173, 'Nguyễn Thị Trúc Phương', 0),
	(3195, 110, 173, '1985', 0),
	(3196, 109, 173, '460', 0),
	(3197, 108, 173, '458', 0),
	(3198, 107, 173, 'Quảng Ngãi\n', 0),
	(3199, 106, 173, '317/2A Phan Xích Long, F.2, Q.Phú Nhuận\n', 0),
	(3200, 104, 173, '', 0),
	(3201, 105, 173, '01692809705', 0),
	(3202, 103, 173, '', 0),
	(3203, 102, 173, '15/03/2010', 0),
	(3204, 19, 173, '75', 0),
	(3205, 20, 173, '123', 0),
	(3206, 82, 173, '154', 0),
	(3207, 92, 173, 'Kế toán', 0),
	(3208, 83, 173, '165', 0),
	(3209, 90, 173, '', 0),
	(3210, 91, 173, '', 0),
	(3211, 86, 173, '219', 0),
	(3212, 93, 173, '265', 1),
	(3213, 93, 173, '276', 1),
	(3214, 114, 173, '', 0),
	(3215, 112, 174, 'Trần Anh Tuấn', 0),
	(3216, 110, 174, '1984', 0),
	(3217, 109, 174, '460', 0),
	(3218, 108, 174, '457', 0),
	(3219, 107, 174, 'Tp.HCM\n', 0),
	(3220, 106, 174, '162/31 Phan Đăng Lưu, F.3, Q.Phú Nhuận\n', 0),
	(3221, 104, 174, '38451257', 0),
	(3222, 105, 174, '01254509095 ', 0),
	(3223, 103, 174, 'anhtuantran198425@yahoo.com', 0),
	(3224, 102, 174, '17/03/2010', 0),
	(3225, 19, 174, '75', 0),
	(3226, 21, 174, '135', 0),
	(3227, 82, 174, '155', 0),
	(3228, 92, 174, 'Công nghệ thông tin', 0),
	(3229, 83, 174, '165', 0),
	(3230, 90, 174, 'ĐH KTCN TPHCM (Trung cấp)', 0),
	(3231, 91, 174, '', 0),
	(3232, 86, 174, '219', 0),
	(3233, 93, 174, '285', 0),
	(3234, 114, 174, '', 0),
	(3235, 88, 174, '296', 1),
	(3236, 112, 175, 'Phạm Hồng Nhung', 0),
	(3237, 110, 175, '1991', 0),
	(3238, 109, 175, '459', 0),
	(3239, 108, 175, '458', 0),
	(3240, 107, 175, 'Tp.HCM\n', 0),
	(3241, 106, 175, '260/44A Nguyễn Thái Bình, F.12, Q.Tân Bình\n', 0),
	(3242, 104, 175, '', 0),
	(3243, 105, 175, '01677 698 027', 0),
	(3244, 103, 175, 'juliet_rosy91@yahoo.com', 0),
	(3245, 102, 175, '20/03/2010', 0),
	(3246, 19, 175, '73', 1),
	(3247, 19, 175, '75', 1),
	(3248, 20, 175, '117', 0),
	(3249, 20, 175, '123', 0),
	(3250, 82, 175, '150', 0),
	(3251, 92, 175, '', 0),
	(3252, 83, 175, '160', 0),
	(3253, 90, 175, '', 0),
	(3254, 91, 175, '', 0),
	(3255, 86, 175, '219', 0),
	(3256, 114, 175, '', 0),
	(3257, 112, 176, 'Nguyễn Thị Thanh Thúy', 0),
	(3258, 110, 176, '1987', 0),
	(3259, 109, 176, '460', 0),
	(3260, 108, 176, '458', 0),
	(3261, 107, 176, 'Bình Định\n', 0),
	(3262, 106, 176, '27B Bùi Thị Xuân, F.12, Q.Tân Bình\n', 0),
	(3263, 104, 176, '', 0),
	(3264, 105, 176, '0938 473 882', 0),
	(3265, 103, 176, 'sweetlove_0468@yahoo.com', 0),
	(3266, 102, 176, '24/03/2010', 0),
	(3267, 19, 176, '75', 0),
	(3268, 20, 176, '233', 0),
	(3269, 21, 176, '131', 0),
	(3270, 82, 176, '154', 0),
	(3271, 92, 176, 'Kế toán DN', 0),
	(3272, 83, 176, '165', 0),
	(3273, 90, 176, '', 0),
	(3274, 91, 176, '', 0),
	(3275, 85, 176, '188', 1),
	(3276, 86, 176, '219', 0),
	(3277, 93, 176, '265', 1),
	(3278, 114, 176, '', 0),
	(3279, 112, 177, 'Trần Thị Diệu Hiền', 0),
	(3280, 110, 177, '1981', 0),
	(3281, 109, 177, '460', 0),
	(3282, 108, 177, '458', 0),
	(3283, 107, 177, '244/3 Hồng Lạc, F11, Q.Tân Bình\n', 0),
	(3284, 106, 177, '244/3 Hồng Lạc, F11, Q.Tân Bình\n', 0),
	(3285, 104, 177, '2652730', 0),
	(3286, 105, 177, '01656 608 120', 0),
	(3287, 103, 177, 'hien.tran44@yahoo.com', 0),
	(3288, 102, 177, '01/04/2010', 0),
	(3289, 19, 177, '75', 0),
	(3290, 20, 177, '233', 0),
	(3291, 82, 177, '155', 0),
	(3292, 92, 177, 'Anh Văn', 0),
	(3293, 83, 177, '165', 0),
	(3294, 90, 177, 'ĐH KHXH&NV;', 0),
	(3295, 91, 177, '', 0),
	(3296, 85, 177, '196', 0),
	(3297, 86, 177, '219', 0),
	(3298, 93, 177, '507', 0),
	(3299, 114, 177, '', 0),
	(3300, 112, 178, 'Lê Hữu Tài', 0),
	(3301, 110, 178, '1985', 0),
	(3302, 109, 178, '460', 0),
	(3303, 108, 178, '457', 0),
	(3304, 107, 178, '923/13 Tân Kỳ Tân Quý, KP2, Q.Bình Tân\n', 0),
	(3305, 106, 178, '923/13 Tân Kỳ Tân Quý, KP2, Q.Bình Tân\n', 0),
	(3306, 104, 178, '', 0),
	(3307, 105, 178, '01688 012 257', 0),
	(3308, 103, 178, 'taile_496@yahoo.com', 0),
	(3309, 102, 178, '04/04/2010', 0),
	(3310, 19, 178, '75', 0),
	(3311, 20, 178, '232', 0),
	(3312, 113, 178, '536', 0),
	(3313, 82, 178, '154', 0),
	(3314, 92, 178, 'CNTT, Bác sĩ máy tính', 0),
	(3315, 83, 178, '165', 0),
	(3316, 90, 178, 'Ispace', 0),
	(3317, 91, 178, '', 0),
	(3318, 86, 178, '219', 0),
	(3319, 93, 178, '285', 0),
	(3320, 93, 178, '512', 0),
	(3321, 114, 178, '', 0),
	(3322, 88, 178, '296', 1),
	(3323, 112, 179, 'Huỳnh Thanh Trúc', 0),
	(3324, 110, 179, '1986', 0),
	(3325, 109, 179, '460', 0),
	(3326, 108, 179, '458', 0),
	(3327, 107, 179, 'Tiền Giang\n', 0),
	(3328, 106, 179, '', 0),
	(3329, 104, 179, '', 0),
	(3330, 105, 179, '01227 225 303', 0),
	(3331, 103, 179, 'baby.bambou@yahoo.com', 0),
	(3332, 102, 179, '18/04/2010', 0),
	(3333, 19, 179, '75', 0),
	(3334, 20, 179, '534', 0),
	(3335, 82, 179, '155', 0),
	(3336, 92, 179, 'Kế toán', 0),
	(3337, 83, 179, '165', 0),
	(3338, 90, 179, '', 0),
	(3339, 91, 179, '', 0),
	(3340, 85, 179, '188', 1),
	(3341, 86, 179, '219', 0),
	(3342, 93, 179, '265', 1),
	(3343, 114, 179, '', 0),
	(3344, 112, 180, 'Lê Văn Liễu', 0),
	(3345, 110, 180, '1983', 0),
	(3346, 109, 180, '460', 0),
	(3347, 108, 180, '457', 0),
	(3348, 107, 180, 'Nghệ An\n', 0),
	(3349, 106, 180, '217/A10 XVNT, F.17, Q.Bình Thạnh\n', 0),
	(3350, 104, 180, '', 0),
	(3351, 105, 180, '0973 556 844', 0),
	(3352, 103, 180, 'levanlieu2004@gmail.com', 0),
	(3353, 102, 180, '18/04/2010', 0),
	(3354, 19, 180, '75', 0),
	(3355, 20, 180, '534', 0),
	(3356, 82, 180, '155', 0),
	(3357, 92, 180, 'Lập trình', 0),
	(3358, 83, 180, '165', 0),
	(3359, 90, 180, 'ĐH DL V.Lang', 0),
	(3360, 91, 180, '', 0),
	(3361, 86, 180, '219', 0),
	(3362, 114, 180, '', 0),
	(3363, 88, 180, '296', 1),
	(3364, 112, 181, 'Nguyễn Thị Lan Thương', 0),
	(3365, 110, 181, '1978', 0),
	(3366, 109, 181, '461', 0),
	(3367, 108, 181, '458', 0),
	(3368, 107, 181, 'Kiên Giang\n', 0),
	(3369, 106, 181, '', 0),
	(3370, 104, 181, '', 0),
	(3371, 105, 181, '0916 660 562', 0),
	(3372, 103, 181, '', 0),
	(3373, 102, 181, '18/04/2010', 0),
	(3374, 19, 181, '75', 0),
	(3375, 20, 181, '232', 0),
	(3376, 82, 181, '149', 0),
	(3377, 92, 181, '', 0),
	(3378, 83, 181, '160', 0),
	(3379, 90, 181, '', 0),
	(3380, 91, 181, '', 0),
	(3381, 85, 181, '468', 0),
	(3382, 86, 181, '219', 0),
	(3383, 93, 181, '525', 0),
	(3384, 114, 181, '', 0),
	(3385, 112, 182, 'Nguyễn Cảnh Hữu', 0),
	(3386, 110, 182, '1960', 0),
	(3387, 109, 182, '461', 0),
	(3388, 108, 182, '457', 0),
	(3389, 107, 182, 'Huế\n', 0),
	(3390, 106, 182, '285/94F CMT8, F.12, Q.10\n', 0),
	(3391, 104, 182, '38 625 664', 0),
	(3392, 105, 182, '', 0),
	(3393, 103, 182, '', 0),
	(3394, 102, 182, '18/04/2010', 0),
	(3395, 82, 182, '149', 0),
	(3396, 92, 182, '', 0),
	(3397, 83, 182, '160', 0),
	(3398, 90, 182, '', 0),
	(3399, 91, 182, '', 0),
	(3400, 86, 182, '219', 0),
	(3401, 114, 182, '', 0),
	(3402, 112, 183, 'Trịnh Quý Phi', 0),
	(3403, 110, 183, '1983', 0),
	(3404, 109, 183, '460', 0),
	(3405, 108, 183, '458', 0),
	(3406, 107, 183, 'B231 Nguyễn Văn Quá, Q.12\n', 0),
	(3407, 106, 183, 'B231 Nguyễn Văn Quá, Q.12\n', 0),
	(3408, 104, 183, '', 0),
	(3409, 105, 183, '0933 130 683', 0),
	(3410, 103, 183, 'phi832002@yahoo.com', 0),
	(3411, 102, 183, '18/04/2010', 0),
	(3412, 19, 183, '75', 0),
	(3413, 82, 183, '154', 0),
	(3414, 92, 183, 'KTV tin học, đồ họa', 0),
	(3415, 83, 183, '165', 0),
	(3416, 90, 183, '', 0),
	(3417, 91, 183, '', 0),
	(3418, 85, 183, '489', 0),
	(3419, 86, 183, '219', 0),
	(3420, 93, 183, '276', 0),
	(3421, 114, 183, '', 0),
	(3422, 112, 184, 'Nguyễn Thụy Tố Trâm', 0),
	(3423, 110, 184, '1988', 0),
	(3424, 109, 184, '460', 0),
	(3425, 108, 184, '458', 0),
	(3426, 107, 184, 'Bến Tre\n', 0),
	(3427, 106, 184, '527/A1 Ấp 6, xã An Thủy, H.Ba Tri, Bến Tre\n', 0),
	(3428, 104, 184, '', 0),
	(3429, 105, 184, '01684 027 368', 0),
	(3430, 103, 184, 'thuytram1210@gmail.com', 0),
	(3431, 102, 184, '18/04/2010', 0),
	(3432, 19, 184, '74', 0),
	(3433, 20, 184, '121', 0),
	(3434, 82, 184, '155', 0),
	(3435, 92, 184, 'Công tác xã hội', 0),
	(3436, 83, 184, '165', 0),
	(3437, 90, 184, 'Đại học đồng tháp', 0),
	(3438, 91, 184, '', 0),
	(3439, 85, 184, '476', 0),
	(3440, 86, 184, '219', 0),
	(3441, 93, 184, '517', 0),
	(3442, 114, 184, '', 0),
	(3443, 112, 185, 'Lương Thị Ngọc Thúy', 0),
	(3444, 110, 185, '1983', 0),
	(3445, 109, 185, '460', 0),
	(3446, 108, 185, '458', 0),
	(3447, 107, 185, '83/18 Bạch Đằng, F.2, Q.Tân Bình\n', 0),
	(3448, 106, 185, '83/18 Bạch Đằng, F.2, Q.Tân Bình\n', 0),
	(3449, 104, 185, '38485938', 0),
	(3450, 105, 185, '0979 798 665 ', 0),
	(3451, 103, 185, 'luongthingocthuy@gmail.com', 0),
	(3452, 102, 185, '18/04/2010', 0),
	(3453, 19, 185, '75', 0),
	(3454, 82, 185, '154', 0),
	(3455, 92, 185, 'Thiết kế đồ họa', 0),
	(3456, 83, 185, '165', 0),
	(3457, 90, 185, '', 0),
	(3458, 91, 185, '', 0),
	(3459, 85, 185, '473', 0),
	(3460, 86, 185, '219', 0),
	(3461, 93, 185, '520', 0),
	(3462, 114, 185, '', 0),
	(3463, 88, 185, '300', 0),
	(3464, 112, 186, 'Trần Đỗ Uyên', 0),
	(3465, 110, 186, '1982', 0),
	(3466, 109, 186, '460', 0),
	(3467, 108, 186, '458', 0),
	(3468, 107, 186, '286/44 Bình Trị Đông A, Q.Bình Tân\n', 0),
	(3469, 106, 186, '286/44 Bình Trị Đông A, Q.Bình Tân\n', 0),
	(3470, 104, 186, '', 0),
	(3471, 105, 186, '01666 305 381', 0),
	(3472, 103, 186, '', 0),
	(3473, 102, 186, '18/04/2010', 0),
	(3474, 19, 186, '75', 0),
	(3475, 82, 186, '153', 0),
	(3476, 92, 186, 'Thiết kế QC', 0),
	(3477, 83, 186, '164', 0),
	(3478, 90, 186, 'TT KT dạy nghề Q.3', 0),
	(3479, 91, 186, '', 0),
	(3480, 86, 186, '219', 0),
	(3481, 93, 186, '287', 0),
	(3482, 114, 186, '', 0),
	(3483, 88, 186, '300', 0),
	(3484, 112, 187, 'Võ Thị Bích Lê', 0),
	(3485, 110, 187, '1987', 0),
	(3486, 109, 187, '460', 0),
	(3487, 108, 187, '458', 0),
	(3488, 107, 187, 'Tiền Giang\n', 0),
	(3489, 106, 187, 'Lớp CTXH 2006, ĐH Đồng Tháp\n', 0),
	(3490, 104, 187, '', 0),
	(3491, 105, 187, '0918 769 322', 0),
	(3492, 103, 187, 'vothibichle@gmail.com', 0),
	(3493, 102, 187, '18/04/2010', 0),
	(3494, 82, 187, '155', 0),
	(3495, 92, 187, 'Công tác xã hội', 0),
	(3496, 83, 187, '160', 0),
	(3497, 90, 187, '', 0),
	(3498, 91, 187, '', 0),
	(3499, 85, 187, '476', 0),
	(3500, 86, 187, '219', 0),
	(3501, 93, 187, '267', 0),
	(3502, 93, 187, '517', 0),
	(3503, 114, 187, '', 0),
	(3504, 88, 187, '304', 0),
	(3505, 112, 188, ' Huỳnh Trúc Lâm', 0),
	(3506, 110, 188, '1987', 0),
	(3507, 109, 188, '460', 0),
	(3508, 108, 188, '457', 0),
	(3509, 107, 188, 'Bến Tre\n', 0),
	(3510, 106, 188, 'F.Thới An, Q.12\n', 0),
	(3511, 104, 188, '', 0),
	(3512, 105, 188, '01225 193 558', 0),
	(3513, 103, 188, '', 0),
	(3514, 102, 188, '18/04/2010', 0),
	(3515, 19, 188, '75', 0),
	(3516, 82, 188, '149', 0),
	(3517, 92, 188, 'Điện tử', 0),
	(3518, 83, 188, '164', 0),
	(3519, 90, 188, '', 0),
	(3520, 91, 188, '', 0),
	(3521, 86, 188, '219', 0),
	(3522, 114, 188, '', 0),
	(3523, 112, 189, 'Dương Anh Mỹ', 0),
	(3524, 110, 189, '1987', 0),
	(3525, 109, 189, '460', 0),
	(3526, 108, 189, '457', 0),
	(3527, 107, 189, '110 Lô D, chung cư Cô Giang, F.Cô Giang, Q.1\n', 0),
	(3528, 106, 189, '110 Lô D, chung cư Cô Giang, F.Cô Giang, Q.1\n', 0),
	(3529, 104, 189, '', 0),
	(3530, 105, 189, '01694 361 758 ', 0),
	(3531, 103, 189, 'mrduongnguyentran@gmail.com', 0),
	(3532, 102, 189, '18/04/2010', 0),
	(3533, 19, 189, '75', 0),
	(3534, 20, 189, '233', 0),
	(3535, 82, 189, '154', 0),
	(3536, 92, 189, 'CNTT', 0),
	(3537, 83, 189, '165', 0),
	(3538, 90, 189, 'CĐ Cao Thắng, ĐH Văn Lang', 0),
	(3539, 91, 189, '', 0),
	(3540, 86, 189, '219', 0),
	(3541, 93, 189, '520', 0),
	(3542, 114, 189, '', 0),
	(3543, 88, 189, '296', 1),
	(3544, 112, 190, 'Võ Thị Thu Thủy', 0),
	(3545, 110, 190, '1982', 0),
	(3546, 109, 190, '460', 0),
	(3547, 108, 190, '458', 0),
	(3548, 107, 190, 'Khánh Hòa\n', 0),
	(3549, 106, 190, '275/58 Bạch Đằng, F.15, Q.Bình Tân\n', 0),
	(3550, 104, 190, '', 0),
	(3551, 105, 190, '0938 610 488', 0),
	(3552, 103, 190, 'thuthuyvo1982@yahoo.com', 0),
	(3553, 102, 190, '18/04/2010', 0),
	(3554, 19, 190, '75', 0),
	(3555, 20, 190, '232', 0),
	(3556, 82, 190, '155', 0),
	(3557, 92, 190, 'Kế toán', 0),
	(3558, 83, 190, '165', 0),
	(3559, 90, 190, 'ĐHQG-Khoa KT', 0),
	(3560, 91, 190, '', 0),
	(3561, 85, 190, '494', 0),
	(3562, 86, 190, '219', 0),
	(3563, 114, 190, '', 0),
	(3564, 112, 191, 'Hồ Duy Trinh', 0),
	(3565, 110, 191, '1984', 0),
	(3566, 109, 191, '460', 0),
	(3567, 108, 191, '457', 0),
	(3568, 107, 191, 'Nghệ An\n', 0),
	(3569, 106, 191, '', 0),
	(3570, 104, 191, '', 0),
	(3571, 105, 191, '0976 746 276', 0),
	(3572, 103, 191, 'chicomottrendoi_1984@yahoo.com', 0),
	(3573, 102, 191, '18/04/2010', 0),
	(3574, 19, 191, '73', 1),
	(3575, 20, 191, '114', 0),
	(3576, 82, 191, '155', 0),
	(3577, 92, 191, 'Lập trình viên, điện tử tin học', 0),
	(3578, 83, 191, '165', 0),
	(3579, 90, 191, '', 0),
	(3580, 91, 191, '', 0),
	(3581, 85, 191, '194', 0),
	(3582, 85, 191, '470', 0),
	(3583, 86, 191, '219', 0),
	(3584, 93, 191, '271', 0),
	(3585, 93, 191, '276', 0),
	(3586, 93, 191, '520', 0),
	(3587, 93, 191, '523', 0),
	(3588, 114, 191, '', 0),
	(3589, 88, 191, '296', 1),
	(3590, 112, 192, 'Lê Thanh Vũ', 0),
	(3591, 110, 192, '1980', 0),
	(3592, 109, 192, '460', 0),
	(3593, 108, 192, '457', 0),
	(3594, 107, 192, '130/64 Nguyễn Văn Luông, F.10, Q.6\n', 0),
	(3595, 106, 192, '130/64 Nguyễn Văn Luông, F.10, Q.6\n', 0),
	(3596, 104, 192, '', 0),
	(3597, 105, 192, '0907 324 275', 0),
	(3598, 103, 192, '', 0),
	(3599, 102, 192, '18/04/2010', 0),
	(3600, 19, 192, '75', 0),
	(3601, 20, 192, '235', 0),
	(3602, 82, 192, '153', 0),
	(3603, 92, 192, 'Thiết kế QC, kinh doanh', 0),
	(3604, 83, 192, '164', 0),
	(3605, 90, 192, '', 0),
	(3606, 91, 192, '', 0),
	(3607, 85, 192, '218', 0),
	(3608, 86, 192, '219', 0),
	(3609, 93, 192, '499', 0),
	(3610, 93, 192, '511', 0),
	(3611, 114, 192, '', 0),
	(3612, 88, 192, '300', 0),
	(3613, 112, 193, 'Lê Thị Mỹ Dung', 0),
	(3614, 110, 193, '1987', 0),
	(3615, 109, 193, '460', 0),
	(3616, 108, 193, '458', 0),
	(3617, 107, 193, '14/3/7 , đường số 4 , F. HBC, Q. TĐ\n', 0),
	(3618, 106, 193, '14/3/7 , đường số 4 , F. HBC, Q. TĐ\n', 0),
	(3619, 104, 193, '', 0),
	(3620, 105, 193, '0907392394', 0),
	(3621, 103, 193, 'thatqay_sieuquay@yahoo.com', 0),
	(3622, 102, 193, '18/04/2010', 0),
	(3623, 19, 193, '75', 0),
	(3624, 20, 193, '233', 0),
	(3625, 82, 193, '154', 0),
	(3626, 92, 193, 'Kế toán, họa viên kiến trúc, Corel - phtoshop', 0),
	(3627, 83, 193, '165', 0),
	(3628, 90, 193, '', 0),
	(3629, 91, 193, '', 0),
	(3630, 86, 193, '219', 0),
	(3631, 93, 193, '265', 1),
	(3632, 114, 193, '', 0),
	(3633, 112, 194, 'Nguyễn Thành Tín', 0),
	(3634, 110, 194, '1958', 0),
	(3635, 109, 194, '462', 0),
	(3636, 108, 194, '457', 0),
	(3637, 107, 194, 'Bến Tre\n', 0),
	(3638, 106, 194, '65 đường 7, F. Bình An , Q.2\n', 0),
	(3639, 104, 194, '', 0),
	(3640, 105, 194, '0913847124', 0),
	(3641, 103, 194, 'thanhtin_bt@yahoo.com.vn', 0),
	(3642, 102, 194, '18/04/2010', 0),
	(3643, 19, 194, '75', 0),
	(3644, 20, 194, '233', 0),
	(3645, 82, 194, '149', 0),
	(3646, 92, 194, 'Kỹ thuật dựng phim', 0),
	(3647, 83, 194, '160', 0),
	(3648, 90, 194, '', 0),
	(3649, 91, 194, '', 0),
	(3650, 86, 194, '219', 0),
	(3651, 93, 194, '521', 0),
	(3652, 114, 194, '', 0),
	(3653, 112, 195, 'Vũ Văn Trương', 0),
	(3654, 110, 195, '1989', 0),
	(3655, 109, 195, '460', 0),
	(3656, 108, 195, '457', 0),
	(3657, 107, 195, 'Nam Định\n', 0),
	(3658, 106, 195, '', 0),
	(3659, 104, 195, '', 0),
	(3660, 105, 195, '0977636523', 0),
	(3661, 103, 195, 'vantruong@gmail.com', 0),
	(3662, 102, 195, '18/04/2010', 0),
	(3663, 19, 195, '75', 0),
	(3664, 20, 195, '235', 0),
	(3665, 82, 195, '149', 0),
	(3666, 92, 195, 'Hoa viên kiến trúc', 0),
	(3667, 83, 195, '160', 0),
	(3668, 90, 195, '', 0),
	(3669, 91, 195, '', 0),
	(3670, 85, 195, '483', 0),
	(3671, 86, 195, '219', 0),
	(3672, 93, 195, '510', 0),
	(3673, 114, 195, '', 0),
	(3674, 112, 196, 'Nguyễn Thị Bon', 0),
	(3675, 110, 196, '1983', 0),
	(3676, 109, 196, '460', 0),
	(3677, 108, 196, '458', 0),
	(3678, 107, 196, 'Long An\n', 0),
	(3679, 106, 196, '9/153 KP6, F.HBC, Q. Thủ Đức\n', 0),
	(3680, 104, 196, '', 0),
	(3681, 105, 196, '01653593553', 0),
	(3682, 103, 196, 'anbonnguyen@gmail.com', 0),
	(3683, 102, 196, '18/04/2010', 0),
	(3684, 19, 196, '75', 0),
	(3685, 82, 196, '149', 0),
	(3686, 92, 196, 'Đồ họa', 0),
	(3687, 83, 196, '160', 0),
	(3688, 90, 196, '', 0),
	(3689, 91, 196, '', 0),
	(3690, 86, 196, '219', 0),
	(3691, 93, 196, '520', 0),
	(3692, 93, 196, '521', 0),
	(3693, 114, 196, '', 0),
	(3694, 112, 197, 'Nguyễn Văn Quí', 0),
	(3695, 110, 197, '1987', 0),
	(3696, 109, 197, '460', 0),
	(3697, 108, 197, '457', 0),
	(3698, 107, 197, 'Đồng Tháp\n', 0),
	(3699, 106, 197, 'Ấp 1 , Mỹ Đông , Tháp Mười , Đồng Tháp \n', 0),
	(3700, 104, 197, '', 0),
	(3701, 105, 197, '01696842593', 0),
	(3702, 103, 197, 'nguyenvanquicntt05@gmail.com', 0),
	(3703, 102, 197, '18/04/2010', 0),
	(3704, 19, 197, '75', 0),
	(3705, 82, 197, '155', 0),
	(3706, 92, 197, 'Công nghệ thông tin', 0),
	(3707, 83, 197, '165', 0),
	(3708, 90, 197, 'ĐH Đồng Tháp', 0),
	(3709, 91, 197, '', 0),
	(3710, 86, 197, '219', 0),
	(3711, 93, 197, '520', 0),
	(3712, 114, 197, '', 0),
	(3713, 88, 197, '296', 1),
	(3714, 112, 198, 'Dương Hiền Vương', 0),
	(3715, 110, 198, '1987', 0),
	(3716, 109, 198, '460', 0),
	(3717, 108, 198, '457', 0),
	(3718, 107, 198, '27/28 Phan Sào Nam , F.11 , Q.TB\n', 0),
	(3719, 106, 198, '27/28 Phan Sào Nam , F.11 , Q.TB\n', 0),
	(3720, 104, 198, '', 0),
	(3721, 105, 198, '01224985551', 0),
	(3722, 103, 198, 'mr_luom1709@yahoo.com', 0),
	(3723, 102, 198, '18/04/2010', 0),
	(3724, 19, 198, '75', 0),
	(3725, 20, 198, '232', 0),
	(3726, 82, 198, '155', 0),
	(3727, 92, 198, 'Thiết kế quảng cáo ', 0),
	(3728, 83, 198, '165', 0),
	(3729, 90, 198, 'ĐH Văn Lang', 0),
	(3730, 91, 198, '', 0),
	(3731, 86, 198, '219', 0),
	(3732, 114, 198, '', 0),
	(3733, 88, 198, '300', 0),
	(3734, 112, 199, 'Nguyễn Thanh Tùng', 0),
	(3735, 110, 199, '1979', 0),
	(3736, 109, 199, '461', 0),
	(3737, 108, 199, '457', 0),
	(3738, 107, 199, 'Bến Tre\n', 0),
	(3739, 106, 199, '71/3 Bùi Đình Túy , F12 , Q BT\n', 0),
	(3740, 104, 199, '', 0),
	(3741, 105, 199, '0907859934', 0),
	(3742, 103, 199, 'tungnguyen996@gmail.com', 0),
	(3743, 102, 199, '18/04/2010', 0),
	(3744, 19, 199, '75', 0),
	(3745, 20, 199, '233', 0),
	(3746, 82, 199, '155', 0),
	(3747, 92, 199, 'Thiết kế đồ họa', 0),
	(3748, 83, 199, '165', 0),
	(3749, 90, 199, 'ĐH DL V.Lang', 0),
	(3750, 91, 199, '', 0),
	(3751, 86, 199, '219', 0),
	(3752, 114, 199, '', 0),
	(3753, 88, 199, '300', 0),
	(3754, 112, 200, 'Đặng Hữu Phúc', 0),
	(3755, 110, 200, '1987', 0),
	(3756, 109, 200, '460', 0),
	(3757, 108, 200, '457', 0),
	(3758, 107, 200, 'BR - VT\n', 0),
	(3759, 106, 200, 'Bàu Chinh - Châu Đức - BRVT\n', 0),
	(3760, 104, 200, '', 0),
	(3761, 105, 200, '0988442851', 0),
	(3762, 103, 200, '', 0),
	(3763, 102, 200, '18/04/2010', 0),
	(3764, 82, 200, '149', 0),
	(3765, 92, 200, 'Thiết kế quảng cáo', 0),
	(3766, 83, 200, '160', 0),
	(3767, 90, 200, '', 0),
	(3768, 91, 200, '', 0),
	(3769, 86, 200, '219', 0),
	(3770, 114, 200, '', 0),
	(3771, 112, 201, 'Phạm Văn Dũng', 0),
	(3772, 110, 201, '1984', 0),
	(3773, 109, 201, '460', 0),
	(3774, 108, 201, '457', 0),
	(3775, 107, 201, '60 A đường Cây Keo , F. Tân Phú\n', 0),
	(3776, 106, 201, '60 A đường Cây Keo , F. Tân Phú\n', 0),
	(3777, 104, 201, '', 0),
	(3778, 105, 201, '01666665035', 0),
	(3779, 103, 201, '', 0),
	(3780, 102, 201, '', 0),
	(3781, 19, 201, '75', 0),
	(3782, 82, 201, '154', 0),
	(3783, 92, 201, 'kế toán', 0),
	(3784, 83, 201, '165', 0),
	(3785, 90, 201, 'CĐ KT Kỹ Thuật', 0),
	(3786, 91, 201, '', 0),
	(3787, 85, 201, '188', 1),
	(3788, 85, 201, '199', 1),
	(3789, 86, 201, '219', 0),
	(3790, 93, 201, '265', 1),
	(3791, 114, 201, '', 0),
	(3792, 112, 202, 'Vương Tiến Luận', 0),
	(3793, 110, 202, '1986', 0),
	(3794, 109, 202, '460', 0),
	(3795, 108, 202, '457', 0),
	(3796, 107, 202, '4405 Nguyễn Cửu Phú Bình Tân\n', 0),
	(3797, 106, 202, '4405 Nguyễn Cửu Phú Bình Tân\n', 0),
	(3798, 104, 202, '', 0),
	(3799, 105, 202, '01265607170', 0),
	(3800, 103, 202, 'tienluan1277@gmail.com', 0),
	(3801, 102, 202, '18/04/2010', 0),
	(3802, 19, 202, '75', 0),
	(3803, 20, 202, '237', 0),
	(3804, 82, 202, '151', 0),
	(3805, 92, 202, '', 0),
	(3806, 83, 202, '160', 0),
	(3807, 90, 202, '', 0),
	(3808, 91, 202, '', 0),
	(3809, 86, 202, '219', 0),
	(3810, 93, 202, '512', 0),
	(3811, 114, 202, '', 0),
	(3812, 112, 203, 'Nguyễn Quang Huy', 0),
	(3813, 110, 203, '', 0),
	(3814, 109, 203, '459', 0),
	(3815, 108, 203, '457', 0),
	(3816, 107, 203, '', 0),
	(3817, 106, 203, '', 0),
	(3818, 104, 203, '', 0),
	(3819, 105, 203, '0917407583', 0),
	(3820, 103, 203, '', 0),
	(3821, 102, 203, '', 0),
	(3822, 82, 203, '155', 0),
	(3823, 92, 203, 'kỹ thuật lập trình', 0),
	(3824, 83, 203, '165', 0),
	(3825, 90, 203, '', 0),
	(3826, 91, 203, '', 0),
	(3827, 86, 203, '219', 0),
	(3828, 114, 203, '', 0),
	(3829, 112, 204, 'Đào Thành Phấn', 0),
	(3830, 110, 204, '1985', 0),
	(3831, 109, 204, '460', 0),
	(3832, 108, 204, '457', 0),
	(3833, 107, 204, 'Ninh Thuận\n', 0),
	(3834, 106, 204, '217/10 A XVNT , F. 17 , Q. BT\n', 0),
	(3835, 104, 204, '', 0),
	(3836, 105, 204, '0932022512', 0),
	(3837, 103, 204, '', 0),
	(3838, 102, 204, '18/04/2010', 0),
	(3839, 19, 204, '75', 0),
	(3840, 20, 204, '233', 0),
	(3841, 82, 204, '149', 0),
	(3842, 92, 204, '', 0),
	(3843, 83, 204, '160', 0),
	(3844, 90, 204, '', 0),
	(3845, 91, 204, '', 0),
	(3846, 86, 204, '219', 0),
	(3847, 114, 204, '', 0),
	(3848, 112, 205, 'Nguyễn Thị Mỹ Lan', 0),
	(3849, 110, 205, '1964', 0),
	(3850, 109, 205, '462', 0),
	(3851, 108, 205, '458', 0),
	(3852, 107, 205, '', 0),
	(3853, 106, 205, '', 0),
	(3854, 104, 205, '', 0),
	(3855, 105, 205, '0986489185', 0),
	(3856, 103, 205, '', 0),
	(3857, 102, 205, '18/04/2010', 0),
	(3858, 82, 205, '149', 0),
	(3859, 92, 205, '', 0),
	(3860, 83, 205, '160', 0),
	(3861, 90, 205, '', 0),
	(3862, 91, 205, '', 0),
	(3863, 86, 205, '219', 0),
	(3864, 93, 205, '276', 0),
	(3865, 114, 205, '', 0),
	(3866, 112, 206, 'Trịnh Mỹ Hồng', 0),
	(3867, 110, 206, '1988', 0),
	(3868, 109, 206, '460', 0),
	(3869, 108, 206, '458', 0),
	(3870, 107, 206, '19 Ngô Đức Kế , F.12 , Q. BT\n', 0),
	(3871, 106, 206, '19 Ngô Đức Kế , F.12 , Q. BT\n', 0),
	(3872, 104, 206, '', 0),
	(3873, 105, 206, '0986384571', 0),
	(3874, 103, 206, '', 0),
	(3875, 102, 206, '', 0),
	(3876, 19, 206, '74', 0),
	(3877, 19, 206, '75', 0),
	(3878, 20, 206, '121', 0),
	(3879, 82, 206, '153', 0),
	(3880, 92, 206, 'Kế toán', 0),
	(3881, 83, 206, '164', 0),
	(3882, 90, 206, '', 0),
	(3883, 91, 206, '', 0),
	(3884, 86, 206, '219', 0),
	(3885, 93, 206, '276', 0),
	(3886, 114, 206, '', 0),
	(3887, 112, 207, 'Đỗ Minh Đức ', 0),
	(3888, 110, 207, '1957', 0),
	(3889, 109, 207, '462', 0),
	(3890, 108, 207, '457', 0),
	(3891, 107, 207, '340 Nguyễn Trọng Tuyển\n', 0),
	(3892, 106, 207, '340 Nguyễn Trọng Tuyển\n', 0),
	(3893, 104, 207, '', 0),
	(3894, 105, 207, '01214425607', 0),
	(3895, 103, 207, '', 0),
	(3896, 102, 207, '18/04/2010', 0),
	(3897, 19, 207, '75', 0),
	(3898, 20, 207, '232', 0),
	(3899, 82, 207, '155', 0),
	(3900, 92, 207, 'Kế toán', 0),
	(3901, 83, 207, '165', 0),
	(3902, 90, 207, 'ĐH TCKT', 0),
	(3903, 91, 207, '', 0),
	(3904, 85, 207, '188', 1),
	(3905, 86, 207, '219', 0),
	(3906, 93, 207, '265', 1),
	(3907, 114, 207, '', 0),
	(3908, 112, 208, 'Phạm Văn Cường', 0),
	(3909, 110, 208, '1982', 0),
	(3910, 109, 208, '460', 0),
	(3911, 108, 208, '457', 0),
	(3912, 107, 208, 'Tân Chánh Hiệp Q. 12\n', 0),
	(3913, 106, 208, 'Tân Chánh Hiệp Q. 12\n', 0),
	(3914, 104, 208, '', 0),
	(3915, 105, 208, '0935580837', 0),
	(3916, 103, 208, 'binhminh_qh@yahoo.com', 0),
	(3917, 102, 208, '18/04/2010', 0),
	(3918, 19, 208, '75', 0),
	(3919, 82, 208, '155', 0),
	(3920, 92, 208, 'Kế toán', 0),
	(3921, 83, 208, '165', 0),
	(3922, 90, 208, 'ĐH Qui Nhơn', 0),
	(3923, 91, 208, '', 0),
	(3924, 85, 208, '199', 0),
	(3925, 86, 208, '219', 0),
	(3926, 93, 208, '265', 1),
	(3927, 114, 208, '', 0),
	(3928, 112, 209, 'Huỳnh Thị Duy Trinh', 0),
	(3929, 110, 209, '1982', 0),
	(3930, 109, 209, '460', 0),
	(3931, 108, 209, '458', 0),
	(3932, 107, 209, 'Đà Nẵng\n', 0),
	(3933, 106, 209, 'Đà Nẵng\n', 0),
	(3934, 104, 209, '', 0),
	(3935, 105, 209, '0934805117', 0),
	(3936, 103, 209, '', 0),
	(3937, 102, 209, '18/04/2010', 0),
	(3938, 82, 209, '155', 0),
	(3939, 92, 209, 'Tiếng Anh', 0),
	(3940, 83, 209, '165', 0),
	(3941, 90, 209, 'ĐH Đà Nẵng', 0),
	(3942, 91, 209, '', 0),
	(3943, 86, 209, '219', 0),
	(3944, 114, 209, '', 0),
	(3945, 112, 210, 'Trần Thị Mỹ Trinh', 0),
	(3946, 110, 210, '1985', 0),
	(3947, 109, 210, '460', 0),
	(3948, 108, 210, '458', 0),
	(3949, 107, 210, 'Đồng Nai\n', 0),
	(3950, 106, 210, '98 Trần Phú - TX Long Khánh\n', 0),
	(3951, 104, 210, '', 0),
	(3952, 105, 210, '01212042506', 0),
	(3953, 103, 210, '', 0),
	(3954, 102, 210, '18/04/2010', 0),
	(3955, 19, 210, '75', 0),
	(3956, 20, 210, '123', 0),
	(3957, 82, 210, '153', 0),
	(3958, 92, 210, 'Chế biến thực phẩm', 0),
	(3959, 83, 210, '164', 0),
	(3960, 90, 210, '', 0),
	(3961, 91, 210, '', 0),
	(3962, 86, 210, '219', 0),
	(3963, 114, 210, '', 0),
	(3964, 112, 211, 'Nguyễn Hoàng Hải', 0),
	(3965, 110, 211, '1989', 0),
	(3966, 109, 211, '460', 0),
	(3967, 108, 211, '457', 0),
	(3968, 107, 211, '549/86 Nguyễn Đình Chiểu, F.12 ,Q 3\n', 0),
	(3969, 106, 211, '549/86 Nguyễn Đình Chiểu, F.12 ,Q 3\n', 0),
	(3970, 104, 211, '38359769', 0),
	(3971, 105, 211, '', 0),
	(3972, 103, 211, '', 0),
	(3973, 102, 211, '', 0),
	(3974, 19, 211, '463', 0),
	(3975, 20, 211, '244', 0),
	(3976, 82, 211, '149', 0),
	(3977, 92, 211, '', 0),
	(3978, 83, 211, '160', 0),
	(3979, 90, 211, '', 0),
	(3980, 91, 211, '', 0),
	(3981, 86, 211, '219', 0),
	(3982, 114, 211, '', 0),
	(3983, 112, 212, 'Ngô Quốc Hòa', 0),
	(3984, 110, 212, '1979', 0),
	(3985, 109, 212, '461', 0),
	(3986, 108, 212, '457', 0),
	(3987, 107, 212, 'Hà Nội\n', 0),
	(3988, 106, 212, '500/66/10 Đoàn Văn Bơ , F14 . Q 4\n', 0),
	(3989, 104, 212, '', 0),
	(3990, 105, 212, '', 0),
	(3991, 103, 212, '', 0),
	(3992, 102, 212, '19/04/2010', 0),
	(3993, 19, 212, '73', 1),
	(3994, 82, 212, '149', 0),
	(3995, 92, 212, 'Đồ họa', 0),
	(3996, 83, 212, '160', 0),
	(3997, 90, 212, '', 0),
	(3998, 91, 212, '', 0),
	(3999, 86, 212, '219', 0),
	(4000, 114, 212, '', 0),
	(4001, 88, 212, '300', 0),
	(4002, 112, 213, 'Hồ Văn Thiên', 0),
	(4003, 110, 213, '1982', 0),
	(4004, 109, 213, '460', 0),
	(4005, 108, 213, '457', 0),
	(4006, 107, 213, 'Quảng Trị\n', 0),
	(4007, 106, 213, '180 A Dương Quảng Hàm , F 5 , Q. GV\n', 0),
	(4008, 104, 213, '0533605016', 0),
	(4009, 105, 213, '', 0),
	(4010, 103, 213, 'thienho18@yahoo.com', 0),
	(4011, 102, 213, '', 0),
	(4012, 19, 213, '75', 0),
	(4013, 20, 213, '233', 0),
	(4014, 82, 213, '149', 0),
	(4015, 92, 213, 'Đồ họa', 0),
	(4016, 83, 213, '160', 0),
	(4017, 90, 213, '', 0),
	(4018, 91, 213, '', 0),
	(4019, 86, 213, '219', 0),
	(4020, 114, 213, '', 0),
	(4021, 88, 213, '300', 0),
	(4022, 112, 214, 'Trần Văn Tuấn', 0),
	(4023, 110, 214, '1985', 0),
	(4024, 109, 214, '460', 0),
	(4025, 108, 214, '457', 0),
	(4026, 107, 214, '', 0),
	(4027, 106, 214, '182/11 ấp Long Đức 1 Tam Phước Long , Long Thành\n', 0),
	(4028, 104, 214, '', 0),
	(4029, 105, 214, '01645157187', 0),
	(4030, 103, 214, 'trantuan1557@yahoo.com', 0),
	(4031, 102, 214, '06/05/2010', 0),
	(4032, 19, 214, '75', 0),
	(4033, 20, 214, '233', 0),
	(4034, 82, 214, '149', 0),
	(4035, 92, 214, '', 0),
	(4036, 83, 214, '160', 0),
	(4037, 90, 214, '', 0),
	(4038, 91, 214, '', 0),
	(4039, 86, 214, '219', 0),
	(4040, 114, 214, '', 0),
	(4041, 94, 214, '320', 0),
	(4042, 0, 215, '', 0),
	(4043, 0, 215, '', 0),
	(4044, 0, 215, '459', 0),
	(4045, 0, 215, '457', 0),
	(4046, 0, 215, '', 0),
	(4047, 0, 215, '', 0),
	(4048, 0, 215, '', 0),
	(4049, 0, 215, '', 0),
	(4050, 0, 215, '', 0),
	(4051, 0, 215, '', 0),
	(4052, 0, 215, '149', 0),
	(4053, 0, 215, '', 0),
	(4054, 0, 215, '160', 0),
	(4055, 0, 215, '', 0),
	(4056, 0, 215, '', 0),
	(4057, 0, 215, '219', 0),
	(4058, 0, 215, '', 0),
	(4059, 0, 216, 'Vũ Thị Tâm', 0),
	(4060, 0, 216, '1983', 0),
	(4061, 0, 216, '460', 0),
	(4062, 0, 216, '458', 0),
	(4063, 0, 216, '\n', 0),
	(4064, 0, 216, '60 Trần Chánh Chiếu,P.14,Q.5', 0),
	(4065, 0, 216, '', 0),
	(4066, 0, 216, '091.9411.646', 0),
	(4067, 0, 216, 'dieuhau83@yahoo.com', 0),
	(4068, 0, 216, '18/05/2010', 0),
	(4069, 0, 216, '149', 0),
	(4070, 0, 216, '', 0),
	(4071, 0, 216, '160', 0),
	(4072, 0, 216, '', 0),
	(4073, 0, 216, '', 0),
	(4074, 0, 216, '219', 0),
	(4075, 0, 216, '', 0),
	(4076, 0, 217, 'Vũ Thị Tâm', 0),
	(4077, 0, 217, '1983', 0),
	(4078, 0, 217, '460', 0),
	(4079, 0, 217, '458', 0),
	(4080, 0, 217, '', 0),
	(4081, 0, 217, '60 Trần Chánh Chiếu,P.14,Q.5\n', 0),
	(4082, 0, 217, '', 0),
	(4083, 0, 217, '091.9411.646 ( Vân )', 0),
	(4084, 0, 217, 'dieuhau83@yahoo.com', 0),
	(4085, 0, 217, '18/05/2010', 0),
	(4086, 0, 217, '73', 1),
	(4087, 0, 217, '149', 0),
	(4088, 0, 217, '', 0),
	(4089, 0, 217, '160', 0),
	(4090, 0, 217, '', 0),
	(4091, 0, 217, '', 0),
	(4092, 0, 217, '219', 0),
	(4093, 0, 217, '', 0),
	(4094, 0, 218, 'Vũ Thị Tâm', 0),
	(4095, 0, 218, '1983', 0),
	(4096, 0, 218, '460', 0),
	(4097, 0, 218, '458', 0),
	(4098, 0, 218, '', 0),
	(4099, 0, 218, '60 Trần Chánh Chiếu,P.14,Q.5\n', 0),
	(4100, 0, 218, '', 0),
	(4101, 0, 218, '091.9411.646 ( Vân )', 0),
	(4102, 0, 218, 'dieuhau83@yahoo.com', 0),
	(4103, 0, 218, '18/05/2010', 0),
	(4104, 0, 218, '73', 1),
	(4105, 0, 218, '149', 0),
	(4106, 0, 218, '', 0),
	(4107, 0, 218, '160', 0),
	(4108, 0, 218, '', 0),
	(4109, 0, 218, '', 0),
	(4110, 0, 218, '219', 0),
	(4111, 0, 218, '', 0),
	(4112, 112, 219, 'Vũ Thị Tâm', 0),
	(4113, 110, 219, '1983', 0),
	(4114, 109, 219, '460', 0),
	(4115, 108, 219, '458', 0),
	(4116, 107, 219, '', 0),
	(4117, 106, 219, '60 Trần Chánh Chiếu,P.14,Q.5\n', 0),
	(4118, 104, 219, '', 0),
	(4119, 105, 219, '091.9411.646 ( Vân )', 0),
	(4120, 103, 219, 'dieuhau83@yahoo.com', 0),
	(4121, 102, 219, '18/05/2010', 0),
	(4122, 19, 219, '73', 1),
	(4123, 82, 219, '149', 0),
	(4124, 92, 219, '', 0),
	(4125, 83, 219, '160', 0),
	(4126, 90, 219, '', 0),
	(4127, 91, 219, '', 0),
	(4128, 86, 219, '219', 0),
	(4129, 114, 219, '', 0),
	(4130, 112, 220, 'Huỳnh Văn Chuẩn', 0),
	(4131, 110, 220, '1977', 0),
	(4132, 109, 220, '461', 0),
	(4133, 108, 220, '457', 0),
	(4134, 107, 220, 'Quận 12\n', 0),
	(4135, 106, 220, 'Quận 12\n', 0),
	(4136, 104, 220, '', 0),
	(4137, 105, 220, '090.742.9963', 0),
	(4138, 103, 220, 'chuanbmmk@yahoo.com', 0),
	(4139, 102, 220, '18/05/2010', 0),
	(4140, 19, 220, '75', 0),
	(4141, 20, 220, '234', 0),
	(4142, 113, 220, '539', 1),
	(4143, 82, 220, '155', 0),
	(4144, 92, 220, 'Kinh tế', 0),
	(4145, 83, 220, '165', 0),
	(4146, 90, 220, 'Đại học Cần Thơ', 0),
	(4147, 91, 220, '', 0),
	(4148, 86, 220, '219', 0),
	(4149, 93, 220, '265', 1),
	(4150, 93, 220, '276', 1),
	(4151, 114, 220, '', 0),
	(4152, 88, 220, '297', 0),
	(4153, 88, 220, '298', 0),
	(4154, 88, 220, '299', 0),
	(4155, 112, 221, 'Lâm Thanh Bình ', 0),
	(4156, 110, 221, '1977', 0),
	(4157, 109, 221, '461', 0),
	(4158, 108, 221, '457', 0),
	(4159, 107, 221, '', 0),
	(4160, 106, 221, 'Đang ở Hà Nội\n', 0),
	(4161, 104, 221, '', 0),
	(4162, 105, 221, '090.761.6939', 0),
	(4163, 103, 221, 'thanhbinhsifa@yahoo.com', 0),
	(4164, 102, 221, '19/05/2010', 0),
	(4165, 82, 221, '155', 0),
	(4166, 92, 221, 'IT', 0),
	(4167, 83, 221, '165', 0),
	(4168, 90, 221, 'Nhật', 0),
	(4169, 91, 221, '', 0),
	(4170, 86, 221, '219', 0),
	(4171, 114, 221, '', 0),
	(4172, 112, 222, 'Huỳnh Thị Cẩm Thúy', 0),
	(4173, 110, 222, '1989', 0),
	(4174, 109, 222, '460', 0),
	(4175, 108, 222, '458', 0),
	(4176, 107, 222, '', 0),
	(4177, 106, 222, 'Quận 12\n', 0),
	(4178, 104, 222, '', 0),
	(4179, 105, 222, '', 0),
	(4180, 103, 222, 'huynh.camthuy@yahoo.com', 0),
	(4181, 102, 222, '20/05/2010', 0),
	(4182, 19, 222, '75', 0),
	(4183, 20, 222, '233', 0),
	(4184, 113, 222, '539', 1),
	(4185, 82, 222, '153', 0),
	(4186, 92, 222, 'Kế Toán', 0),
	(4187, 83, 222, '164', 0),
	(4188, 90, 222, 'Trường Công Nghệ Thực Phẩm', 0),
	(4189, 91, 222, '', 0),
	(4190, 86, 222, '219', 0),
	(4191, 114, 222, '', 0),
	(4192, 112, 223, 'Vũ Đình Trung', 0),
	(4193, 110, 223, '1981', 0),
	(4194, 109, 223, '460', 0),
	(4195, 108, 223, '457', 0),
	(4196, 107, 223, '721/14 A P.26, Quận Bình Thạnh\n', 0),
	(4197, 106, 223, '', 0),
	(4198, 104, 223, '', 0),
	(4199, 105, 223, '0164.6591.488', 0),
	(4200, 103, 223, '', 0),
	(4201, 102, 223, '20/05/2010', 0),
	(4202, 21, 223, '131', 0),
	(4203, 82, 223, '149', 0),
	(4204, 92, 223, '', 0),
	(4205, 83, 223, '160', 0),
	(4206, 90, 223, '', 0),
	(4207, 91, 223, '', 0),
	(4208, 86, 223, '219', 0),
	(4209, 114, 223, '', 0),
	(4210, 112, 224, 'Lê Hải Đăng', 0),
	(4211, 110, 224, '1987', 0),
	(4212, 109, 224, '460', 0),
	(4213, 108, 224, '457', 0),
	(4214, 107, 224, 'Đồng Nai\n', 0),
	(4215, 106, 224, '', 0),
	(4216, 104, 224, '', 0),
	(4217, 105, 224, '', 0),
	(4218, 103, 224, 'mr.dpro@yahoo.com', 0),
	(4219, 102, 224, '20/05/2010', 0),
	(4220, 19, 224, '75', 0),
	(4221, 20, 224, '232', 0),
	(4222, 113, 224, '535', 0),
	(4223, 82, 224, '153', 0),
	(4224, 92, 224, 'Kỹ thuật máy tính', 0),
	(4225, 83, 224, '164', 0),
	(4226, 90, 224, '', 0),
	(4227, 91, 224, '', 0),
	(4228, 86, 224, '219', 0),
	(4229, 114, 224, '', 0),
	(4230, 112, 225, 'Phạm Minh Hóa', 0),
	(4231, 110, 225, '1990', 0),
	(4232, 109, 225, '459', 0),
	(4233, 108, 225, '457', 0),
	(4234, 107, 225, 'Ấp 1, xã Phước Đông- Cần Đước- Long An\n', 0),
	(4235, 106, 225, '', 0),
	(4236, 104, 225, '', 0),
	(4237, 105, 225, '0121.741.6032 hoặc 0922.0520.99', 0),
	(4238, 103, 225, '', 0),
	(4239, 102, 225, '25/05/2010', 0),
	(4240, 19, 225, '75', 0),
	(4241, 20, 225, '232', 0),
	(4242, 113, 225, '535', 0),
	(4243, 82, 225, '153', 0),
	(4244, 92, 225, 'Tranh ghép gỗ', 0),
	(4245, 83, 225, '164', 0),
	(4246, 90, 225, 'Trường dạy nghề Hóc Môn', 0),
	(4247, 91, 225, '', 0),
	(4248, 86, 225, '219', 0),
	(4249, 114, 225, '', 0),
	(4250, 112, 226, 'Nguyễn Văn Lo', 0),
	(4251, 110, 226, '1990', 0),
	(4252, 109, 226, '459', 0),
	(4253, 108, 226, '457', 0),
	(4254, 107, 226, 'Tổ 5, ấp 1, Xuân Hưng, Xuân Lộc, Đồng Nai\n', 0),
	(4255, 106, 226, 'Phường Hiệp Thành, Thủ Dầu Một\n', 0),
	(4256, 104, 226, '', 0),
	(4257, 105, 226, '0955.622.857 Hoặc 0168.2268.363', 0),
	(4258, 103, 226, '', 0),
	(4259, 102, 226, '25/05/2010', 0),
	(4260, 19, 226, '75', 0),
	(4261, 82, 226, '153', 0),
	(4262, 92, 226, 'Tranh ghép gỗ', 0),
	(4263, 83, 226, '164', 0),
	(4264, 90, 226, 'Trường dạy nghề Hóc Môn', 0),
	(4265, 91, 226, '', 0),
	(4266, 86, 226, '219', 0),
	(4267, 114, 226, '', 0),
	(4268, 112, 227, 'Nguyễn Thanh Thủy', 0),
	(4269, 110, 227, '1986', 0),
	(4270, 109, 227, '460', 0),
	(4271, 108, 227, '458', 0),
	(4272, 107, 227, '192 A Nguyễn Thị Định ( Đường 32)\n', 0),
	(4273, 106, 227, '192 A Nguyễn Thị Định, Q.2, TP.HCM\n\n', 0),
	(4274, 104, 227, '540.27459', 0),
	(4275, 105, 227, '', 0),
	(4276, 103, 227, '', 0),
	(4277, 102, 227, '05/06/2010', 0),
	(4278, 19, 227, '75', 0),
	(4279, 20, 227, '233', 0),
	(4280, 21, 227, '139', 0),
	(4281, 82, 227, '151', 0),
	(4282, 92, 227, 'Đang Học Đồ họa', 0),
	(4283, 83, 227, '160', 0),
	(4284, 90, 227, '', 0),
	(4285, 91, 227, '', 0),
	(4286, 86, 227, '219', 0),
	(4287, 114, 227, '', 0),
	(4288, 88, 227, '297', 0),
	(4289, 88, 227, '298', 0),
	(4290, 112, 228, 'Nguyễn Cảnh Hữu', 0),
	(4291, 110, 228, '1960', 0),
	(4292, 109, 228, '461', 0),
	(4293, 108, 228, '457', 0),
	(4294, 107, 228, '285/94F CMT8, P12, Q.10\n', 0),
	(4295, 106, 228, '', 0),
	(4296, 104, 228, '0838.625.664', 0),
	(4297, 105, 228, '', 0),
	(4298, 103, 228, '', 0),
	(4299, 102, 228, '08/06/2010', 0),
	(4300, 19, 228, '75', 0),
	(4301, 20, 228, '235', 0),
	(4302, 21, 228, '138', 0),
	(4303, 82, 228, '153', 0),
	(4304, 92, 228, 'Kế Toán', 0),
	(4305, 83, 228, '164', 0),
	(4306, 90, 228, 'Thương nghiệp Vũng tàu', 0),
	(4307, 91, 228, '', 0),
	(4308, 86, 228, '219', 0),
	(4309, 93, 228, '265', 1),
	(4310, 93, 228, '510', 1),
	(4311, 114, 228, '', 0),
	(4312, 94, 228, '320', 0),
	(4313, 112, 229, 'Nguyễn Văn Trường', 0),
	(4314, 110, 229, '1984', 0),
	(4315, 109, 229, '460', 0),
	(4316, 108, 229, '457', 0),
	(4317, 107, 229, '44 tổ 14,xã bến tre, thị xã long khánh\n', 0),
	(4318, 106, 229, '71/3 KP4,hẻm 274, Q.Bình thạnh\n', 0),
	(4319, 104, 229, '', 0),
	(4320, 105, 229, '0127.3000.057', 0),
	(4321, 103, 229, '', 0),
	(4322, 102, 229, '08/06/2010', 0),
	(4323, 19, 229, '75', 0),
	(4324, 20, 229, '232', 0),
	(4325, 21, 229, '139', 0),
	(4326, 82, 229, '155', 0),
	(4327, 92, 229, 'Họa viên kiến trúc', 0),
	(4328, 83, 229, '165', 0),
	(4329, 90, 229, 'Đại học Văn Lang', 0),
	(4330, 91, 229, '', 0),
	(4331, 86, 229, '219', 0),
	(4332, 93, 229, '510', 0),
	(4333, 114, 229, '', 0),
	(4334, 88, 229, '300', 0),
	(4335, 112, 230, 'Trần Thị Ngọc Tuyền', 0),
	(4336, 110, 230, '1990', 0),
	(4337, 109, 230, '459', 0),
	(4338, 108, 230, '458', 0),
	(4339, 107, 230, 'Ấp Phú Mỹ 1- xã Đồng phú - Long Hồ- Vĩnh long\n', 0),
	(4340, 106, 230, '', 0),
	(4341, 104, 230, '', 0),
	(4342, 105, 230, '0168.863.795', 0),
	(4343, 103, 230, '', 0),
	(4344, 102, 230, '04/06/2010', 0),
	(4345, 19, 230, '74', 0),
	(4346, 20, 230, '121', 0),
	(4347, 82, 230, '149', 0),
	(4348, 92, 230, '', 0),
	(4349, 83, 230, '160', 0),
	(4350, 90, 230, '', 0),
	(4351, 91, 230, '', 0),
	(4352, 86, 230, '219', 0),
	(4353, 93, 230, '293', 0),
	(4354, 114, 230, '', 0),
	(4355, 112, 231, 'Dương Đình Thảo Phương', 0),
	(4356, 110, 231, '1982', 0),
	(4357, 109, 231, '460', 0),
	(4358, 108, 231, '458', 0),
	(4359, 107, 231, '', 0),
	(4360, 106, 231, 'KTX Trường cao đẳng nghề Q.3\n', 0),
	(4361, 104, 231, '', 0),
	(4362, 105, 231, '098.603.6006', 0),
	(4363, 103, 231, 'thaobang_chaudoc@yahoo.com', 0),
	(4364, 102, 231, '05/06/2010', 0),
	(4365, 113, 231, '536', 0),
	(4366, 82, 231, '153', 0),
	(4367, 92, 231, 'Đồ họa', 0),
	(4368, 83, 231, '164', 0),
	(4369, 90, 231, 'Cao đẳng nghề Q.9', 0),
	(4370, 91, 231, '', 0),
	(4371, 85, 231, '468', 0),
	(4372, 85, 231, '493', 0),
	(4373, 86, 231, '219', 0),
	(4374, 114, 231, '', 0),
	(4375, 112, 232, 'Nguyễn Vũ Lê Bình', 0),
	(4376, 110, 232, '1991', 0),
	(4377, 109, 232, '459', 0),
	(4378, 108, 232, '457', 0),
	(4379, 107, 232, '\n', 0),
	(4380, 106, 232, '', 0),
	(4381, 104, 232, '', 0),
	(4382, 105, 232, '093.8647.990', 0),
	(4383, 103, 232, 'yoyo0786@yahoo.com', 0),
	(4384, 102, 232, '07/06/2010', 0),
	(4385, 19, 232, '77', 0),
	(4386, 21, 232, '141', 0),
	(4387, 82, 232, '149', 0),
	(4388, 92, 232, '', 0),
	(4389, 83, 232, '160', 0),
	(4390, 90, 232, '', 0),
	(4391, 91, 232, '', 0),
	(4392, 86, 232, '219', 0),
	(4393, 114, 232, 'Đi học nghề', 0),
	(4394, 112, 233, 'Đặng Quốc Trưởng', 0),
	(4395, 110, 233, '1986', 0),
	(4396, 109, 233, '460', 0),
	(4397, 108, 233, '457', 0),
	(4398, 107, 233, 'Tuyên quang\n', 0),
	(4399, 106, 233, '', 0),
	(4400, 104, 233, '', 0),
	(4401, 105, 233, '0169.5030.354', 0),
	(4402, 103, 233, '', 0),
	(4403, 102, 233, '09/06/2010', 0),
	(4404, 19, 233, '75', 0),
	(4405, 20, 233, '235', 0),
	(4406, 21, 233, '139', 0),
	(4407, 82, 233, '151', 0),
	(4408, 92, 233, '', 0),
	(4409, 83, 233, '160', 0),
	(4410, 90, 233, '', 0),
	(4411, 91, 233, '', 0),
	(4412, 86, 233, '219', 0),
	(4413, 114, 233, 'Học kế toán, IT, tiếng Anh tại Hà nội, Tuyên quang', 0),
	(4414, 112, 234, 'Đinh Minh Thảo', 0),
	(4415, 110, 234, '1989', 0),
	(4416, 109, 234, '460', 0),
	(4417, 108, 234, '458', 0),
	(4418, 107, 234, '', 0),
	(4419, 106, 234, '98/94/32 Thăng Long, P.5, Tân Bình\n', 0),
	(4420, 104, 234, '3846.0733', 0),
	(4421, 105, 234, '', 0),
	(4422, 103, 234, '', 0),
	(4423, 102, 234, '09/06/2010', 0),
	(4424, 19, 234, '75', 0),
	(4425, 20, 234, '232', 0),
	(4426, 82, 234, '153', 0),
	(4427, 92, 234, 'Kế Toán', 0),
	(4428, 83, 234, '164', 0),
	(4429, 90, 234, '', 0),
	(4430, 91, 234, '', 0),
	(4431, 86, 234, '219', 0),
	(4432, 114, 234, '', 0),
	(4433, 112, 235, 'Mai Thị Thanh Xuân', 0),
	(4434, 110, 235, '1973', 0),
	(4435, 109, 235, '461', 0),
	(4436, 108, 235, '458', 0),
	(4437, 107, 235, '35/71 Xã Xuân Thới Đông, Hóc Môn\n', 0),
	(4438, 106, 235, '013 Lô F chung cư Lý thường kiệt,P.1 , Q.11\n', 0),
	(4439, 104, 235, '', 0),
	(4440, 105, 235, '090.845.4197', 0),
	(4441, 103, 235, '', 0),
	(4442, 102, 235, '09/06/2010', 0),
	(4443, 19, 235, '109', 0),
	(4444, 21, 235, '134', 0),
	(4445, 82, 235, '151', 0),
	(4446, 92, 235, '', 0),
	(4447, 83, 235, '160', 0),
	(4448, 90, 235, '', 0),
	(4449, 91, 235, '', 0),
	(4450, 86, 235, '219', 0),
	(4451, 93, 235, '287', 0),
	(4452, 114, 235, '', 0),
	(4453, 112, 236, 'Nguyễn Trọng Tài', 0),
	(4454, 110, 236, '1987', 0),
	(4455, 109, 236, '460', 0),
	(4456, 108, 236, '457', 0),
	(4457, 107, 236, '', 0),
	(4458, 106, 236, '384  Nhơn lộc 1- Phong điền- TP Cần thơ\n', 0),
	(4459, 104, 236, '', 0),
	(4460, 105, 236, '090.314.7918 ( Dì 2 Huệ) / 0121.946.9851', 0),
	(4461, 103, 236, '', 0),
	(4462, 102, 236, '11/06/2010', 0),
	(4463, 19, 236, '74', 0),
	(4464, 20, 236, '118', 0),
	(4465, 21, 236, '139', 0),
	(4466, 82, 236, '149', 0),
	(4467, 92, 236, '', 0),
	(4468, 83, 236, '160', 0),
	(4469, 90, 236, '', 0),
	(4470, 91, 236, '', 0),
	(4471, 86, 236, '219', 0),
	(4472, 114, 236, 'Muốn đi học nghề', 0),
	(4473, 112, 237, 'Võ Văn Thành', 0),
	(4474, 110, 237, '1989', 0),
	(4475, 109, 237, '460', 0),
	(4476, 108, 237, '457', 0),
	(4477, 107, 237, '', 0),
	(4478, 106, 237, 'Quận 9\n', 0),
	(4479, 104, 237, '', 0),
	(4480, 105, 237, '093.2708805 / 01254.550461', 0),
	(4481, 103, 237, 'bboy_norules@yahoo.com', 0),
	(4482, 102, 237, '', 0),
	(4483, 19, 237, '75', 0),
	(4484, 20, 237, '232', 0),
	(4485, 113, 237, '539', 1),
	(4486, 113, 237, '535', 1),
	(4487, 82, 237, '149', 0),
	(4488, 92, 237, '', 0),
	(4489, 83, 237, '160', 0),
	(4490, 90, 237, '', 0),
	(4491, 91, 237, '', 0),
	(4492, 86, 237, '219', 0),
	(4493, 114, 237, '', 0),
	(4494, 112, 238, 'Huỳnh Thị Hường', 0),
	(4495, 110, 238, '1989', 0),
	(4496, 109, 238, '460', 0),
	(4497, 108, 238, '458', 0),
	(4498, 107, 238, '293 Ấp phú hưng- Phú hựu- CT-ĐT\n', 0),
	(4499, 106, 238, '', 0),
	(4500, 104, 238, '', 0),
	(4501, 105, 238, '0167.955.0183', 0),
	(4502, 103, 238, 'nhong_nheo03@yahoo.com.vn', 0),
	(4503, 102, 238, '14/06/2010', 0),
	(4504, 19, 238, '75', 0),
	(4505, 20, 238, '235', 0),
	(4506, 21, 238, '139', 0),
	(4507, 113, 238, '539', 1),
	(4508, 82, 238, '153', 0),
	(4509, 92, 238, 'Kế Toán', 0),
	(4510, 83, 238, '164', 0),
	(4511, 90, 238, 'TT dạy nghề NKT và TMC Hóc môn', 0),
	(4512, 91, 238, '', 0),
	(4513, 86, 238, '219', 0),
	(4514, 93, 238, '265', 1),
	(4515, 93, 238, '276', 1),
	(4516, 114, 238, '', 0),
	(4517, 112, 239, 'Bích Thị Aisa', 0),
	(4518, 110, 239, '1986', 0),
	(4519, 109, 239, '460', 0),
	(4520, 108, 239, '458', 0),
	(4521, 107, 239, 'Thôn Lạc Trị- xã Phú lạc- Tuy Phong - Bình thuận\n', 0),
	(4522, 106, 239, '', 0),
	(4523, 104, 239, '', 0),
	(4524, 105, 239, '0169.246.4317', 0),
	(4525, 103, 239, '', 0),
	(4526, 102, 239, '14/06/2010', 0),
	(4527, 19, 239, '75', 0),
	(4528, 20, 239, '232', 0),
	(4529, 113, 239, '539', 1),
	(4530, 113, 239, '535', 1),
	(4531, 82, 239, '153', 0),
	(4532, 92, 239, 'Kế Toán', 0),
	(4533, 83, 239, '164', 0),
	(4534, 90, 239, 'Hóc Môn', 0),
	(4535, 91, 239, '', 0),
	(4536, 86, 239, '219', 0),
	(4537, 93, 239, '265', 1),
	(4538, 93, 239, '287', 1),
	(4539, 114, 239, '', 0),
	(4540, 88, 239, '297', 0),
	(4541, 88, 239, '298', 0),
	(4542, 112, 240, 'Nguyễn Thị Hồ Điệp', 0),
	(4543, 110, 240, '1967', 0),
	(4544, 109, 240, '462', 0),
	(4545, 108, 240, '458', 0),
	(4546, 107, 240, 'A260 Ấp 4', 0),
	(4547, 106, 240, '\n', 0),
	(4548, 104, 240, '', 0),
	(4549, 105, 240, '01677.657.066', 0),
	(4550, 103, 240, '', 0),
	(4551, 102, 240, '15/06/2010', 0),
	(4552, 19, 240, '109', 0),
	(4553, 21, 240, '135', 0),
	(4554, 82, 240, '152', 0),
	(4555, 92, 240, 'May Dân dụng', 0),
	(4556, 83, 240, '160', 0),
	(4557, 90, 240, '', 0),
	(4558, 91, 240, '', 0),
	(4559, 86, 240, '219', 0),
	(4560, 114, 240, '', 0),
	(4561, 88, 240, '305', 0),
	(4562, 112, 241, 'Nguyễn Thị Huỳnh Lê', 0),
	(4563, 110, 241, '1991', 0),
	(4564, 109, 241, '459', 0),
	(4565, 108, 241, '458', 0),
	(4566, 107, 241, '223/5A Trần quang diệu, TP Long Xuyên, An giang\n', 0),
	(4567, 106, 241, '215 Võ Thị sáu, P.7, Q.3, TP.HCM\n', 0),
	(4568, 104, 241, '', 0),
	(4569, 105, 241, '01677.657.006/ 01649.146.477 ( Mai - bạn Lê)', 0),
	(4570, 103, 241, '', 0),
	(4571, 102, 241, '15/06/2010', 0),
	(4572, 19, 241, '75', 0),
	(4573, 20, 241, '232', 0),
	(4574, 82, 241, '152', 0),
	(4575, 92, 241, 'Đồ họa vi tính', 0),
	(4576, 83, 241, '160', 0),
	(4577, 90, 241, '', 0),
	(4578, 91, 241, '', 0),
	(4579, 86, 241, '219', 0),
	(4580, 114, 241, '', 0),
	(4581, 112, 242, ' Đoàn Thị Diệu Huyền', 0),
	(4582, 110, 242, '1988', 0),
	(4583, 109, 242, '460', 0),
	(4584, 108, 242, '458', 0),
	(4585, 107, 242, '58/96/28C Phan chu trinh, P.24, Q. Bình thạnh\n', 0),
	(4586, 106, 242, '', 0),
	(4587, 104, 242, '', 0),
	(4588, 105, 242, '0122.5798.048', 0),
	(4589, 103, 242, '', 0),
	(4590, 102, 242, '16/06/2010', 0),
	(4591, 19, 242, '73', 1),
	(4592, 82, 242, '150', 0),
	(4593, 92, 242, '', 0),
	(4594, 83, 242, '160', 0),
	(4595, 90, 242, '', 0),
	(4596, 91, 242, '', 0),
	(4597, 86, 242, '219', 0),
	(4598, 114, 242, '', 0),
	(4599, 112, 243, 'Tống Thị Tuyết Nhung', 0),
	(4600, 110, 243, '1982', 0),
	(4601, 109, 243, '460', 0),
	(4602, 108, 243, '458', 0),
	(4603, 107, 243, '258/136 Nguyễn Duy, P.9, Q.8\n', 0),
	(4604, 106, 243, '', 0),
	(4605, 104, 243, '', 0),
	(4606, 105, 243, '093.727.0645', 0),
	(4607, 103, 243, 'nhung20092001@yahoo.com', 0),
	(4608, 102, 243, '16/06/2010', 0),
	(4609, 19, 243, '73', 1),
	(4610, 82, 243, '151', 0),
	(4611, 92, 243, '', 0),
	(4612, 83, 243, '160', 0),
	(4613, 90, 243, '', 0),
	(4614, 91, 243, '', 0),
	(4615, 86, 243, '219', 0),
	(4616, 93, 243, '500', 0),
	(4617, 93, 243, '509', 0),
	(4618, 114, 243, '', 0),
	(4619, 112, 244, 'Vũ Văn Trương', 0),
	(4620, 110, 244, '1989', 0),
	(4621, 109, 244, '460', 0),
	(4622, 108, 244, '457', 0),
	(4623, 107, 244, 'Nam Lợi- Nam Trực- Nam Định\n', 0),
	(4624, 106, 244, '217/A10 Xô viết nghệ tĩnh\n', 0),
	(4625, 104, 244, '', 0),
	(4626, 105, 244, '0977.636.523', 0),
	(4627, 103, 244, 'changtrai_codon1988tr@yahoo.com', 0),
	(4628, 102, 244, '17/06/2010', 0),
	(4629, 19, 244, '75', 0),
	(4630, 20, 244, '233', 0),
	(4631, 82, 244, '155', 0),
	(4632, 92, 244, 'Đồ họa', 0),
	(4633, 83, 244, '165', 0),
	(4634, 90, 244, 'Đại Học Văn Lang', 0),
	(4635, 91, 244, '', 0),
	(4636, 85, 244, '481', 0),
	(4637, 86, 244, '219', 0),
	(4638, 93, 244, '510', 0),
	(4639, 114, 244, '', 0),
	(4640, 88, 244, '300', 0),
	(4641, 112, 245, 'Nguyễn Hồng Phượng Uyên', 0),
	(4642, 110, 245, '1982', 0),
	(4643, 109, 245, '460', 0),
	(4644, 108, 245, '458', 0),
	(4645, 107, 245, '457/57E CMT8, P.13, Q.10\n', 0),
	(4646, 106, 245, '', 0),
	(4647, 104, 245, '', 0),
	(4648, 105, 245, '83627251', 0),
	(4649, 103, 245, 'nguyenhongphuonguyen@yahoo.com', 0),
	(4650, 102, 245, '17/06/2010', 0),
	(4651, 19, 245, '73', 1),
	(4652, 82, 245, '150', 0),
	(4653, 92, 245, '', 0),
	(4654, 83, 245, '160', 0),
	(4655, 90, 245, '', 0),
	(4656, 91, 245, '', 0),
	(4657, 85, 245, '493', 0),
	(4658, 86, 245, '219', 0),
	(4659, 93, 245, '500', 0),
	(4660, 114, 245, '', 0),
	(4661, 112, 246, 'Nguyễn Tất Thành', 0),
	(4662, 110, 246, '1990', 0),
	(4663, 109, 246, '459', 0),
	(4664, 108, 246, '457', 0),
	(4665, 107, 246, '71/3 Bùi Đình Túy P.12, Q.Bình thạnh\n', 0),
	(4666, 106, 246, 'Đại Trạch- Bố Trạch- Quảng Bình\n', 0),
	(4667, 104, 246, '', 0),
	(4668, 105, 246, '0169.345.9974', 0),
	(4669, 103, 246, '', 0),
	(4670, 102, 246, '17/06/2010', 0),
	(4671, 19, 246, '75', 0),
	(4672, 82, 246, '155', 0),
	(4673, 92, 246, 'Họa viên kiến trúc', 0),
	(4674, 83, 246, '160', 0),
	(4675, 90, 246, 'Đại học Văn Lang', 0),
	(4676, 91, 246, '', 0),
	(4677, 86, 246, '219', 0),
	(4678, 93, 246, '510', 0),
	(4679, 114, 246, '', 0),
	(4680, 112, 247, 'Phạm Thanh Tuyền', 0),
	(4681, 110, 247, '1988', 0),
	(4682, 109, 247, '459', 0),
	(4683, 108, 247, '458', 0),
	(4684, 107, 247, '71/3 Bùi Đình Túy P.12, Q.Bình thạnh\n', 0),
	(4685, 106, 247, '', 0),
	(4686, 104, 247, '', 0),
	(4687, 105, 247, '0165.7796.970', 0),
	(4688, 103, 247, 'phamthanhtuyen88@gmail.com', 0),
	(4689, 102, 247, '17/06/2010', 0),
	(4690, 19, 247, '75', 0),
	(4691, 20, 247, '233', 0),
	(4692, 82, 247, '155', 0),
	(4693, 92, 247, 'Họa viên kiến trúc', 0),
	(4694, 83, 247, '160', 0),
	(4695, 90, 247, 'Đại học Văn Lang', 0),
	(4696, 91, 247, '', 0),
	(4697, 86, 247, '219', 0),
	(4698, 114, 247, '', 0),
	(4699, 112, 248, 'Nguyễn Minh Hòa', 0),
	(4700, 110, 248, '1992', 0),
	(4701, 109, 248, '459', 0),
	(4702, 108, 248, '457', 0),
	(4703, 107, 248, '19/7 Hiệp Thạnh, Hiệp Ninh, Tây Ninh\n', 0),
	(4704, 106, 248, '71/3 Bùi Đình Túy, Bình Thạnh\n', 0),
	(4705, 104, 248, '', 0),
	(4706, 105, 248, '0163.676.5564', 0),
	(4707, 103, 248, '', 0),
	(4708, 102, 248, '17/06/2010', 0),
	(4709, 19, 248, '75', 0),
	(4710, 20, 248, '122', 0),
	(4711, 82, 248, '152', 0),
	(4712, 92, 248, 'Họa viên kiến trúc', 0),
	(4713, 83, 248, '164', 0),
	(4714, 90, 248, 'Đại học văn lang', 0),
	(4715, 91, 248, '', 0),
	(4716, 86, 248, '219', 0),
	(4717, 93, 248, '510', 0),
	(4718, 114, 248, '', 0),
	(4719, 112, 249, 'Nguyễn Thanh Tùng', 0),
	(4720, 110, 249, '1979', 0),
	(4721, 109, 249, '461', 0),
	(4722, 108, 249, '457', 0),
	(4723, 107, 249, '286B KP2, P.7, TP.Bến tre\n', 0),
	(4724, 106, 249, '71/3 Bùi Đình Túy, Bình Thạnh\n', 0),
	(4725, 104, 249, '', 0),
	(4726, 105, 249, '090.785.9934', 0),
	(4727, 103, 249, 'tungnguyen996@gmail.com', 0),
	(4728, 102, 249, '17/06/2010', 0),
	(4729, 19, 249, '75', 0),
	(4730, 20, 249, '233', 0),
	(4731, 82, 249, '152', 0),
	(4732, 92, 249, 'Sữa chửa điện tử, họa viên kiến trúc', 0),
	(4733, 83, 249, '164', 0),
	(4734, 90, 249, 'ĐH Văn Lang, Trường dạy nghề Q. Bình thạnh', 0),
	(4735, 91, 249, '', 0),
	(4736, 85, 249, '469', 0),
	(4737, 86, 249, '219', 0),
	(4738, 93, 249, '510', 0),
	(4739, 114, 249, '', 0),
	(4740, 112, 250, 'Nguyễn Bé Hậu', 0),
	(4741, 110, 250, '1987', 0),
	(4742, 109, 250, '460', 0),
	(4743, 108, 250, '457', 0),
	(4744, 107, 250, '71/3 Bùi Đình Túy P.12, Q.Bình thạnh\n', 0),
	(4745, 106, 250, '71/3 Bùi Đình Túy P.12, Q.Bình thạnh\n', 0),
	(4746, 104, 250, '', 0),
	(4747, 105, 250, '098.365.4636', 0),
	(4748, 103, 250, '', 0),
	(4749, 102, 250, '17/06/2010', 0),
	(4750, 19, 250, '75', 0),
	(4751, 20, 250, '233', 0),
	(4752, 82, 250, '152', 0),
	(4753, 92, 250, 'Họa viên kiến trúc', 0),
	(4754, 83, 250, '164', 0),
	(4755, 90, 250, 'Đại học văn lang', 0),
	(4756, 91, 250, '', 0),
	(4757, 85, 250, '209', 0),
	(4758, 86, 250, '219', 0),
	(4759, 93, 250, '510', 0),
	(4760, 114, 250, '', 0),
	(4761, 112, 251, 'Huỳnh Dự', 0),
	(4762, 110, 251, '1946', 0),
	(4763, 109, 251, '462', 0),
	(4764, 108, 251, '457', 0),
	(4765, 107, 251, '65A/9 Huỳnh Thiên Lộc, P. Hòa Thạnh, Q. Tân phú\n', 0),
	(4766, 106, 251, '', 0),
	(4767, 104, 251, '', 0),
	(4768, 105, 251, '0126.420.8563', 0),
	(4769, 103, 251, '', 0),
	(4770, 102, 251, '28/06/2010', 0),
	(4771, 19, 251, '75', 0),
	(4772, 20, 251, '125', 0),
	(4773, 82, 251, '149', 0),
	(4774, 92, 251, '', 0),
	(4775, 83, 251, '160', 0),
	(4776, 90, 251, '', 0),
	(4777, 91, 251, '', 0),
	(4778, 85, 251, '542', 0),
	(4779, 86, 251, '219', 0),
	(4780, 114, 251, '', 0),
	(4781, 112, 252, 'Phạm Thị Hiền', 0),
	(4782, 110, 252, '1988', 0),
	(4783, 109, 252, '460', 0),
	(4784, 108, 252, '458', 0),
	(4785, 107, 252, '', 0),
	(4786, 106, 252, '92/24 Đường số 4-KP3-P. Bình Hưng Hòa A- Bình Tân\n', 0),
	(4787, 104, 252, '', 0),
	(4788, 105, 252, '090.945.6074', 0),
	(4789, 103, 252, '', 0),
	(4790, 102, 252, '', 0),
	(4791, 19, 252, '108', 0),
	(4792, 82, 252, '149', 0),
	(4793, 92, 252, '', 0),
	(4794, 83, 252, '160', 0),
	(4795, 90, 252, '', 0),
	(4796, 91, 252, '', 0),
	(4797, 86, 252, '219', 0),
	(4798, 114, 252, '', 0),
	(4799, 112, 253, 'Nguyễn Vũ Sơn', 0),
	(4800, 110, 253, '1987', 0),
	(4801, 109, 253, '460', 0),
	(4802, 108, 253, '457', 0),
	(4803, 107, 253, '39A Cư xá gỗ Long Bình, KP10, An Bình\n', 0),
	(4804, 106, 253, 'Biên Hòa- Đồng Nai\n', 0),
	(4805, 104, 253, '', 0),
	(4806, 105, 253, '0121.709.7021', 0),
	(4807, 103, 253, 'nguyenvuson9987@gmail.com', 0),
	(4808, 102, 253, '25/06/2010', 0),
	(4809, 19, 253, '75', 0),
	(4810, 20, 253, '232', 0),
	(4811, 113, 253, '536', 0),
	(4812, 82, 253, '152', 0),
	(4813, 92, 253, 'Họa viên kiến trúc', 0),
	(4814, 83, 253, '164', 0),
	(4815, 90, 253, 'Đại học văn lang', 0),
	(4816, 91, 253, '', 0),
	(4817, 86, 253, '219', 0),
	(4818, 114, 253, '', 0),
	(4819, 112, 254, 'Hoàng Văn Hùng', 0),
	(4820, 110, 254, '1989', 0),
	(4821, 109, 254, '460', 0),
	(4822, 108, 254, '457', 0),
	(4823, 107, 254, '41/6 Quang Trung, Q. Tân Bình\n', 0),
	(4824, 106, 254, '', 0),
	(4825, 104, 254, '', 0),
	(4826, 105, 254, '098.778.8844', 0),
	(4827, 103, 254, 'starnguyen44@gmail.com', 0),
	(4828, 102, 254, '21/06/2010', 0),
	(4829, 19, 254, '74', 0),
	(4830, 20, 254, '119', 0),
	(4831, 82, 254, '151', 0),
	(4832, 92, 254, '', 0),
	(4833, 83, 254, '160', 0),
	(4834, 90, 254, '', 0),
	(4835, 91, 254, '', 0),
	(4836, 85, 254, '194', 0),
	(4837, 86, 254, '219', 0),
	(4838, 114, 254, '', 0),
	(4839, 112, 255, 'Đặng Hữu Phúc', 0),
	(4840, 110, 255, '1987', 0),
	(4841, 109, 255, '460', 0),
	(4842, 108, 255, '457', 0),
	(4843, 107, 255, 'Tân Bình- Bàu Chinh-Châu Đức- BRVT\n', 0),
	(4844, 106, 255, '', 0),
	(4845, 104, 255, '', 0),
	(4846, 105, 255, '098.844.2851', 0),
	(4847, 103, 255, '', 0),
	(4848, 102, 255, '02/07/2010', 0),
	(4849, 19, 255, '75', 0),
	(4850, 20, 255, '236', 0),
	(4851, 82, 255, '152', 0),
	(4852, 92, 255, 'Thiết kế quảng cáo', 0),
	(4853, 83, 255, '160', 0),
	(4854, 90, 255, '', 0),
	(4855, 91, 255, '', 0),
	(4856, 86, 255, '219', 0),
	(4857, 114, 255, '', 0),
	(4858, 88, 255, '300', 0),
	(4859, 112, 256, 'Nguyễn Sỹ Luân', 0),
	(4860, 110, 256, '1985', 0),
	(4861, 109, 256, '460', 0),
	(4862, 108, 256, '457', 0),
	(4863, 107, 256, '100 Phạm Phú Thứ,P11,Q Tân Bình\n', 0),
	(4864, 106, 256, '', 0),
	(4865, 104, 256, '', 0),
	(4866, 105, 256, '097.253.4362', 0),
	(4867, 103, 256, 'ng.sytuan@gmail.com', 0),
	(4868, 102, 256, '08/07/2010', 0),
	(4869, 19, 256, '75', 0),
	(4870, 20, 256, '232', 0),
	(4871, 82, 256, '152', 0),
	(4872, 92, 256, 'đồ họa', 0),
	(4873, 83, 256, '164', 0),
	(4874, 90, 256, '', 0),
	(4875, 91, 256, '', 0),
	(4876, 86, 256, '219', 0),
	(4877, 93, 256, '287', 0),
	(4878, 93, 256, '520', 0),
	(4879, 114, 256, '', 0),
	(4880, 88, 256, '300', 0),
	(4881, 112, 257, 'Mai Thị Thanh Xuân', 0),
	(4882, 110, 257, '1973', 0),
	(4883, 109, 257, '461', 0),
	(4884, 108, 257, '458', 0),
	(4885, 107, 257, '35/7 L xuân thới Đông, huyện HM\n', 0),
	(4886, 106, 257, '', 0),
	(4887, 104, 257, '', 0),
	(4888, 105, 257, '090.845.4197', 0),
	(4889, 103, 257, 'thanhthanhs@yahoo.com', 0),
	(4890, 102, 257, '08/07/2010', 0),
	(4891, 19, 257, '109', 0),
	(4892, 82, 257, '151', 0),
	(4893, 92, 257, '', 0),
	(4894, 83, 257, '160', 0),
	(4895, 90, 257, '', 0),
	(4896, 91, 257, '', 0),
	(4897, 86, 257, '219', 0),
	(4898, 93, 257, '276', 0),
	(4899, 93, 257, '287', 0),
	(4900, 93, 257, '504', 0),
	(4901, 114, 257, '', 0),
	(4902, 88, 257, '297', 0),
	(4903, 88, 257, '298', 0),
	(4904, 88, 257, '299', 0),
	(4955, 46, 260, '414', 0),
	(4954, 117, 260, '552', 0),
	(4953, 33, 260, '', 0),
	(4952, 31, 260, '(84-8) 38155571 - 38163302 - 38163628 - 38163629', 0),
	(4951, 32, 260, 'decotex@hcm.vnnn.vn', 0),
	(4950, 30, 260, 'Khu Công nghiệp Tân Bình Lô II-2A Đường 13 Quận Tân Phú Thành Phố Hồ Chí Minh', 0),
	(4956, 45, 260, '403', 0),
	(4957, 50, 260, '', 0),
	(4958, 52, 260, '444', 0),
	(4959, 55, 260, '', 0),
	(4960, 29, 261, 'Đan Phương Trách Nhiệm Hữu Hạn', 0),
	(4961, 36, 261, '22', 0),
	(4962, 38, 261, '36', 0),
	(4963, 39, 261, '', 0),
	(4964, 34, 261, 'Ông Lê Tử Kỳ', 0),
	(4965, 40, 261, '', 0),
	(4966, 30, 261, '13/9 Khu Phố 5 Phan Văn hớn Phường Tân Thới Nhất Quận 12 Thành phố Hồ Chí MInh', 0),
	(4967, 32, 261, 'letukynf@hcm.vnn.vn', 0),
	(4968, 31, 261, '(84-8) 37191472', 0),
	(4969, 33, 261, '', 0),
	(4970, 117, 261, '552', 0),
	(4971, 46, 261, '414', 0),
	(4972, 45, 261, '403', 0),
	(4973, 50, 261, '', 0),
	(4974, 52, 261, '444', 0),
	(4975, 55, 261, '', 0),
	(4976, 29, 262, 'Đặng Nam Phương trách nhiệm hữu hạn', 0),
	(4977, 36, 262, '22', 0),
	(4978, 38, 262, '36', 0),
	(4979, 39, 262, '', 0),
	(4980, 34, 262, 'Ông Đặng Đình Phương', 0),
	(4981, 40, 262, '', 0),
	(4982, 30, 262, '241 Lầu 4 Phòng 4.1 Điện Biên Phủ Phường 6 Quận 3 Thành Phố HỒ Chí Minh', 0),
	(4983, 32, 262, 'tri.tv@manhhungachau.com', 0),
	(4984, 31, 262, '(84-8) 38257216', 0),
	(4985, 33, 262, '', 0),
	(4986, 117, 262, '552', 0),
	(4987, 46, 262, '414', 0),
	(4988, 45, 262, '403', 0),
	(4989, 50, 262, '', 0),
	(4990, 52, 262, '444', 0),
	(4991, 55, 262, '', 0),
	(4992, 29, 263, 'Điệp Vũ trách nhiệm hữu hạn sản xuất thương mại', 0),
	(4993, 36, 263, '22', 0),
	(4994, 38, 263, '36', 0),
	(4995, 39, 263, '(84-8) 54473700, 54473699 ', 0),
	(4996, 34, 263, 'Ông Tăng Tuấn Vũ', 0),
	(4997, 40, 263, '', 0),
	(4998, 30, 263, '500/44 Nguyễn Anh Thủ Phường Hiệp Thành Quận 12 Thành phố Hồ Chí Minh', 0),
	(4999, 32, 263, 'diepvu@paperconevn.com', 0),
	(5000, 31, 263, '(84-8) 35974402', 0),
	(5001, 33, 263, 'www.paperconevn.com', 0),
	(5002, 117, 263, '552', 0),
	(5003, 46, 263, '414', 0),
	(5004, 45, 263, '403', 0),
	(5005, 50, 263, '', 0),
	(5006, 52, 263, '444', 0),
	(5007, 55, 263, '', 0),
	(5008, 29, 264, 'H.A.B Trách Nhiệm Hữu Hạn', 0),
	(5009, 36, 264, '22', 0),
	(5010, 38, 264, '36', 0),
	(5011, 39, 264, '(84) 8 62969652', 0),
	(5012, 34, 264, 'Ông Trần Đắc Khiêm', 0),
	(5013, 40, 264, '(84) 903646053', 0),
	(5014, 30, 264, '16 Cửu Long Phường 2 Quận Tân Bình Thành phố Hồ Chí Minh', 0),
	(5015, 32, 264, 'textile@hab.com.vn', 0),
	(5016, 31, 264, '(84-8) 62969622', 0),
	(5017, 33, 264, 'http://hab.com.vn/', 0),
	(5018, 117, 264, '552', 0),
	(5019, 46, 264, '414', 0),
	(5020, 45, 264, '403', 0),
	(5021, 50, 264, '', 0),
	(5022, 52, 264, '444', 0),
	(5023, 55, 264, '', 0),
	(5024, 29, 265, 'Lan Trần trách nhiệm hữu hạn Dệt may', 0),
	(5025, 36, 265, '22', 0),
	(5026, 38, 265, '36', 0),
	(5027, 39, 265, '08.9717382', 0),
	(5028, 34, 265, 'Bà Trần Thị Lan', 0),
	(5029, 40, 265, '', 0),
	(5030, 30, 265, 'Số 3 Duy Tân Phường 8 Quận Tân Bình Thành phố Hồ Chí Minh', 0),
	(5031, 32, 265, 'lantranknit@hcm.vnn.vn', 0),
	(5032, 31, 265, '(08) 8647384 - (08) 9717380', 0),
	(5033, 33, 265, 'www.lantranknit.com', 0),
	(5034, 117, 265, '552', 0),
	(5035, 46, 265, '414', 0),
	(5036, 45, 265, '403', 0),
	(5037, 50, 265, '', 0),
	(5038, 52, 265, '444', 0),
	(5039, 55, 265, '', 0),
	(5040, 29, 266, 'Minh Đạt Trách nhiệm hữu hạn Sản xuất - Thương Mại - Dịch Vụ', 0),
	(5041, 36, 266, '22', 0),
	(5042, 38, 266, '36', 0),
	(5043, 39, 266, '', 0),
	(5044, 34, 266, 'Ông Kha Đức', 0),
	(5045, 40, 266, '', 0),
	(5046, 30, 266, '1044A Tỉnh Lộ 10 Phường Tân Tạo Quận Bình Tân Thành phố Hồ Chí Minh', 0),
	(5047, 32, 266, 'midaco@hcm.vnn.vn', 0),
	(5048, 31, 266, '(84 - 8) 37505415 - 37540126 - 38585807', 0),
	(5049, 33, 266, '', 0),
	(5050, 117, 266, '552', 0),
	(5051, 46, 266, '414', 0),
	(5052, 45, 266, '403', 0),
	(5053, 50, 266, '', 0),
	(5054, 52, 266, '444', 0),
	(5055, 55, 266, '', 0),
	(5056, 29, 267, 'Nhà đẹp trách nhiệm hữu hạn thương mại & dịch vụ', 0),
	(5057, 36, 267, '22', 0),
	(5058, 38, 267, '36', 0),
	(5059, 39, 267, '', 0),
	(5060, 34, 267, 'Bà Lưu Thị Quỳnh Như', 0),
	(5061, 40, 267, '', 0),
	(5062, 30, 267, '99 Điện Biên Phủ Phường Đakao Quận 1 Thành phố Hồ Chí Minh', 0),
	(5063, 32, 267, '', 0),
	(5064, 31, 267, '(84 - 8) 54046455', 0),
	(5065, 33, 267, '', 0),
	(5066, 117, 267, '552', 0),
	(5067, 46, 267, '414', 0),
	(5068, 45, 267, '403', 0),
	(5069, 50, 267, '', 0),
	(5070, 52, 267, '444', 0),
	(5071, 55, 267, '', 0),
	(5072, 29, 268, 'Nhật Du Trách Nhiệm hữu hạn', 0),
	(5073, 36, 268, '22', 0),
	(5074, 38, 268, '36', 0),
	(5075, 39, 268, '', 0),
	(5076, 34, 268, 'Bà Trần Thị Mỹ Trinh', 0),
	(5077, 40, 268, '', 0),
	(5078, 30, 268, 'A12/3B Đường 43 Phường Bình Thuận Quận 7 Thành phố Hồ Chí Minh', 0),
	(5079, 32, 268, 'happytour@hcm.fpt.vn', 0),
	(5080, 31, 268, '(84-8) 38731339', 0),
	(5081, 33, 268, '', 0),
	(5082, 117, 268, '552', 0),
	(5083, 46, 268, '414', 0),
	(5084, 45, 268, '403', 0),
	(5085, 50, 268, '', 0),
	(5086, 52, 268, '444', 0),
	(5087, 55, 268, '', 0),
	(5088, 29, 269, 'Tân Vinh Phát Trách nhiệm hữu hạn Dây thun', 0),
	(5089, 36, 269, '22', 0),
	(5090, 38, 269, '36', 0),
	(5091, 39, 269, '', 0),
	(5092, 34, 269, 'Ông Huỳnh Thanh Trung', 0),
	(5093, 40, 269, '', 0),
	(5094, 30, 269, '904 Hậu Giang Phường 12 Quận 6 Thành phố Hồ Chí Minh', 0),
	(5095, 32, 269, 'tvptrung@yahoo.com', 0),
	(5096, 31, 269, '(84-8) 38752469', 0),
	(5097, 33, 269, '', 0),
	(5098, 117, 269, '552', 0),
	(5099, 46, 269, '414', 0),
	(5100, 45, 269, '403', 0),
	(5101, 50, 269, '', 0),
	(5102, 52, 269, '444', 0),
	(5103, 55, 269, '', 0),
	(5104, 29, 270, 'Thành Công trách nhiệm hữu hạn Thương Mại', 0),
	(5105, 36, 270, '22', 0),
	(5106, 38, 270, '36', 0),
	(5107, 39, 270, '', 0),
	(5108, 34, 270, 'Ông Đặng Công Tín', 0),
	(5109, 40, 270, '', 0),
	(5110, 30, 270, '1007 Lạc Long Quân Phường 11 Quận Tân Bình Thành phố Hồ Chí Minh', 0),
	(5111, 32, 270, 'textile@thanhcongtm.com.vn', 0),
	(5112, 31, 270, '(84-8) 38651692', 0),
	(5113, 33, 270, '', 0),
	(5114, 117, 270, '552', 0),
	(5115, 46, 270, '414', 0),
	(5116, 45, 270, '403', 0),
	(5117, 50, 270, '', 0),
	(5118, 52, 270, '444', 0),
	(5119, 55, 270, '', 0),
	(5120, 29, 271, 'Thiên Hào trách nhiệm hữu hạn sản xuất - dịch vụ - thương mại', 0),
	(5121, 36, 271, '22', 0),
	(5122, 38, 271, '36', 0),
	(5123, 39, 271, '', 0),
	(5124, 34, 271, 'Ông Phạm Tuấn Huy', 0),
	(5125, 40, 271, '', 0),
	(5126, 30, 271, 'B24 Khu Bàu Cát Phường 14 Quận Tân Bình Thành phố Hồ Chí Minh', 0),
	(5127, 32, 271, 'huy@thienhaotextile.com', 0),
	(5128, 31, 271, '(84-8) 38494964', 0),
	(5129, 33, 271, '', 0),
	(5130, 117, 271, '552', 0),
	(5131, 46, 271, '414', 0),
	(5132, 45, 271, '403', 0),
	(5133, 50, 271, '', 0),
	(5134, 52, 271, '444', 0),
	(5135, 55, 271, '', 0),
	(5136, 29, 272, 'Thiệu hoa trách nhiệm hữu hạn', 0),
	(5137, 36, 272, '22', 0),
	(5138, 38, 272, '36', 0),
	(5139, 39, 272, '', 0),
	(5140, 34, 272, 'Ông Hà Cẩm Huy', 0),
	(5141, 40, 272, '', 0),
	(5142, 30, 272, '9/7A Quang Trung Phường 10 Quận Gò Vấp Thành phố Hồ Chí Minh', 0),
	(5143, 32, 272, 'camhuy@hcm.fpt.vn', 0),
	(5144, 31, 272, '(84-8)38940000', 0),
	(5145, 33, 272, '', 0),
	(5146, 117, 272, '552', 0),
	(5147, 46, 272, '414', 0),
	(5148, 45, 272, '403', 0),
	(5149, 50, 272, '', 0),
	(5150, 52, 272, '444', 0),
	(5151, 55, 272, '', 0),
	(5152, 29, 273, 'Trách nhiệm hữu hạn sản xuất thương mại  - Dịch vụ Da @ Giả da Phước Hải', 0),
	(5153, 36, 273, '22', 0),
	(5154, 38, 273, '36', 0),
	(5155, 39, 273, '', 0),
	(5156, 34, 273, 'Ông Lê Anh Sơn', 0),
	(5157, 40, 273, '', 0),
	(5158, 30, 273, '72/25/10 Phú Thọ Hòa Phường Phú Thọ Hòa Quận Tân Phú Thành Phố Hồ Chí Minh', 0),
	(5159, 32, 273, 'phuochaileather@yahoo.com', 0),
	(5160, 31, 273, '(84-8) 39787298', 0),
	(5161, 33, 273, '', 0),
	(5162, 117, 273, '552', 0),
	(5163, 46, 273, '414', 0),
	(5164, 45, 273, '403', 0),
	(5165, 50, 273, '', 0),
	(5166, 52, 273, '444', 0),
	(5167, 55, 273, '', 0),
	(5168, 29, 274, 'Doanh nghiệp tư nhân Nhật Tiến may thêu kết cườm', 0),
	(5169, 36, 274, '22', 0),
	(5170, 38, 274, '36', 0),
	(5171, 39, 274, '', 0),
	(5172, 34, 274, 'Bà Võ Thị Liên', 0),
	(5173, 40, 274, '', 0),
	(5174, 30, 274, '129/14/39 Lê Đức Thọ Phường 13 Quận Gò Vấp', 0),
	(5175, 32, 274, 'theuketcuomnhattien@yahoo.com', 0),
	(5176, 31, 274, '(84-8) 39161706', 0),
	(5177, 33, 274, '', 0),
	(5178, 117, 274, '552', 0),
	(5179, 46, 274, '414', 0),
	(5180, 45, 274, '403', 0),
	(5181, 50, 274, '', 0),
	(5182, 52, 274, '444', 0),
	(5183, 55, 274, '', 0),
	(5184, 29, 275, 'An Dương - cty Trách nhiệm hữu hạn Thương mại dịch vụ', 0),
	(5185, 36, 275, '22', 0),
	(5186, 38, 275, '36', 0),
	(5187, 39, 275, '', 0),
	(5188, 34, 275, 'Bà Nguyễn Anh Tú', 0),
	(5189, 40, 275, '', 0),
	(5190, 30, 275, '781/B11 Lê Hồng Phong Phường 12 Quận 10 Thành phố Hồ Chí Minh', 0),
	(5191, 32, 275, 'anhduong@hcm.vnn.vn', 0),
	(5192, 31, 275, '(84-8) 38620471 - 38620472 - 38620476', 0),
	(5193, 33, 275, '', 0),
	(5194, 117, 275, '552', 0),
	(5195, 46, 275, '414', 0),
	(5196, 45, 275, '403', 0),
	(5197, 50, 275, '', 0),
	(5198, 52, 275, '444', 0),
	(5199, 55, 275, '', 0),
	(5200, 29, 276, 'Bách Phát - cty Trách nhiệm hữu hạn Dệt', 0),
	(5201, 36, 276, '22', 0),
	(5202, 38, 276, '36', 0),
	(5203, 39, 276, '', 0),
	(5204, 34, 276, 'Ông Trần Quang', 0),
	(5205, 40, 276, '', 0),
	(5206, 30, 276, '5/4 Khu Phố 5 Tân Thới Nhất 8 Phường Tân Thới Nhất Quận 12 Thành phố Hồ Chí Minh', 0),
	(5207, 32, 276, '', 0),
	(5208, 31, 276, '(84-8) 35920488', 0),
	(5209, 33, 276, '', 0),
	(5210, 117, 276, '552', 0),
	(5211, 46, 276, '414', 0),
	(5212, 45, 276, '403', 0),
	(5213, 50, 276, '', 0),
	(5214, 52, 276, '444', 0),
	(5215, 55, 276, '', 0),
	(5216, 29, 277, 'bách Sinh - cty Trách Nhiệm hữu hạn thương mại @ dịch vụ', 0),
	(5217, 36, 277, '22', 0),
	(5218, 38, 277, '36', 0),
	(5219, 39, 277, '', 0),
	(5220, 34, 277, 'Ông Mai Long', 0),
	(5221, 40, 277, '', 0),
	(5222, 30, 277, '37/32 Đường C1 Cộng hòa Phường 13 Quận Tân Bình Thành phố Hồ Chí Minh', 0),
	(5223, 32, 277, 'phoenixvn@hcm.vnn.vn', 0),
	(5224, 31, 277, '(84-8) 38908928 - 38497298', 0),
	(5225, 33, 277, '', 0),
	(5226, 117, 277, '552', 0),
	(5227, 46, 277, '414', 0),
	(5228, 45, 277, '403', 0),
	(5229, 50, 277, '', 0),
	(5230, 52, 277, '444', 0),
	(5231, 55, 277, '', 0),
	(5232, 29, 278, 'Bảo Anh - cty trách nhiệm hữu hạn sản xuất thương mại', 0),
	(5233, 36, 278, '22', 0),
	(5234, 38, 278, '36', 0),
	(5235, 39, 278, '', 0),
	(5236, 34, 278, 'Ông Nguyễn Đình Lân', 0),
	(5237, 40, 278, '', 0),
	(5238, 30, 278, '1W Điện Biên Phủ Phường 25 Quận Bình THạnh Thành phố Hồ Chí Minh', 0),
	(5239, 32, 278, '', 0),
	(5240, 31, 278, '(84-8) 38992591', 0),
	(5241, 33, 278, '', 0),
	(5242, 117, 278, '552', 0),
	(5243, 46, 278, '414', 0),
	(5244, 45, 278, '403', 0),
	(5245, 50, 278, '', 0),
	(5246, 52, 278, '444', 0),
	(5247, 55, 278, '', 0),
	(5248, 29, 279, 'Băng Tâm - Cửu Hàng', 0),
	(5249, 36, 279, '22', 0),
	(5250, 38, 279, '36', 0),
	(5251, 39, 279, '', 0),
	(5252, 34, 279, 'Bà Trần Thị Kim Liên', 0),
	(5253, 40, 279, '', 0),
	(5254, 30, 279, '10E Lê Minh Xuân Phường 7 Quận Tân Bình Thành phố Hồ Chí Minh', 0),
	(5255, 32, 279, '', 0),
	(5256, 31, 279, '(84-8) 39714530', 0),
	(5257, 33, 279, '', 0),
	(5258, 117, 279, '552', 0),
	(5259, 46, 279, '414', 0),
	(5260, 45, 279, '403', 0),
	(5261, 50, 279, '', 0),
	(5262, 52, 279, '444', 0),
	(5263, 55, 279, '', 0),
	(5264, 29, 280, 'Bắc Việt - Cty Trách nhiệm hữu hạn thương mại sản xuất vải sợi', 0),
	(5265, 36, 280, '22', 0),
	(5266, 38, 280, '36', 0),
	(5267, 39, 280, '', 0),
	(5268, 34, 280, 'Ông Trần Lương', 0),
	(5269, 40, 280, '', 0),
	(5270, 30, 280, '354/6A Cộng hòa Phường 13 Quận Tân Bình Thành phố Hồ Chí Minh', 0),
	(5271, 32, 280, '', 0),
	(5272, 31, 280, '(84-8) 22448327 - 22248327', 0),
	(5273, 33, 280, '', 0),
	(5274, 117, 280, '552', 0),
	(5275, 46, 280, '414', 0),
	(5276, 45, 280, '403', 0),
	(5277, 50, 280, '', 0),
	(5278, 52, 280, '444', 0),
	(5279, 55, 280, '', 0),
	(5280, 29, 281, 'Chín Thắng - Cửu hàng vải', 0),
	(5281, 36, 281, '22', 0),
	(5282, 38, 281, '36', 0),
	(5283, 39, 281, '', 0),
	(5284, 34, 281, '', 0),
	(5285, 40, 281, '', 0),
	(5286, 30, 281, '100 Lê Minh Xuân Phường 7 Quận tân Bình Thành phố Hồ Chí Minh', 0),
	(5287, 32, 281, '', 0),
	(5288, 31, 281, '(84 - 8) 39711213', 0),
	(5289, 33, 281, '', 0),
	(5290, 117, 281, '552', 0),
	(5291, 46, 281, '414', 0),
	(5292, 45, 281, '403', 0),
	(5293, 50, 281, '', 0),
	(5294, 52, 281, '444', 0),
	(5295, 55, 281, '', 0),
	(5296, 29, 282, 'Choongnam Việt Thắng - Cty Liên doanh', 0),
	(5297, 36, 282, '22', 0),
	(5298, 38, 282, '36', 0),
	(5299, 39, 282, '', 0),
	(5300, 34, 282, 'Ông Chae Soo Young', 0),
	(5301, 40, 282, '', 0),
	(5302, 30, 282, '127 Lê Văn Chí Phường Linh Trung Quận Thủ Đức Thành phố Hồ Chí Minh', 0),
	(5303, 32, 282, '', 0),
	(5304, 31, 282, '(84-8) 38966936 - 38960966 - 38965237', 0),
	(5305, 33, 282, '', 0),
	(5306, 117, 282, '552', 0),
	(5307, 46, 282, '414', 0),
	(5308, 45, 282, '403', 0),
	(5309, 50, 282, '', 0),
	(5310, 52, 282, '444', 0),
	(5311, 55, 282, '', 0),
	(5312, 29, 283, 'Cọp Bay Doanh nghiệp tư nhân Sản xuất & Thương Mại - Cn', 0),
	(5313, 36, 283, '22', 0),
	(5314, 38, 283, '36', 0),
	(5315, 39, 283, '', 0),
	(5316, 34, 283, 'Bà Trương Thị Mỹ Hạnh', 0),
	(5317, 40, 283, '', 0),
	(5318, 30, 283, '620 Hoàng Văn Thụ Phường 4 Quận Tân Bình Thành phố Hồ Chí Minh', 0),
	(5319, 32, 283, 'flyingtiger@vnn.vn', 0),
	(5320, 31, 283, '(84-8) 38117623 - 39122498', 0),
	(5321, 33, 283, '', 0),
	(5322, 117, 283, '552', 0),
	(5323, 46, 283, '414', 0),
	(5324, 45, 283, '403', 0),
	(5325, 50, 283, '', 0),
	(5326, 52, 283, '444', 0),
	(5327, 55, 283, '', 0),
	(5328, 29, 284, 'Cơ sở An Hòa sản xuất thương mại Công Nghiệp', 0),
	(5329, 36, 284, '22', 0),
	(5330, 38, 284, '36', 0),
	(5331, 39, 284, '', 0),
	(5332, 34, 284, 'Bà Lý Hồng Bích Nhung', 0),
	(5333, 40, 284, '', 0),
	(5334, 30, 284, '7/10B Ấp 4 Xã Đông Thạnh Huyện Hóc Môn Thành phố Hồ Chí Minh', 0),
	(5335, 32, 284, '', 0),
	(5336, 31, 284, '(84-8) 37114800', 0),
	(5337, 33, 284, '', 0),
	(5338, 117, 284, '552', 0),
	(5339, 46, 284, '414', 0),
	(5340, 45, 284, '403', 0),
	(5341, 50, 284, '', 0),
	(5342, 52, 284, '444', 0),
	(5343, 55, 284, '', 0),
	(5344, 29, 285, 'Cơ sở Anh Thư', 0),
	(5345, 36, 285, '22', 0),
	(5346, 38, 285, '36', 0),
	(5347, 39, 285, '', 0),
	(5348, 34, 285, '', 0),
	(5349, 40, 285, '', 0),
	(5350, 30, 285, '92 Trần Mai Ninh Phường 12 Quận Tân Bình Thành phố Hồ Chí Minh', 0),
	(5351, 32, 285, '', 0),
	(5352, 31, 285, '(84-8) 38429486', 0),
	(5353, 33, 285, '', 0),
	(5354, 117, 285, '552', 0),
	(5355, 46, 285, '414', 0),
	(5356, 45, 285, '403', 0),
	(5357, 50, 285, '', 0),
	(5358, 52, 285, '444', 0),
	(5359, 55, 285, '', 0),
	(5360, 29, 286, 'Cơ Sở Anh Trường thêu', 0),
	(5361, 36, 286, '22', 0),
	(5362, 38, 286, '36', 0),
	(5363, 39, 286, '', 0),
	(5364, 34, 286, 'Ông Nguyễn Văn Xứng', 0),
	(5365, 40, 286, '', 0),
	(5366, 30, 286, '40 Phạm Phú Thứu Phường 11 Quận Tân Bình Thành phố Hồ Chí Minh', 0),
	(5367, 32, 286, '', 0),
	(5368, 31, 286, '(84-8) 38651607', 0),
	(5369, 33, 286, '', 0),
	(5370, 117, 286, '552', 0),
	(5371, 46, 286, '414', 0),
	(5372, 45, 286, '403', 0),
	(5373, 50, 286, '', 0),
	(5374, 52, 286, '444', 0),
	(5375, 55, 286, '', 0),
	(5376, 29, 287, 'Cơ sở Âu Văn Thảo', 0),
	(5377, 36, 287, '22', 0),
	(5378, 38, 287, '36', 0),
	(5379, 39, 287, '', 0),
	(5380, 34, 287, 'Ông Âu Văn Thuận', 0),
	(5381, 40, 287, '', 0),
	(5382, 30, 287, '12 Phan Đình Phùng Phường 2 Quận Phú Nhuận Thành phố Hồ Chí Minh', 0),
	(5383, 32, 287, '', 0),
	(5384, 31, 287, '(84-8) 38492225', 0),
	(5385, 33, 287, '', 0),
	(5386, 117, 287, '552', 0),
	(5387, 46, 287, '414', 0),
	(5388, 45, 287, '403', 0),
	(5389, 50, 287, '', 0),
	(5390, 52, 287, '444', 0),
	(5391, 55, 287, '', 0),
	(5392, 29, 288, 'Cơ Sở Bông Nam Sản Xuất', 0),
	(5393, 36, 288, '22', 0),
	(5394, 38, 288, '36', 0),
	(5395, 39, 288, '', 0),
	(5396, 34, 288, 'Ông Vũ Đình Dần', 0),
	(5397, 40, 288, '', 0),
	(5398, 30, 288, 'Lô E Cụm Công Nghiệp Quang Trung Phường Hiệp Thành Quận 12 Thành phố Hồ Chí Minh', 0),
	(5399, 32, 288, '', 0),
	(5400, 31, 288, '(84-8) 37112016', 0),
	(5401, 33, 288, '', 0),
	(5402, 117, 288, '552', 0),
	(5403, 46, 288, '414', 0),
	(5404, 45, 288, '403', 0),
	(5405, 50, 288, '', 0),
	(5406, 52, 288, '444', 0),
	(5407, 55, 288, '', 0),
	(5408, 29, 289, 'Cơ Sở Cẩm Gia', 0),
	(5409, 36, 289, '22', 0),
	(5410, 38, 289, '36', 0),
	(5411, 39, 289, '', 0),
	(5412, 34, 289, 'Ông Lâm Bảo Trung', 0),
	(5413, 40, 289, '', 0),
	(5414, 30, 289, 'B2/3A Quốc Lộ 1A Xã Tân Kiên Huyện Bình Cháng Thành Phố Hồ Chí Minh', 0),
	(5415, 32, 289, '', 0),
	(5416, 31, 289, '(84 -8) 37560689', 0),
	(5417, 33, 289, '', 0),
	(5418, 117, 289, '552', 0),
	(5419, 46, 289, '414', 0),
	(5420, 45, 289, '403', 0),
	(5421, 50, 289, '', 0),
	(5422, 52, 289, '444', 0),
	(5423, 55, 289, '', 0),
	(5424, 29, 290, 'Cơ Sở Da Phong Thành', 0),
	(5425, 36, 290, '22', 0),
	(5426, 38, 290, '36', 0),
	(5427, 39, 290, '', 0),
	(5428, 34, 290, 'Ông Chiêm Kiểm Hon', 0),
	(5429, 40, 290, '', 0),
	(5430, 30, 290, '42/2 Quốc Lộ 22 Xã Xuân Thới Đông Huyện Hóc Môn Thành phố Hồ Chí Minh', 0),
	(5431, 32, 290, '', 0),
	(5432, 31, 290, '(84 - 8) 37109268 - 38603295 - 39617954', 0),
	(5433, 33, 290, '', 0),
	(5434, 117, 290, '552', 0),
	(5435, 46, 290, '414', 0),
	(5436, 45, 290, '403', 0),
	(5437, 50, 290, '', 0),
	(5438, 52, 290, '444', 0),
	(5439, 55, 290, '', 0),
	(5440, 29, 291, 'Cơ Sở Dệt', 0),
	(5441, 36, 291, '22', 0),
	(5442, 38, 291, '36', 0),
	(5443, 39, 291, '', 0),
	(5444, 34, 291, 'Bà Hồ Thị Kim Thoa', 0),
	(5445, 40, 291, '', 0),
	(5446, 30, 291, '441/19/13 Nguyễn Bỉnh Khiêm Phường1 Quận Gò Vấp Thành phố Hồ Chí Minh', 0),
	(5447, 32, 291, '', 0),
	(5448, 31, 291, '(84 - 8) 38940018', 0),
	(5449, 33, 291, '', 0),
	(5450, 117, 291, '552', 0),
	(5451, 46, 291, '414', 0),
	(5452, 45, 291, '403', 0),
	(5453, 50, 291, '', 0),
	(5454, 52, 291, '444', 0),
	(5455, 55, 291, '', 0),
	(5456, 29, 292, 'Cơ sở Diệu Trinh Thêu Tranh', 0),
	(5457, 36, 292, '22', 0),
	(5458, 38, 292, '36', 0),
	(5459, 39, 292, '', 0),
	(5460, 34, 292, 'Bà Nguyễn Đức Diệu Trinh', 0),
	(5461, 40, 292, '', 0),
	(5462, 30, 292, '14/34 Đào Duy Anh Phường 9 Quận Phú Nhuận Thành phố Hồ Chí Minh', 0),
	(5463, 32, 292, 'dieutrinh@hcm.vnn.vn', 0),
	(5464, 31, 292, '(84 - 8) 38462456', 0),
	(5465, 33, 292, '', 0),
	(5466, 117, 292, '552', 0),
	(5467, 46, 292, '414', 0),
	(5468, 45, 292, '403', 0),
	(5469, 50, 292, '', 0),
	(5470, 52, 292, '444', 0),
	(5471, 55, 292, '', 0),
	(5472, 29, 293, 'Cơ sở Đại Lộc Cơ Khí Dệt', 0),
	(5473, 36, 293, '22', 0),
	(5474, 38, 293, '36', 0),
	(5475, 39, 293, '', 0),
	(5476, 34, 293, 'Ông Lê Văn Ba', 0),
	(5477, 40, 293, '', 0),
	(5478, 30, 293, 'D11/17A Ấp 4 Xã Vĩnh Lộc A Huyện Bình Chánh Thành phố Hồ Chí Minh', 0),
	(5479, 32, 293, '', 0),
	(5480, 31, 293, '(84 - 8) 54253440', 0),
	(5481, 33, 293, '', 0),
	(5482, 117, 293, '552', 0),
	(5483, 46, 293, '414', 0),
	(5484, 45, 293, '403', 0),
	(5485, 50, 293, '', 0),
	(5486, 52, 293, '444', 0),
	(5487, 55, 293, '', 0),
	(5488, 29, 294, 'Cơ Sở Đại Thành Nhuộm', 0),
	(5489, 36, 294, '22', 0),
	(5490, 38, 294, '36', 0),
	(5491, 39, 294, '', 0),
	(5492, 34, 294, 'Ông Bùi Đức Tuy', 0),
	(5493, 40, 294, '', 0),
	(5494, 30, 294, '70/2D Khu Phố 4 Nguyễn Văn Quán Phường Đông Hưng Thuận Quận 12 Thành phố Hồ Chí Minh', 0),
	(5495, 32, 294, '', 0),
	(5496, 31, 294, '(84-8) 38657074', 0),
	(5497, 33, 294, '', 0),
	(5498, 117, 294, '552', 0),
	(5499, 46, 294, '414', 0),
	(5500, 45, 294, '403', 0),
	(5501, 50, 294, '', 0),
	(5502, 52, 294, '444', 0),
	(5503, 55, 294, '', 0),
	(5504, 29, 295, 'Cơ sở Đỉnh Thuấn thêu vi tính', 0),
	(5505, 36, 295, '22', 0),
	(5506, 38, 295, '36', 0),
	(5507, 39, 295, '', 0),
	(5508, 34, 295, 'Bà Nguyễn Thị Thanh Tâm', 0),
	(5509, 40, 295, '', 0),
	(5510, 30, 295, '99 Trương Công ĐỊnh Phường 13 Quận Tân Bình Thành phố Hồ Chí Minh', 0),
	(5511, 32, 295, '', 0),
	(5512, 31, 295, '(84-8) 38490467 - 38490468', 0),
	(5513, 33, 295, '', 0),
	(5514, 117, 295, '552', 0),
	(5515, 46, 295, '414', 0),
	(5516, 45, 295, '403', 0),
	(5517, 50, 295, '', 0),
	(5518, 52, 295, '444', 0),
	(5519, 55, 295, '', 0),
	(5520, 29, 296, 'Cơ Sở Đông Điện Lạnh ', 0),
	(5521, 36, 296, '22', 0),
	(5522, 38, 296, '34', 0),
	(5523, 39, 296, '', 0),
	(5524, 34, 296, 'Ông Lê Văn Đông', 0),
	(5525, 40, 296, '', 0),
	(5526, 30, 296, '428 Lê Văn Sỹ Phường 2 Quận Tân Bình Thành phố Hồ Chí Minh', 0),
	(5527, 32, 296, '', 0),
	(5528, 31, 296, '(84-8) 39906641', 0),
	(5529, 33, 296, '', 0),
	(5530, 117, 296, '552', 0),
	(5531, 46, 296, '414', 0),
	(5532, 45, 296, '403', 0),
	(5533, 50, 296, '', 0),
	(5534, 52, 296, '444', 0),
	(5535, 55, 296, '', 0),
	(5536, 29, 297, 'Công ty may Bình Hoà', 0),
	(5537, 36, 297, '22', 0),
	(5538, 38, 297, '36', 0),
	(5539, 39, 297, '', 0),
	(5540, 34, 297, '', 0),
	(5541, 40, 297, '', 0),
	(5542, 30, 297, '183H Dương Quảng Hàm, Phường 5, Quận Gò Vấp', 0),
	(5543, 32, 297, '', 0),
	(5544, 31, 297, '08.985869', 0),
	(5545, 33, 297, '', 0),
	(5546, 117, 297, '550', 0),
	(5547, 46, 297, '414', 0),
	(5548, 45, 297, '403', 0),
	(5549, 50, 297, '', 0),
	(5550, 52, 297, '444', 0),
	(5551, 55, 297, '', 0),
	(5552, 29, 298, 'Cty may Minh Tâm', 0),
	(5553, 36, 298, '22', 0),
	(5554, 38, 298, '36', 0),
	(5555, 39, 298, '', 0),
	(5556, 34, 298, 'Lê Phúc Nguyên', 0),
	(5557, 40, 298, ' 0903 974621', 0),
	(5558, 30, 298, '', 0),
	(5559, 32, 298, '', 0),
	(5560, 31, 298, '8265383', 0),
	(5561, 33, 298, '', 0),
	(5562, 117, 298, '550', 0),
	(5563, 46, 298, '414', 0),
	(5564, 45, 298, '403', 0),
	(5565, 50, 298, '', 0),
	(5566, 52, 298, '444', 0),
	(5567, 55, 298, '', 0),
	(5568, 29, 299, 'Cty TNHH Khang Hưng', 0),
	(5569, 36, 299, '22', 0),
	(5570, 38, 299, '36', 0),
	(5571, 39, 299, '', 0),
	(5572, 34, 299, 'A.Hưng', 0),
	(5573, 40, 299, '0979036663', 0),
	(5574, 30, 299, '68/19 Trần Tấn, P.Tân Sơn Nhì, Q.Tân Phú', 0),
	(5575, 32, 299, '', 0),
	(5576, 31, 299, '', 0),
	(5577, 33, 299, '', 0),
	(5578, 117, 299, '550', 0),
	(5579, 46, 299, '414', 0),
	(5580, 45, 299, '403', 0),
	(5581, 50, 299, '', 0),
	(5582, 52, 299, '444', 0),
	(5583, 55, 299, '', 0),
	(5584, 29, 300, 'Cty TNHH Thịnh Tấn', 0),
	(5585, 36, 300, '22', 0),
	(5586, 38, 300, '36', 0),
	(5587, 39, 300, '', 0),
	(5588, 34, 300, 'Nguyễn T.Tuyết Hồng', 0),
	(5589, 40, 300, '0989.819.816', 0),
	(5590, 30, 300, '46/6A KP.1, Trường Chinh, Phường Tân Thới Nhất, Quận 12', 0),
	(5591, 32, 300, '', 0),
	(5592, 31, 300, '088830703', 0),
	(5593, 33, 300, '', 0),
	(5594, 117, 300, '550', 0),
	(5595, 46, 300, '414', 0),
	(5596, 45, 300, '403', 0),
	(5597, 50, 300, '', 0),
	(5598, 52, 300, '444', 0),
	(5599, 55, 300, '', 0),
	(5600, 29, 301, 'Cty TNHH Khai Trí', 0),
	(5601, 36, 301, '22', 0),
	(5602, 38, 301, '36', 0),
	(5603, 39, 301, '', 0),
	(5604, 34, 301, 'Lê Quang Hải Âu', 0),
	(5605, 40, 301, '0937152755', 0),
	(5606, 30, 301, '458 Xô Viết Nghệ Tĩnh, O.25, Q.Bình Thạnh', 0),
	(5607, 32, 301, '', 0),
	(5608, 31, 301, '082589090', 0),
	(5609, 33, 301, '', 0),
	(5610, 117, 301, '550', 0),
	(5611, 46, 301, '414', 0),
	(5612, 45, 301, '403', 0),
	(5613, 50, 301, '', 0),
	(5614, 52, 301, '444', 0),
	(5615, 55, 301, '', 0),
	(5616, 29, 302, 'Công ty cổ phần Việt Hưng', 0),
	(5617, 36, 302, '22', 0),
	(5618, 38, 302, '36', 0),
	(5619, 39, 302, '', 0),
	(5620, 34, 302, 'Bùi Văn Thọ', 0),
	(5621, 40, 302, '', 0),
	(5622, 30, 302, '206 QL 22, P.Trung Mỹ Tây, Q.12', 0),
	(5623, 32, 302, '', 0),
	(5624, 31, 302, '08.8831839 - 08.8831088', 0),
	(5625, 33, 302, '', 0),
	(5626, 117, 302, '550', 0),
	(5627, 46, 302, '414', 0),
	(5628, 45, 302, '403', 0),
	(5629, 50, 302, '', 0),
	(5630, 52, 302, '444', 0),
	(5631, 55, 302, '', 0),
	(5632, 29, 303, 'Trung tâm CNTT& Điện Tử Thái Sơn', 0),
	(5633, 36, 303, '22', 0),
	(5634, 38, 303, '36', 0),
	(5635, 39, 303, '', 0),
	(5636, 34, 303, 'Võ Nguyễn Đăng Khoa', 0),
	(5637, 40, 303, '0983.770.506', 0),
	(5638, 30, 303, '', 0),
	(5639, 32, 303, '', 0),
	(5640, 31, 303, '', 0),
	(5641, 33, 303, '', 0),
	(5642, 117, 303, '550', 0),
	(5643, 46, 303, '414', 0),
	(5644, 45, 303, '403', 0),
	(5645, 50, 303, '', 0),
	(5646, 52, 303, '444', 0),
	(5647, 55, 303, '', 0),
	(5648, 29, 304, 'Công ty TNHH Minh Châu', 0),
	(5649, 36, 304, '22', 0),
	(5650, 38, 304, '35', 0),
	(5651, 39, 304, '', 0),
	(5652, 34, 304, 'Nguyễn Thị Mỹ Linh', 0),
	(5653, 40, 304, '0903.715.306', 0),
	(5654, 30, 304, '', 0),
	(5655, 32, 304, '', 0),
	(5656, 31, 304, '08.8427417', 0),
	(5657, 33, 304, '', 0),
	(5658, 117, 304, '550', 0),
	(5659, 46, 304, '414', 0),
	(5660, 45, 304, '403', 0),
	(5661, 50, 304, '', 0),
	(5662, 52, 304, '444', 0),
	(5663, 55, 304, '', 0),
	(5664, 29, 305, 'Cty TNHH Nam Á Phú', 0),
	(5665, 36, 305, '22', 0),
	(5666, 38, 305, '34', 0),
	(5667, 39, 305, '', 0),
	(5668, 34, 305, 'A. Phụng', 0),
	(5669, 40, 305, '0903399590', 0),
	(5670, 30, 305, '107/14A Ngô Đức Kế, P.12, Q.Bình Thạnh', 0),
	(5671, 32, 305, '', 0),
	(5672, 31, 305, '', 0),
	(5673, 33, 305, '', 0),
	(5674, 117, 305, '550', 0),
	(5675, 46, 305, '414', 0),
	(5676, 45, 305, '403', 0),
	(5677, 50, 305, '', 0),
	(5678, 52, 305, '444', 0),
	(5679, 55, 305, '', 0),
	(5680, 29, 306, 'Công ty TNHH Lạc tỷ', 0),
	(5681, 36, 306, '22', 0),
	(5682, 38, 306, '34', 0),
	(5683, 39, 306, '', 0),
	(5684, 34, 306, '', 0),
	(5685, 40, 306, '', 0),
	(5686, 30, 306, '_ 3-5 Tên Lửa, phường An lạc A, quận Bình Tân. \n_ 92/4 Quốc lộ 1A, An Lạc Q. Bình Chánh TP.HCM', 0),
	(5687, 32, 306, '', 0),
	(5688, 31, 306, '08.875 4536', 0),
	(5689, 33, 306, '', 0),
	(5690, 117, 306, '550', 0),
	(5691, 46, 306, '414', 0),
	(5692, 45, 306, '403', 0),
	(5693, 50, 306, '', 0),
	(5694, 52, 306, '444', 0),
	(5695, 55, 306, '', 0),
	(5696, 29, 307, ' 	Công ty Pouyuen Việt Nam   Pouyuen VietNam Enterprise Ltd', 0),
	(5697, 36, 307, '22', 0),
	(5698, 38, 307, '34', 0),
	(5699, 39, 307, '', 0),
	(5700, 34, 307, '', 0),
	(5701, 40, 307, '', 0),
	(5702, 30, 307, 'D10/89 Quốc lộ 1A, Phường Tân Tạo, Quận Bình T', 0),
	(5703, 32, 307, '', 0),
	(5704, 31, 307, '', 0),
	(5705, 33, 307, '', 0),
	(5706, 117, 307, '550', 0),
	(5707, 46, 307, '414', 0),
	(5708, 45, 307, '403', 0),
	(5709, 50, 307, '', 0),
	(5710, 52, 307, '444', 0),
	(5711, 55, 307, '', 0),
	(5712, 29, 308, 'Cty Giày KWANG NAM', 0),
	(5713, 36, 308, '22', 0),
	(5714, 38, 308, '36', 0),
	(5715, 39, 308, '', 0),
	(5716, 34, 308, '', 0),
	(5717, 40, 308, '', 0),
	(5718, 30, 308, '426 Hồ Văn Huê, Q. Phú Nhuận, TP.HCM', 0),
	(5719, 32, 308, '', 0),
	(5720, 31, 308, '84 - 8 760 213 -  753 987', 0),
	(5721, 33, 308, '', 0),
	(5722, 117, 308, '550', 0),
	(5723, 46, 308, '414', 0),
	(5724, 45, 308, '403', 0),
	(5725, 50, 308, '', 0),
	(5726, 52, 308, '444', 0),
	(5727, 55, 308, '', 0),
	(5728, 29, 309, 'Cty TNHH Hướng Dương', 0),
	(5729, 36, 309, '22', 0),
	(5730, 38, 309, '36', 0),
	(5731, 39, 309, '', 0),
	(5732, 34, 309, 'Ông Phạm Xuân Lâm', 0),
	(5733, 40, 309, '', 0),
	(5734, 30, 309, '2A,Phan Văn Trị, F.10, Q.Gò vấp', 0),
	(5735, 32, 309, '', 0),
	(5736, 31, 309, '(84 – 8) 8 940 976', 0),
	(5737, 33, 309, '', 0),
	(5738, 117, 309, '550', 0),
	(5739, 46, 309, '414', 0),
	(5740, 45, 309, '403', 0),
	(5741, 50, 309, '', 0),
	(5742, 52, 309, '444', 0),
	(5743, 55, 309, '', 0),
	(5744, 29, 310, 'Quán Café Lặng', 0),
	(5745, 36, 310, '22', 0),
	(5746, 38, 310, '36', 0),
	(5747, 39, 310, '', 0),
	(5748, 34, 310, '', 0),
	(5749, 40, 310, '', 0),
	(5750, 30, 310, '173 Trần Huy Liệu, Q.Phú Nhuận', 0),
	(5751, 32, 310, '', 0),
	(5752, 31, 310, '', 0),
	(5753, 33, 310, '', 0),
	(5754, 117, 310, '550', 0),
	(5755, 46, 310, '414', 0),
	(5756, 45, 310, '403', 0),
	(5757, 50, 310, '', 0),
	(5758, 52, 310, '444', 0),
	(5759, 55, 310, '', 0),
	(5760, 29, 311, 'Nhà hàng Con Voi Bạc', 0),
	(5761, 36, 311, '22', 0),
	(5762, 38, 311, '36', 0),
	(5763, 39, 311, '', 0),
	(5764, 34, 311, '', 0),
	(5765, 40, 311, '', 0),
	(5766, 30, 311, '17 Đổ Quang Đẩu, P. Phạm Ngũ Lão, Q1, HCMC', 0),
	(5767, 32, 311, '', 0),
	(5768, 31, 311, '', 0),
	(5769, 33, 311, '', 0),
	(5770, 117, 311, '550', 0),
	(5771, 46, 311, '414', 0),
	(5772, 45, 311, '403', 0),
	(5773, 50, 311, '', 0),
	(5774, 52, 311, '444', 0),
	(5775, 55, 311, '', 0),
	(5776, 29, 312, 'Tranh xoắn giấy', 0),
	(5777, 36, 312, '22', 0),
	(5778, 38, 312, '36', 0),
	(5779, 39, 312, '', 0),
	(5780, 34, 312, 'Anh Thảo', 0),
	(5781, 40, 312, '0908.694.668 ', 0),
	(5782, 30, 312, '260/4 Phan Văn Hớn, P.Tân Thới Nhứt, Q.12', 0),
	(5783, 32, 312, 'khoiphatart@gmail.com ', 0),
	(5784, 31, 312, '', 0),
	(5785, 33, 312, 'khoiphat.com', 0),
	(5786, 117, 312, '550', 0),
	(5787, 46, 312, '414', 0),
	(5788, 45, 312, '403', 0),
	(5789, 50, 312, '', 0),
	(5790, 52, 312, '444', 0),
	(5791, 55, 312, '', 0),
	(5792, 29, 313, 'Thụy Kim Co., Ltd', 0),
	(5793, 36, 313, '22', 0),
	(5794, 38, 313, '36', 0),
	(5795, 39, 313, '08.253 7612 ', 0),
	(5796, 34, 313, 'Anh Sử', 0),
	(5797, 40, 313, '0903.006.561 ', 0),
	(5798, 30, 313, '9-10B Cc Mỹ Thuận, An Dương Vương, F16,Q.8', 0),
	(5799, 32, 313, '', 0),
	(5800, 31, 313, '08.253 7612', 0),
	(5801, 33, 313, 'www.tkcrafts.com', 0),
	(5802, 117, 313, '550', 0),
	(5803, 46, 313, '414', 0),
	(5804, 45, 313, '403', 0),
	(5805, 50, 313, '', 0),
	(5806, 52, 313, '444', 0),
	(5807, 55, 313, '', 0),
	(5808, 29, 314, 'Cơ sở dạy nghề Hy Vọng', 0),
	(5809, 36, 314, '22', 0),
	(5810, 38, 314, '36', 0),
	(5811, 39, 314, '', 0),
	(5812, 34, 314, 'Cô Võ Ngọc Liên', 0),
	(5813, 40, 314, '', 0),
	(5814, 30, 314, 'C33 Nguyễn Huy Diễn P10 Q.GV', 0),
	(5815, 32, 314, '', 0),
	(5816, 31, 314, '0889440790', 0),
	(5817, 33, 314, '', 0),
	(5818, 117, 314, '550', 0),
	(5819, 46, 314, '414', 0),
	(5820, 45, 314, '403', 0),
	(5821, 50, 314, '', 0),
	(5822, 52, 314, '444', 0),
	(5823, 55, 314, '', 0),
	(5824, 29, 315, 'Công ty Cổ phần Đầu Tư Thương Mại Dịch Vụ Thiên Minh', 0),
	(5825, 36, 315, '22', 0),
	(5826, 38, 315, '36', 0),
	(5827, 39, 315, '', 0),
	(5828, 34, 315, 'Chú Đức ', 0),
	(5829, 40, 315, '0913922009 / 0903808009 / 0983266009', 0),
	(5830, 30, 315, '15 Nguyễn Hiền P4 Q3', 0),
	(5831, 32, 315, '', 0),
	(5832, 31, 315, '0836121209', 0),
	(5833, 33, 315, '', 0),
	(5834, 117, 315, '550', 0),
	(5835, 46, 315, '414', 0),
	(5836, 45, 315, '403', 0),
	(5837, 50, 315, '', 0),
	(5838, 52, 315, '444', 0),
	(5839, 55, 315, '', 0),
	(5840, 29, 316, 'Cơ sở Kim Hòan Thiên Hòang ', 0),
	(5841, 36, 316, '22', 0),
	(5842, 38, 316, '36', 0),
	(5843, 39, 316, '', 0),
	(5844, 34, 316, 'Chú Trần Hải', 0),
	(5845, 40, 316, '0903608905', 0),
	(5846, 30, 316, '503 Tân Hòa Đông ,P. Bình Trị Đông , Bình Tân', 0),
	(5847, 32, 316, '', 0),
	(5848, 31, 316, '0837509746', 0),
	(5849, 33, 316, '', 0),
	(5850, 117, 316, '550', 0),
	(5851, 46, 316, '414', 0),
	(5852, 45, 316, '403', 0),
	(5853, 50, 316, '', 0),
	(5854, 52, 316, '444', 0),
	(5855, 55, 316, '', 0),
	(5856, 29, 317, 'Công ty Oliver Tree', 0),
	(5857, 36, 317, '22', 0),
	(5858, 38, 317, '36', 0),
	(5859, 39, 317, '', 0),
	(5860, 34, 317, 'Chị Linh', 0),
	(5861, 40, 317, '', 0),
	(5862, 30, 317, 'N28 đường D2 P25 Q. Bình Thạnh', 0),
	(5863, 32, 317, '', 0),
	(5864, 31, 317, '0838983032', 0),
	(5865, 33, 317, '', 0),
	(5866, 117, 317, '550', 0),
	(5867, 46, 317, '414', 0),
	(5868, 45, 317, '403', 0),
	(5869, 50, 317, '', 0),
	(5870, 52, 317, '444', 0),
	(5871, 55, 317, '', 0),
	(5872, 29, 318, 'Công ty TNHH TM Vĩnh Nam ', 0),
	(5873, 36, 318, '22', 0),
	(5874, 38, 318, '36', 0),
	(5875, 39, 318, '', 0),
	(5876, 34, 318, 'Chị Tước', 0),
	(5877, 40, 318, '', 0),
	(5878, 30, 318, 'KCN Phần mềm Quang Trung Quận 9', 0),
	(5879, 32, 318, '', 0),
	(5880, 31, 318, '', 0),
	(5881, 33, 318, '', 0),
	(5882, 117, 318, '550', 0),
	(5883, 46, 318, '414', 0),
	(5884, 45, 318, '403', 0),
	(5885, 50, 318, '', 0),
	(5886, 52, 318, '444', 0),
	(5887, 55, 318, '', 0),
	(5888, 29, 319, 'Cơ sở Matxa Nhật Hồng', 0),
	(5889, 36, 319, '22', 0),
	(5890, 38, 319, '36', 0),
	(5891, 39, 319, '', 0),
	(5892, 34, 319, 'Sơ Vân Nga', 0),
	(5893, 40, 319, '0908861763', 0),
	(5894, 30, 319, 'Ngã tư Bình Thái Bình Dương', 0),
	(5895, 32, 319, '', 0),
	(5896, 31, 319, '0862774562', 0),
	(5897, 33, 319, '', 0),
	(5898, 117, 319, '550', 0),
	(5899, 41, 319, '337', 0),
	(5900, 46, 319, '414', 0),
	(5901, 45, 319, '403', 0),
	(5902, 50, 319, '', 0),
	(5903, 52, 319, '444', 0),
	(5904, 55, 319, '', 0),
	(5905, 29, 320, 'SOZO', 0),
	(5906, 36, 320, '22', 0),
	(5907, 38, 320, '36', 0),
	(5908, 39, 320, '', 0),
	(5909, 34, 320, 'Chị Thảo', 0),
	(5910, 40, 320, '0909306971', 0),
	(5911, 30, 320, '176 Bùi Viện, Q1', 0),
	(5912, 32, 320, '', 0),
	(5913, 31, 320, '', 0),
	(5914, 33, 320, '', 0),
	(5915, 117, 320, '550', 0),
	(5916, 46, 320, '414', 0),
	(5917, 45, 320, '403', 0),
	(5918, 50, 320, '', 0),
	(5919, 52, 320, '444', 0),
	(5920, 55, 320, '', 0),
	(5921, 29, 321, 'Blue Dragon', 0),
	(5922, 36, 321, '22', 0),
	(5923, 38, 321, '36', 0),
	(5924, 39, 321, '', 0),
	(5925, 34, 321, 'Anh Bình', 0),
	(5926, 40, 321, '', 0),
	(5927, 30, 321, '586/141Trần Hưng Đạo,Q5', 0),
	(5928, 32, 321, '', 0),
	(5929, 31, 321, '0913806946', 0),
	(5930, 33, 321, '', 0),
	(5931, 117, 321, '550', 0),
	(5932, 46, 321, '414', 0),
	(5933, 45, 321, '403', 0),
	(5934, 50, 321, '', 0),
	(5935, 52, 321, '444', 0),
	(5936, 55, 321, '', 0),
	(5937, 29, 322, 'Ngọc Phước', 0),
	(5938, 36, 322, '22', 0),
	(5939, 38, 322, '36', 0),
	(5940, 39, 322, '', 0),
	(5941, 34, 322, 'A. Thái Phong', 0),
	(5942, 40, 322, '0988512568', 0),
	(5943, 30, 322, '', 0),
	(5944, 32, 322, '', 0),
	(5945, 31, 322, '', 0),
	(5946, 33, 322, '', 0),
	(5947, 117, 322, '550', 0),
	(5948, 46, 322, '414', 0),
	(5949, 45, 322, '403', 0),
	(5950, 50, 322, '', 0),
	(5951, 52, 322, '444', 0),
	(5952, 55, 322, '', 0),
	(5953, 29, 324, 'Công ty CP TM & DV KT Thành Đạt', 0),
	(5954, 36, 324, '22', 0),
	(5955, 38, 324, '36', 0),
	(5956, 39, 324, '', 0),
	(5957, 34, 324, '', 0),
	(5958, 40, 324, '0903.201.305', 0),
	(5959, 30, 324, '389 Nguyễn Khang - Cầu Giấy Hà Nội', 0),
	(5960, 32, 324, '', 0),
	(5961, 31, 324, '04.7671380 / 04 7671381', 0),
	(5962, 33, 324, '', 0),
	(5963, 117, 324, '552', 0),
	(5964, 46, 324, '414', 0),
	(5965, 45, 324, '403', 0),
	(5966, 50, 324, '', 0),
	(5967, 52, 324, '444', 0),
	(5968, 55, 324, '', 0),
	(5969, 29, 325, 'Esoftflow Ltd., Co', 0),
	(5970, 36, 325, '22', 0),
	(5971, 38, 325, '36', 0),
	(5972, 39, 325, '', 0),
	(5973, 34, 325, '', 0),
	(5974, 40, 325, '', 0),
	(5975, 30, 325, 'P540 - Tòa nhà Thanh Hà- CC2 Bắc Linh Đàm - Hoàng Mai - Hà Nội', 0),
	(5976, 32, 325, '', 0),
	(5977, 31, 325, '04 6416864', 0),
	(5978, 33, 325, 'http://www.shoponline.net.vn', 0),
	(5979, 117, 325, '552', 0),
	(5980, 46, 325, '414', 0),
	(5981, 45, 325, '403', 0),
	(5982, 50, 325, '', 0),
	(5983, 52, 325, '444', 0),
	(5984, 55, 325, '', 0),
	(5985, 29, 326, '662/3 Sư vạn Hạnh (Nd),P.12,Q10', 0),
	(5986, 36, 326, '22', 0),
	(5987, 38, 326, '36', 0),
	(5988, 39, 326, '', 0),
	(5989, 34, 326, ' 	Lê Thị Hiền', 0),
	(5990, 40, 326, '', 0),
	(5991, 30, 326, '662/3 Sư vạn Hạnh (Nd),P.12,Q10', 0),
	(5992, 32, 326, '', 0),
	(5993, 31, 326, '0838249799  	', 0),
	(5994, 33, 326, '', 0),
	(5995, 117, 326, '552', 0),
	(5996, 46, 326, '414', 0),
	(5997, 45, 326, '403', 0),
	(5998, 50, 326, '', 0),
	(5999, 52, 326, '444', 0),
	(6000, 55, 326, '', 0),
	(6001, 117, 22, '550', 0),
	(6002, 29, 327, 'Công ty Quang Đức', 0),
	(6003, 36, 327, '22', 0),
	(6004, 38, 327, '36', 0),
	(6005, 39, 327, '', 0),
	(6006, 34, 327, 'Chị Thu Cúc', 0),
	(6007, 40, 327, '0909940272', 0),
	(6008, 30, 327, '384 CMT8 P4 Q.Tân Bình', 0),
	(6009, 32, 327, '', 0),
	(6010, 31, 327, '', 0),
	(6011, 33, 327, '', 0),
	(6012, 117, 327, '550', 0),
	(6013, 46, 327, '414', 0),
	(6014, 45, 327, '403', 0),
	(6015, 50, 327, '', 0),
	(6016, 52, 327, '444', 0),
	(6017, 55, 327, '', 0),
	(6018, 29, 328, 'Câu lạc bộ Hoa Phượng', 0),
	(6019, 36, 328, '22', 0),
	(6020, 38, 328, '36', 0),
	(6021, 39, 328, '', 0),
	(6022, 34, 328, 'Cô VInh', 0),
	(6023, 40, 328, '090380817', 0),
	(6024, 30, 328, 'Lầu 1, Số 1 Đường Hoa Phượng, P2 Q. Phú Nhuận', 0),
	(6025, 32, 328, '', 0),
	(6026, 31, 328, '0977903362 chị Quỳnh', 0),
	(6027, 33, 328, '', 0),
	(6028, 117, 328, '550', 0),
	(6029, 46, 328, '414', 0),
	(6030, 45, 328, '403', 0),
	(6031, 50, 328, '', 0),
	(6032, 52, 328, '444', 0),
	(6033, 55, 328, '', 0),
	(6034, 29, 329, 'Công ty cổ phần sản xuất thương mại Gia Đứ', 0),
	(6035, 36, 329, '22', 0),
	(6036, 38, 329, '36', 0),
	(6037, 39, 329, '0837313485', 0),
	(6038, 34, 329, 'Anh Việt', 0),
	(6039, 40, 329, '0918464228', 0),
	(6040, 30, 329, '16A xa lộ Hà Nội, phường Phước Long B, Quận 9, Tp.HCM', 0),
	(6041, 32, 329, '', 0),
	(6042, 31, 329, '0837282079', 0),
	(6043, 33, 329, '', 0),
	(6044, 117, 329, '550', 0),
	(6045, 46, 329, '414', 0),
	(6046, 45, 329, '403', 0),
	(6047, 50, 329, '', 0),
	(6048, 52, 329, '444', 0),
	(6049, 55, 329, '', 0),
	(6050, 29, 330, 'Sở Nội Vụ', 0),
	(6051, 36, 330, '22', 0),
	(6052, 38, 330, '36', 0),
	(6053, 39, 330, '', 0),
	(6054, 34, 330, 'Anh Phú', 0),
	(6055, 40, 330, '0903358889  ', 0),
	(6056, 30, 330, '', 0),
	(6057, 32, 330, '', 0),
	(6058, 31, 330, '0838299512', 0),
	(6059, 33, 330, '', 0),
	(6060, 117, 330, '550', 0),
	(6061, 46, 330, '414', 0),
	(6062, 45, 330, '403', 0),
	(6063, 50, 330, '', 0),
	(6064, 52, 330, '444', 0),
	(6065, 55, 330, '', 0),
	(6066, 29, 331, 'Doanh Nghiệp Lưới Đánh Cá Tân Thế Giới', 0),
	(6067, 36, 331, '22', 0),
	(6068, 38, 331, '36', 0),
	(6069, 39, 331, '', 0),
	(6070, 34, 331, 'Anh Nam', 0),
	(6071, 40, 331, '0983256255', 0),
	(6072, 30, 331, 'B282A Đường Nguyễn Văn Hóa, F12, Q10', 0),
	(6073, 32, 331, '', 0),
	(6074, 31, 331, '', 0),
	(6075, 33, 331, '', 0),
	(6076, 117, 331, '550', 0),
	(6077, 46, 331, '414', 0),
	(6078, 45, 331, '403', 0),
	(6079, 50, 331, '', 0),
	(6080, 52, 331, '444', 0),
	(6081, 55, 331, '', 0),
	(6082, 29, 332, 'Công Ty Cổ Phần Bảo Hiểm Bảo Lâm ', 0),
	(6083, 36, 332, '22', 0),
	(6084, 38, 332, '36', 0),
	(6085, 39, 332, '', 0),
	(6086, 34, 332, 'Ông Tú', 0),
	(6087, 40, 332, '0933883209', 0),
	(6088, 30, 332, '508, đường3 tháng 2, P14, Q10', 0),
	(6089, 32, 332, '', 0),
	(6090, 31, 332, '', 0),
	(6091, 33, 332, '', 0),
	(6092, 117, 332, '550', 0),
	(6093, 46, 332, '414', 0),
	(6094, 45, 332, '403', 0),
	(6095, 50, 332, '', 0),
	(6096, 52, 332, '444', 0),
	(6097, 55, 332, '', 0),
	(6098, 29, 333, 'Công Ty FTA', 0),
	(6099, 36, 333, '22', 0),
	(6100, 38, 333, '36', 0),
	(6101, 39, 333, '', 0),
	(6102, 34, 333, 'Ông Đại', 0),
	(6103, 40, 333, '0908271001', 0),
	(6104, 30, 333, '96 Nguyễn Cửu Vân, F17, Q. Bình Thạnh', 0),
	(6105, 32, 333, '', 0),
	(6106, 31, 333, '', 0),
	(6107, 33, 333, '', 0),
	(6108, 117, 333, '550', 0),
	(6109, 46, 333, '414', 0),
	(6110, 45, 333, '403', 0),
	(6111, 50, 333, '', 0),
	(6112, 52, 333, '444', 0),
	(6113, 55, 333, '', 0),
	(6114, 29, 334, 'Đại Lý Vé Máy Bay Én Việt', 0),
	(6115, 36, 334, '22', 0),
	(6116, 38, 334, '36', 0),
	(6117, 39, 334, '', 0),
	(6118, 34, 334, 'Anh Tân', 0),
	(6119, 40, 334, '', 0),
	(6120, 30, 334, '489 Hoàng Văn Thụ, F4, Q Tân Bình', 0),
	(6121, 32, 334, '', 0),
	(6122, 31, 334, '01688118118 (chị Hường)', 0),
	(6123, 33, 334, '', 0),
	(6124, 117, 334, '550', 0),
	(6125, 46, 334, '414', 0),
	(6126, 45, 334, '403', 0),
	(6127, 50, 334, '', 0),
	(6128, 52, 334, '444', 0),
	(6129, 55, 334, '', 0),
	(6130, 29, 335, 'Quán Ăn Đại Lợi', 0),
	(6131, 36, 335, '22', 0),
	(6132, 38, 335, '35', 0),
	(6133, 39, 335, '', 0),
	(6134, 34, 335, '', 0),
	(6135, 40, 335, '', 0),
	(6136, 30, 335, '136/3A Lê Đức Thọ, F11,Q Gò Vấp', 0),
	(6137, 32, 335, '', 0),
	(6138, 31, 335, '', 0),
	(6139, 33, 335, '', 0),
	(6140, 117, 335, '550', 0),
	(6141, 46, 335, '414', 0),
	(6142, 45, 335, '403', 0),
	(6143, 50, 335, '', 0),
	(6144, 52, 335, '444', 0),
	(6145, 55, 335, '', 0),
	(6146, 29, 336, 'Cơ sở nữ trang Thanh Hải', 0),
	(6147, 36, 336, '22', 0),
	(6148, 38, 336, '36', 0),
	(6149, 39, 336, '', 0),
	(6150, 34, 336, 'Anh Hải', 0),
	(6151, 40, 336, '', 0),
	(6152, 30, 336, '364/16C Bến Bình Đông, P.15, Q.8', 0),
	(6153, 32, 336, '', 0),
	(6154, 31, 336, '', 0),
	(6155, 33, 336, '', 0),
	(6156, 117, 336, '550', 0),
	(6157, 46, 336, '414', 0),
	(6158, 45, 336, '403', 0),
	(6159, 50, 336, '', 0),
	(6160, 52, 336, '444', 0),
	(6161, 55, 336, '', 0),
	(6162, 29, 337, 'Cty DV kế toán Cao Minh', 0),
	(6163, 36, 337, '22', 0),
	(6164, 38, 337, '36', 0),
	(6165, 39, 337, '', 0),
	(6166, 34, 337, 'Anh Sang ', 0),
	(6167, 40, 337, '0918656163', 0),
	(6168, 30, 337, '480/15 Nguyễn Tri Phương, P9, Q10, TP.Hồ Chí Minh', 0),
	(6169, 32, 337, 'caobeco@yahoo.com', 0),
	(6170, 31, 337, '08.39273754', 0),
	(6171, 33, 337, '', 0),
	(6172, 117, 337, '550', 0),
	(6173, 46, 337, '414', 0),
	(6174, 45, 337, '403', 0),
	(6175, 50, 337, '', 0),
	(6176, 52, 337, '444', 0),
	(6177, 55, 337, '', 0),
	(6178, 29, 338, 'Cty  Hoa Đất Sét', 0),
	(6179, 36, 338, '22', 0),
	(6180, 38, 338, '36', 0),
	(6181, 39, 338, '', 0),
	(6182, 34, 338, '', 0),
	(6183, 40, 338, '', 0),
	(6184, 30, 338, '284 Nguyễn Chí Thanh, Q10', 0),
	(6185, 32, 338, '', 0),
	(6186, 31, 338, '', 0),
	(6187, 33, 338, '', 0),
	(6188, 117, 338, '550', 0),
	(6189, 46, 338, '414', 0),
	(6190, 45, 338, '403', 0),
	(6191, 50, 338, '', 0),
	(6192, 52, 338, '444', 0),
	(6193, 55, 338, '', 0),
	(6194, 29, 339, 'Cty TNHH SX-TM-DV Vĩnh Tòan', 0),
	(6195, 36, 339, '22', 0),
	(6196, 38, 339, '36', 0),
	(6197, 39, 339, '', 0),
	(6198, 34, 339, '', 0),
	(6199, 40, 339, '', 0),
	(6200, 30, 339, 'KCN Singapore, Thuận An Bình Dương', 0),
	(6201, 32, 339, '', 0),
	(6202, 31, 339, '', 0),
	(6203, 33, 339, '', 0),
	(6204, 117, 339, '550', 0),
	(6205, 46, 339, '414', 0),
	(6206, 45, 339, '403', 0),
	(6207, 50, 339, '', 0),
	(6208, 52, 339, '444', 0),
	(6209, 55, 339, '', 0),
	(6210, 29, 340, 'CÔNG TY TNHH SX-TV-TK-XD- NHẬT THANH', 0),
	(6211, 36, 340, '22', 0),
	(6212, 38, 340, '36', 0),
	(6213, 39, 340, '', 0),
	(6214, 34, 340, '', 0),
	(6215, 40, 340, '', 0),
	(6216, 30, 340, '364/16C Bến Bình Đông, P.15, Q.8', 0),
	(6217, 32, 340, '', 0),
	(6218, 31, 340, '', 0),
	(6219, 33, 340, '', 0),
	(6220, 117, 340, '550', 0),
	(6221, 46, 340, '414', 0),
	(6222, 45, 340, '403', 0),
	(6223, 50, 340, '', 0),
	(6224, 52, 340, '444', 0),
	(6225, 55, 340, '', 0),
	(6226, 29, 341, ' 	Viện Máy tính Việt Nam - Vietnam Institute of Computer', 0),
	(6227, 36, 341, '22', 0),
	(6228, 38, 341, '36', 0),
	(6229, 39, 341, '(08)3844 6439', 0),
	(6230, 34, 341, 'Nguyễn Thị Thanh Hương', 0),
	(6231, 40, 341, '', 0),
	(6232, 30, 341, '178-180 Hoàng Văn Thụ,P.9, Q.Phú Nhuận, Tp.HCM', 0),
	(6233, 32, 341, '', 0),
	(6234, 31, 341, '(84.8) 3844 2008 - 3844 2011- 3844 6442', 0),
	(6235, 33, 341, 'www.vienmaytinh.org ', 0),
	(6236, 117, 341, '550', 0),
	(6237, 46, 341, '414', 0),
	(6238, 45, 341, '403', 0),
	(6239, 50, 341, '', 0),
	(6240, 52, 341, '444', 0),
	(6241, 55, 341, '', 0),
	(6242, 29, 342, 'Công ty TNHH Tư vấn Công nghệ Viễn thông tin học ETI', 0),
	(6243, 36, 342, '22', 0),
	(6244, 38, 342, '36', 0),
	(6245, 39, 342, '', 0),
	(6246, 34, 342, 'Phan Thị Đức Việt', 0),
	(6247, 40, 342, '', 0),
	(6248, 30, 342, '75 Ngô Đức Kế, phường 12, Bình Thạnh, TPHCM', 0),
	(6249, 32, 342, 'etihcm@yahoo.com', 0),
	(6250, 31, 342, '0913809969 or 0929696000', 0),
	(6251, 33, 342, '', 0),
	(6252, 117, 342, '550', 0),
	(6253, 46, 342, '414', 0),
	(6254, 45, 342, '403', 0),
	(6255, 50, 342, '', 0),
	(6256, 52, 342, '444', 0),
	(6257, 55, 342, '', 0),
	(6258, 29, 343, 'NHÀ THÊU NỮ VƯƠNG HÒA BÌNH ', 0),
	(6259, 36, 343, '22', 0),
	(6260, 38, 343, '36', 0),
	(6261, 39, 343, '', 0),
	(6262, 34, 343, 'Soeur Thuận Nguyễn', 0),
	(6263, 40, 343, '', 0),
	(6264, 30, 343, '42 Tú Xương. Q.3. Tp.HCM', 0),
	(6265, 32, 343, '', 0),
	(6266, 31, 343, '', 0),
	(6267, 33, 343, '', 0),
	(6268, 117, 343, '550', 0),
	(6269, 46, 343, '414', 0),
	(6270, 45, 343, '403', 0),
	(6271, 50, 343, '', 0),
	(6272, 52, 343, '444', 0),
	(6273, 55, 343, '', 0),
	(6274, 29, 344, 'Công ty sửa chửa điện thoại di động', 0),
	(6275, 36, 344, '22', 0),
	(6276, 38, 344, '36', 0),
	(6277, 39, 344, '', 0),
	(6278, 34, 344, '', 0),
	(6279, 40, 344, '', 0),
	(6280, 30, 344, '522 Lê Hồng Phong, P.1, Q.10', 0),
	(6281, 32, 344, '', 0),
	(6282, 31, 344, '', 0),
	(6283, 33, 344, '', 0),
	(6284, 117, 344, '550', 0),
	(6285, 46, 344, '414', 0),
	(6286, 45, 344, '403', 0),
	(6287, 50, 344, '', 0),
	(6288, 52, 344, '444', 0),
	(6289, 55, 344, '', 0),
	(6290, 29, 345, 'Công ty Digital Work', 0),
	(6291, 36, 345, '22', 0),
	(6292, 38, 345, '36', 0),
	(6293, 39, 345, '', 0),
	(6294, 34, 345, 'Ông Vũ', 0),
	(6295, 40, 345, '', 0),
	(6296, 30, 345, 'E- Town 2, 354 Cộng hòa, Q.Tân Bình', 0),
	(6297, 32, 345, '', 0),
	(6298, 31, 345, '', 0),
	(6299, 33, 345, '', 0),
	(6300, 117, 345, '550', 0),
	(6301, 46, 345, '414', 0),
	(6302, 45, 345, '403', 0),
	(6303, 50, 345, '', 0),
	(6304, 52, 345, '444', 0),
	(6305, 55, 345, '', 0),
	(6306, 117, 30, '550', 0),
	(6307, 116, 128, '549', 0),
	(6308, 19, 128, '73', 1),
	(6309, 108, 346, '457', 0),
	(6310, 110, 346, '1990', 0),
	(6311, 107, 346, 'Bạc Liêu\n', 0),
	(6312, 109, 346, '459', 0),
	(6313, 106, 346, 'Ấp Thanh Sơn, xã Vĩnh Bình, huyện Hòa Bình, Bạc Liêu\n', 0),
	(6314, 105, 346, '01274250727', 0),
	(6315, 104, 346, '', 0),
	(6316, 103, 346, '', 0),
	(6317, 102, 346, '26/08/2010', 0),
	(6318, 112, 346, 'Ngô Văn Linh', 0),
	(6319, 116, 346, '549', 0),
	(6320, 19, 346, '75', 0),
	(6321, 20, 346, '232', 0),
	(6322, 82, 346, '151', 0),
	(6323, 92, 346, '', 0),
	(6324, 83, 346, '160', 0),
	(6325, 90, 346, '', 0),
	(6326, 91, 346, '', 0),
	(6327, 86, 346, '219', 0),
	(6328, 114, 346, '', 0),
	(6329, 108, 347, '457', 0),
	(6330, 110, 347, '1963', 0),
	(6331, 107, 347, 'Đà Nẵng\n', 0),
	(6332, 109, 347, '462', 0),
	(6333, 106, 347, '400/ 12B Lê Văn 3Sỹ, F.14. Q.\n', 0),
	(6334, 105, 347, '0908531089', 0),
	(6335, 104, 347, '', 0),
	(6336, 103, 347, 'jerrycuong@yahoo.com', 0),
	(6337, 102, 347, '25/08/2010', 0),
	(6338, 112, 347, 'Nguyễn Hữu Cường', 0),
	(6339, 116, 347, '549', 0),
	(6340, 19, 347, '75', 0),
	(6341, 20, 347, '233', 0),
	(6342, 82, 347, '155', 0),
	(6343, 92, 347, 'Anh Văn', 0),
	(6344, 83, 347, '165', 0),
	(6345, 90, 347, '', 0),
	(6346, 91, 347, '', 0),
	(6347, 86, 347, '219', 0),
	(6348, 114, 347, '', 0),
	(6349, 108, 348, '458', 0),
	(6350, 110, 348, '1970', 0),
	(6351, 107, 348, 'TPHCM\n', 0),
	(6352, 109, 348, '461', 0),
	(6353, 106, 348, '160/5 Ông Ích Khiêm, P.5 Q.11. TPHCM\n', 0),
	(6354, 105, 348, '0938018906', 0),
	(6355, 104, 348, '', 0),
	(6356, 103, 348, 'tien_diamond@yahoo.com.vn', 0),
	(6357, 102, 348, '25/08/2010', 0),
	(6358, 112, 348, 'Phạm Thị Mỹ Tiên', 0),
	(6359, 116, 348, '549', 0),
	(6360, 19, 348, '75', 0),
	(6361, 20, 348, '233', 0),
	(6362, 21, 348, '131', 0),
	(6363, 82, 348, '151', 0),
	(6364, 92, 348, '', 0),
	(6365, 83, 348, '160', 0),
	(6366, 90, 348, '', 0),
	(6367, 91, 348, '', 0),
	(6368, 86, 348, '219', 0),
	(6369, 88, 348, '300', 0),
	(6370, 93, 348, '510', 0),
	(6371, 114, 348, '', 0),
	(6372, 108, 349, '458', 0),
	(6373, 110, 349, '1983', 0),
	(6374, 107, 349, 'Nghệ An\n', 0),
	(6375, 109, 349, '460', 0),
	(6376, 106, 349, 'Ấp Hậu Lâm, Bà Điểm, Hooc Môn\n', 0),
	(6377, 105, 349, '01683510652', 0),
	(6378, 104, 349, '', 0),
	(6379, 103, 349, '', 0),
	(6380, 102, 349, '22/08/2010', 0),
	(6381, 112, 349, 'Hồ Thị Văn', 0),
	(6382, 116, 349, '549', 0),
	(6383, 19, 349, '75', 0),
	(6384, 20, 349, '235', 0),
	(6385, 82, 349, '153', 0),
	(6386, 92, 349, 'Dược sỹ', 0),
	(6387, 83, 349, '164', 0),
	(6388, 90, 349, '', 0),
	(6389, 91, 349, '', 0),
	(6390, 86, 349, '219', 0),
	(6391, 85, 349, '493', 0),
	(6392, 93, 349, '273', 0),
	(6393, 114, 349, '', 0),
	(6394, 108, 350, '458', 0),
	(6395, 110, 350, '1982', 0),
	(6396, 107, 350, 'Vĩnh Long', 0),
	(6397, 109, 350, '460', 0),
	(6398, 106, 350, '29/2C Trần Phú P.4 Vĩnh Long\n', 0),
	(6399, 105, 350, '01653941561', 0),
	(6400, 104, 350, '', 0),
	(6401, 103, 350, 'btngnga@yahoo.com.vn', 0),
	(6402, 102, 350, '22/08/2010', 0),
	(6403, 112, 350, 'Bùi Thị Nguyệt Nga', 0),
	(6404, 116, 350, '549', 0),
	(6405, 19, 350, '75', 0),
	(6406, 20, 350, '234', 0),
	(6407, 82, 350, '152', 0),
	(6408, 92, 350, 'Thiết kế đồ họa', 0),
	(6409, 83, 350, '160', 0),
	(6410, 90, 350, '', 0),
	(6411, 91, 350, '', 0),
	(6412, 86, 350, '219', 0),
	(6413, 88, 350, '297', 0),
	(6414, 88, 350, '298', 0),
	(6415, 85, 350, '468', 0),
	(6416, 93, 350, '267', 0),
	(6417, 114, 350, '', 0),
	(6418, 108, 351, '457', 0),
	(6419, 110, 351, '1986', 0),
	(6420, 107, 351, '', 0),
	(6421, 109, 351, '460', 0),
	(6422, 106, 351, 'xã Đình Hòa, ấp Hòa Hớn K6 huyện Gò Bao, Kiên Giang\n', 0),
	(6423, 105, 351, '01659832532', 0),
	(6424, 104, 351, '', 0),
	(6425, 103, 351, '', 0),
	(6426, 102, 351, '22/08/2010', 0),
	(6427, 112, 351, 'Danh Hiếu', 0),
	(6428, 19, 351, '75', 0),
	(6429, 20, 351, '235', 0),
	(6430, 21, 351, '139', 0),
	(6431, 82, 351, '150', 0),
	(6432, 92, 351, '', 0),
	(6433, 83, 351, '160', 0),
	(6434, 90, 351, '', 0),
	(6435, 91, 351, '', 0),
	(6436, 86, 351, '219', 0),
	(6437, 114, 351, 'học nghề', 0),
	(6438, 108, 352, '457', 0),
	(6439, 110, 352, '1987', 0),
	(6440, 107, 352, 'Bình Dương\n', 0),
	(6441, 109, 352, '460', 0),
	(6442, 106, 352, '565B Ngũ Phúc, Hố Nai 3, Trảng Bàng\n', 0),
	(6443, 105, 352, '0983501602', 0),
	(6444, 104, 352, '', 0),
	(6445, 103, 352, 'childhood1123@yahoo.com', 0),
	(6446, 102, 352, '20/08/2010', 0),
	(6447, 112, 352, 'Nguyễn Minh Triết', 0),
	(6448, 116, 352, '549', 0),
	(6449, 19, 352, '75', 0),
	(6450, 82, 352, '154', 0),
	(6451, 92, 352, 'Quản trị mạng', 0),
	(6452, 83, 352, '165', 0),
	(6453, 90, 352, 'Cao Đẳng nghề kỹ thuật công nghệ TPHCM', 0),
	(6454, 91, 352, '', 0),
	(6455, 86, 352, '219', 0),
	(6456, 88, 352, '296', 1),
	(6457, 93, 352, '523', 0),
	(6458, 114, 352, '', 0),
	(6459, 108, 353, '457', 0),
	(6460, 110, 353, '1980', 0),
	(6461, 107, 353, 'Nha Trang', 0),
	(6462, 109, 353, '460', 0),
	(6463, 106, 353, '223 Nguyễn Trọng Tuyển, Phú Nhuận\n', 0),
	(6464, 105, 353, '01654807194', 0),
	(6465, 104, 353, '', 0),
	(6466, 103, 353, 'chuongnguyen144@yahoo.com', 0),
	(6467, 102, 353, '19/08/2010', 0),
	(6468, 112, 353, 'Nguyễn Ngọc Hoàng Chương', 0),
	(6469, 116, 353, '549', 0),
	(6470, 19, 353, '75', 0),
	(6471, 82, 353, '155', 0),
	(6472, 92, 353, 'ngoại ngữ, IT, kế toán quản lý', 0),
	(6473, 83, 353, '165', 0),
	(6474, 90, 353, '', 0),
	(6475, 91, 353, '', 0),
	(6476, 86, 353, '219', 0),
	(6477, 88, 353, '296', 1),
	(6478, 88, 353, '303', 1),
	(6479, 88, 353, '310', 1),
	(6480, 85, 353, '188', 1),
	(6481, 85, 353, '470', 1),
	(6482, 93, 353, '265', 1),
	(6483, 93, 353, '285', 1),
	(6484, 93, 353, '523', 1),
	(6485, 114, 353, '', 0),
	(6486, 108, 354, '458', 0),
	(6487, 110, 354, '1991', 0),
	(6488, 107, 354, 'Quảng Trị\n', 0),
	(6489, 109, 354, '459', 0),
	(6490, 106, 354, 'CLB Khuyết Tật Trẻ 217/10\n', 0),
	(6491, 105, 354, '01688187370', 0),
	(6492, 104, 354, '', 0),
	(6493, 103, 354, '', 0),
	(6494, 102, 354, '18/08/2010', 0),
	(6495, 112, 354, 'Nguyễn Thị Thúy', 0),
	(6496, 116, 354, '549', 0),
	(6497, 19, 354, '75', 0),
	(6498, 20, 354, '233', 0),
	(6499, 82, 354, '151', 0),
	(6500, 92, 354, '', 0),
	(6501, 83, 354, '160', 0),
	(6502, 90, 354, '', 0),
	(6503, 91, 354, '', 0),
	(6504, 86, 354, '219', 0),
	(6505, 88, 354, '297', 0),
	(6506, 88, 354, '298', 0),
	(6507, 85, 354, '188', 1),
	(6508, 85, 354, '487', 1),
	(6509, 114, 354, '', 0),
	(6510, 108, 355, '457', 0),
	(6511, 110, 355, '1990', 0),
	(6512, 107, 355, 'Gia Lai\n', 0),
	(6513, 109, 355, '459', 0),
	(6514, 106, 355, '217/A10 XVNT, F.17, Q.Bình Thạnh\n', 0),
	(6515, 105, 355, '01686658689', 0),
	(6516, 104, 355, '', 0),
	(6517, 103, 355, '', 0),
	(6518, 102, 355, '18/08/2010', 0),
	(6519, 112, 355, 'Nguyễn Văn Hải', 0),
	(6520, 116, 355, '549', 0),
	(6521, 19, 355, '74', 0),
	(6522, 20, 355, '119', 0),
	(6523, 82, 355, '149', 0),
	(6524, 92, 355, '', 0),
	(6525, 83, 355, '160', 0),
	(6526, 90, 355, '', 0),
	(6527, 91, 355, '', 0),
	(6528, 86, 355, '219', 0),
	(6529, 85, 355, '209', 0),
	(6530, 93, 355, '294', 0),
	(6531, 114, 355, '', 0),
	(6532, 108, 356, '457', 0),
	(6533, 110, 356, '1989', 0),
	(6534, 107, 356, 'Đắc Lắc\n', 0),
	(6535, 109, 356, '460', 0),
	(6536, 106, 356, '17/19TH, Hiệp Thành Q.12\n', 0),
	(6537, 105, 356, '0909387796', 0),
	(6538, 104, 356, '', 0),
	(6539, 103, 356, 'thanh_van905@yahoo.com', 0),
	(6540, 102, 356, '18/08/2010', 0),
	(6541, 112, 356, 'Nguyễn Thanh Văn', 0),
	(6542, 116, 356, '549', 0),
	(6543, 19, 356, '75', 0),
	(6544, 20, 356, '233', 0),
	(6545, 82, 356, '151', 0),
	(6546, 92, 356, '', 0),
	(6547, 83, 356, '163', 0),
	(6548, 90, 356, '', 0),
	(6549, 91, 356, '', 0),
	(6550, 86, 356, '219', 0),
	(6551, 88, 356, '297', 0),
	(6552, 88, 356, '298', 0),
	(6553, 93, 356, '276', 0),
	(6554, 114, 356, '', 0),
	(6555, 108, 357, '458', 0),
	(6556, 110, 357, '1984', 0),
	(6557, 107, 357, 'Đồng Nai\n', 0),
	(6558, 109, 357, '460', 0),
	(6559, 106, 357, 'Bầu Cối Bảo Quang Long Khánh, ĐN\n', 0),
	(6560, 105, 357, '09085022171', 0),
	(6561, 104, 357, '', 0),
	(6562, 103, 357, 'nguyenthuymy2606@gmail.com', 0),
	(6563, 102, 357, '17/08/2010', 0),
	(6564, 112, 357, 'Nguyễn Thị Mỵ', 0),
	(6565, 116, 357, '549', 0),
	(6566, 19, 357, '75', 0),
	(6567, 20, 357, '233', 0),
	(6568, 82, 357, '155', 0),
	(6569, 92, 357, 'Quản lý nhân sự', 0),
	(6570, 83, 357, '160', 0),
	(6571, 90, 357, 'ĐHKTTPHCM', 0),
	(6572, 91, 357, '', 0),
	(6573, 86, 357, '219', 0),
	(6574, 85, 357, '188', 1),
	(6575, 85, 357, '199', 1),
	(6576, 93, 357, '519', 0),
	(6577, 114, 357, '', 0),
	(6578, 108, 358, '457', 0),
	(6579, 110, 358, '1982', 0),
	(6580, 107, 358, 'Bình Định', 0),
	(6581, 109, 358, '460', 0),
	(6582, 106, 358, 'Mỹ Hiệp - Phù Mỹ, Bình Định\n', 0),
	(6583, 105, 358, '0906751205', 0),
	(6584, 104, 358, '', 0),
	(6585, 103, 358, 'binhminh_qh@yahoo.com', 0),
	(6586, 102, 358, '16/08/2010', 0),
	(6587, 112, 358, 'Phạm Văn Cường', 0),
	(6588, 116, 358, '549', 0),
	(6589, 19, 358, '75', 0),
	(6590, 82, 358, '155', 0),
	(6591, 92, 358, 'Kế Toán', 0),
	(6592, 83, 358, '160', 0),
	(6593, 90, 358, 'ĐH Quy Nhơn', 0),
	(6594, 91, 358, '', 0),
	(6595, 86, 358, '219', 0),
	(6596, 85, 358, '188', 1),
	(6597, 93, 358, '265', 1),
	(6598, 114, 358, '', 0),
	(6599, 108, 359, '457', 0),
	(6600, 110, 359, '1985', 0),
	(6601, 107, 359, 'Bắc Giang\n', 0),
	(6602, 109, 359, '460', 0),
	(6603, 106, 359, '567/22 tỉnh lộ 10 P.Bình Trị Đông B\n', 0),
	(6604, 105, 359, '0916269091', 0),
	(6605, 104, 359, '', 0),
	(6606, 103, 359, '', 0),
	(6607, 102, 359, '16/08/2010', 0),
	(6608, 112, 359, 'Nguyễn Thanh Đượm', 0),
	(6609, 116, 359, '549', 0),
	(6610, 19, 359, '75', 0),
	(6611, 82, 359, '155', 0),
	(6612, 92, 359, 'Công tác xã hội', 0),
	(6613, 83, 359, '165', 0),
	(6614, 90, 359, 'Đại học mở', 0),
	(6615, 91, 359, '', 0),
	(6616, 86, 359, '219', 0),
	(6617, 93, 359, '276', 0),
	(6618, 114, 359, '', 0),
	(6619, 108, 360, '458', 0),
	(6620, 110, 360, '1984', 0),
	(6621, 107, 360, 'Quảng Ngãi\n', 0),
	(6622, 109, 360, '460', 0),
	(6623, 106, 360, '8/2B Phan Văn Hơn, Xuân Thới Thượng Hooc Môn\n', 0),
	(6624, 105, 360, '0985977311', 0),
	(6625, 104, 360, '', 0),
	(6626, 103, 360, '', 0),
	(6627, 102, 360, '13/08/2010', 0),
	(6628, 112, 360, 'Phạm Thị Thanh Huyền', 0),
	(6629, 116, 360, '549', 0),
	(6630, 19, 360, '75', 0),
	(6631, 20, 360, '233', 0),
	(6632, 82, 360, '153', 0),
	(6633, 92, 360, 'Lao động tiền lương', 0),
	(6634, 83, 360, '164', 0),
	(6635, 90, 360, 'Đại học lao động xã hội', 0),
	(6636, 91, 360, '', 0),
	(6637, 86, 360, '219', 0),
	(6638, 85, 360, '486', 0),
	(6639, 93, 360, '267', 0),
	(6640, 114, 360, '', 0),
	(6641, 108, 361, '457', 0),
	(6642, 110, 361, '1981', 0),
	(6643, 107, 361, 'HCM\n', 0),
	(6644, 109, 361, '459', 0),
	(6645, 106, 361, '94A Nguyễn Hồng F.11 Q.BT\n', 0),
	(6646, 105, 361, '', 0),
	(6647, 104, 361, '0838060586 gặp cô Bảy/ 0946893310', 0),
	(6648, 103, 361, 'tinvo91@yahoo.com', 0),
	(6649, 102, 361, '11/08/2010', 0),
	(6650, 112, 361, 'Võ Trung Tín', 0),
	(6651, 116, 361, '549', 0),
	(6652, 19, 361, '73', 1),
	(6653, 82, 361, '149', 0),
	(6654, 92, 361, '', 0),
	(6655, 83, 361, '160', 0),
	(6656, 90, 361, '', 0),
	(6657, 91, 361, '', 0),
	(6658, 86, 361, '219', 0),
	(6659, 85, 361, '217', 0),
	(6660, 85, 361, '218', 0),
	(6661, 93, 361, '285', 0),
	(6662, 93, 361, '294', 0),
	(6663, 114, 361, '', 0),
	(6664, 108, 362, '458', 0),
	(6665, 110, 362, '1984', 0),
	(6666, 107, 362, 'Bình Dương\n', 0),
	(6667, 109, 362, '460', 0),
	(6668, 106, 362, '81/6 Bạch Đằng, F.Phú Cường thị xã TDM - BD', 0),
	(6669, 105, 362, '01666708182', 0),
	(6670, 104, 362, '', 0),
	(6671, 103, 362, '', 0),
	(6672, 102, 362, '10/08/2010', 0),
	(6673, 112, 362, 'Huỳnh Minh Tuyển', 0),
	(6674, 116, 362, '549', 0),
	(6675, 19, 362, '75', 0),
	(6676, 20, 362, '233', 0),
	(6677, 82, 362, '151', 0),
	(6678, 92, 362, '', 0),
	(6679, 83, 362, '160', 0),
	(6680, 90, 362, '', 0),
	(6681, 91, 362, '', 0),
	(6682, 86, 362, '219', 0),
	(6683, 114, 362, '', 0),
	(6684, 108, 363, '457', 0),
	(6685, 110, 363, '1988', 0),
	(6686, 107, 363, 'TPHCM\n', 0),
	(6687, 109, 363, '460', 0),
	(6688, 106, 363, 'tổ 5 ấp An Đông, An Thới Đông\n', 0),
	(6689, 105, 363, '0937072018', 0),
	(6690, 104, 363, '', 0),
	(6691, 103, 363, 'minh88tran@yahoo.com.vn', 0),
	(6692, 102, 363, '05/08/2010', 0),
	(6693, 112, 363, 'Trần Hoàng Minh', 0),
	(6694, 116, 363, '549', 0),
	(6695, 19, 363, '75', 0),
	(6696, 82, 363, '155', 0),
	(6697, 92, 363, 'Nhân sự', 0),
	(6698, 83, 363, '165', 0),
	(6699, 90, 363, 'Đại học lao động xã hội', 0),
	(6700, 91, 363, '', 0),
	(6701, 86, 363, '219', 0),
	(6702, 114, 363, '', 0),
	(6703, 108, 364, '457', 0),
	(6704, 110, 364, '1974', 0),
	(6705, 107, 364, 'Dĩ An - Bình Dương\n', 0),
	(6706, 109, 364, '461', 0),
	(6707, 106, 364, '324b/24 Ấp Nội Hóa 1 Bình An - Dĩ An - Bình Dương\n', 0),
	(6708, 105, 364, '0982483105', 0),
	(6709, 104, 364, '', 0),
	(6710, 103, 364, '', 0),
	(6711, 102, 364, '10/08/2010', 0),
	(6712, 112, 364, 'Lương Văn Việt', 0),
	(6713, 116, 364, '549', 0),
	(6714, 19, 364, '75', 0),
	(6715, 20, 364, '233', 0),
	(6716, 82, 364, '149', 0),
	(6717, 92, 364, '', 0),
	(6718, 83, 364, '160', 0),
	(6719, 90, 364, '', 0),
	(6720, 91, 364, '', 0),
	(6721, 86, 364, '219', 0),
	(6722, 114, 364, '', 0),
	(8016, 88, 427, '296', 1),
	(8015, 86, 427, '219', 0),
	(8014, 91, 427, '', 0),
	(8013, 90, 427, '', 0),
	(8012, 83, 427, '160', 0),
	(8011, 92, 427, '', 0),
	(8010, 82, 427, '149', 0),
	(8009, 19, 427, '73', 1),
	(8008, 102, 427, '11/08/2010', 0),
	(8007, 106, 427, '94A Nguyễn Hồng F.11 Q.BT\n', 0),
	(8006, 107, 427, 'Hô Chí Minh', 0),
	(8005, 103, 427, 'tinvo91@yahoo.com ', 0),
	(8004, 104, 427, '0838060586 gặp cô Bảy', 0),
	(8003, 105, 427, '0946893310 ', 0),
	(8002, 109, 427, '460', 0),
	(8001, 110, 427, '1981', 0),
	(8000, 108, 427, '457', 0),
	(7999, 112, 427, 'Võ Trung Tín ', 0),
	(6757, 112, 367, 'Trần Thái Bình', 0),
	(6758, 108, 367, '457', 0),
	(6759, 107, 367, 'Krông - Đăk Nông ', 0),
	(6760, 106, 367, '1 Bit Nguyễn Trung Trực, Bình Thạnh', 0),
	(6761, 109, 367, '460', 0),
	(6762, 110, 367, '1984', 0),
	(6763, 104, 367, '', 0),
	(6764, 105, 367, '0984620690', 0),
	(6765, 103, 367, 'tranthanhbinh26@yahoo.com', 0),
	(6766, 102, 367, '02/12/2008', 0),
	(6767, 19, 367, '75', 0),
	(6768, 20, 367, '232', 0),
	(6769, 82, 367, '155', 0),
	(6770, 92, 367, 'Quản Trị Mạng', 0),
	(6771, 83, 367, '165', 0),
	(6772, 90, 367, 'Đại học Công Nghiệp Thành phố Hồ Chí Minh', 0),
	(6773, 91, 367, '', 0),
	(6774, 86, 367, '219', 0),
	(6775, 93, 367, '276', 0),
	(6776, 93, 367, '523', 0),
	(6777, 114, 367, '', 0),
	(6778, 88, 367, '296', 1),
	(6779, 112, 368, 'Mai Quốc Công', 0),
	(6780, 108, 368, '457', 0),
	(6781, 107, 368, '27/2 An Hòa, Tráng Ràng Tây Ninh', 0),
	(6782, 106, 368, ' ', 0),
	(6783, 109, 368, '460', 0),
	(6784, 110, 368, '1987', 0),
	(6785, 104, 368, '', 0),
	(6786, 105, 368, '0933876872', 0),
	(6787, 103, 368, '', 0),
	(6788, 102, 368, '30/03/2008', 0),
	(6789, 19, 368, '75', 0),
	(6790, 20, 368, '125', 0),
	(6791, 82, 368, '155', 0),
	(6792, 92, 368, 'Điện tử', 0),
	(6793, 83, 368, '165', 0),
	(6794, 90, 368, 'Cao Đẳng công nghệ thực phẩm', 0),
	(6795, 91, 368, '', 0),
	(6796, 86, 368, '219', 0),
	(6797, 114, 368, '', 0),
	(6798, 88, 368, '296', 1),
	(6799, 112, 369, 'Lâm Thị Minh Trang', 0),
	(6800, 108, 369, '458', 0),
	(6801, 107, 369, 'Hội Phú, An Ninh Tây , Tuy An, Phú Yên', 0),
	(6802, 106, 369, 'Ấp 6 - Xuân Thới Thượng - Hóc Môn', 0),
	(6803, 109, 369, '460', 0),
	(6804, 110, 369, '1985', 0),
	(6805, 104, 369, '', 0),
	(6806, 105, 369, '0975572357', 0),
	(6807, 103, 369, '', 0),
	(6808, 102, 369, '24/03/2008', 0),
	(6809, 19, 369, '75', 0),
	(6810, 20, 369, '232', 0),
	(6811, 82, 369, '151', 0),
	(6812, 92, 369, '', 0),
	(6813, 83, 369, '163', 0),
	(6814, 90, 369, '', 0),
	(6815, 91, 369, '', 0),
	(6816, 86, 369, '219', 0),
	(6817, 93, 369, '276', 0),
	(6818, 114, 369, '', 0),
	(6819, 112, 370, 'Hồ Tạ Tài', 0),
	(6820, 108, 370, '457', 0),
	(6821, 107, 370, 'Khu Phố 4 Phường Phú Lâm Thành Phố Tuy Hòa Tỉnh Phú Yên', 0),
	(6822, 106, 370, '214B/10F Phường Nguyễn Cư Trinh QUận 1', 0),
	(6823, 109, 370, '460', 0),
	(6824, 110, 370, '1981', 0),
	(6825, 104, 370, '', 0),
	(6826, 105, 370, '', 0),
	(6827, 103, 370, '', 0),
	(6828, 102, 370, '16/03/2008', 0),
	(6829, 19, 370, '75', 0),
	(6830, 20, 370, '232', 0),
	(6831, 82, 370, '153', 0),
	(6832, 92, 370, 'Kế Toán doanh nghiệp', 0),
	(6833, 83, 370, '164', 0),
	(6834, 90, 370, '', 0),
	(6835, 91, 370, '', 0),
	(6836, 86, 370, '219', 0),
	(6837, 93, 370, '276', 0),
	(6838, 114, 370, '', 0),
	(6839, 112, 371, 'Lê Quang Hoàng', 0),
	(6840, 108, 371, '457', 0),
	(6841, 107, 371, '28/6/6 Dường Chương Dương Quận Thủ Đức', 0),
	(6842, 106, 371, ' ', 0),
	(6843, 109, 371, '461', 0),
	(6844, 110, 371, '1971', 0),
	(6845, 104, 371, '089680422', 0),
	(6846, 105, 371, '', 0),
	(6847, 103, 371, '', 0),
	(6848, 102, 371, '03/03/2008', 0),
	(6849, 19, 371, '75', 0),
	(6850, 20, 371, '233', 0),
	(6851, 82, 371, '151', 0),
	(6852, 92, 371, '', 0),
	(6853, 83, 371, '163', 0),
	(6854, 90, 371, '', 0),
	(6855, 91, 371, '', 0),
	(6856, 86, 371, '219', 0),
	(6857, 93, 371, '286', 0),
	(6858, 114, 371, '', 0),
	(6859, 112, 372, 'Bùi Văn Linh', 0),
	(6860, 108, 372, '457', 0),
	(6861, 107, 372, '25c Hồ Hảo Hớn Phường Cô Giang Quận 1', 0),
	(6862, 106, 372, ' ', 0),
	(6863, 109, 372, '462', 0),
	(6864, 110, 372, '1954', 0),
	(6865, 104, 372, '088373457', 0),
	(6866, 105, 372, '', 0),
	(6867, 103, 372, '', 0),
	(6868, 102, 372, '03/03/2008', 0),
	(6869, 19, 372, '75', 0),
	(6870, 20, 372, '233', 0),
	(6871, 82, 372, '151', 0),
	(6872, 92, 372, '', 0),
	(6873, 83, 372, '160', 0),
	(6874, 90, 372, '', 0),
	(6875, 91, 372, '', 0),
	(6876, 86, 372, '219', 0),
	(6877, 93, 372, '501', 0),
	(6878, 114, 372, '', 0),
	(6879, 112, 373, 'Vũ Hoàng Lộc', 0),
	(6880, 108, 373, '457', 0),
	(6881, 107, 373, '31/1C Ngô Gia Tự Phường 2 Quận 10', 0),
	(6882, 106, 373, ' ', 0),
	(6883, 109, 373, '460', 0),
	(6884, 110, 373, '1984', 0),
	(6885, 104, 373, '088307868', 0),
	(6886, 105, 373, '', 0),
	(6887, 103, 373, '', 0),
	(6888, 102, 373, '30/03/2008', 0),
	(6889, 19, 373, '75', 0),
	(6890, 20, 373, '235', 0),
	(6891, 82, 373, '151', 0),
	(6892, 92, 373, '', 0),
	(6893, 83, 373, '163', 0),
	(6894, 90, 373, '', 0),
	(6895, 91, 373, '', 0),
	(6896, 86, 373, '219', 0),
	(6897, 93, 373, '498', 0),
	(6898, 93, 373, '506', 0),
	(6899, 114, 373, '', 0),
	(6900, 88, 373, '297', 0),
	(6901, 88, 373, '298', 0),
	(6902, 112, 374, 'Nguyễn Xuân Thủy', 0),
	(6903, 108, 374, '457', 0),
	(6904, 107, 374, 'Thôn Yên Thành, Xã Đạ Đờn, Lâm Hà, Lâm Đồng', 0),
	(6905, 106, 374, '50/1/3A Đường số 3 Tổ 16 Khu Phố 5 Hiệp Bình Phước Quận Thủ Đức', 0),
	(6906, 109, 374, '460', 0),
	(6907, 110, 374, '1980', 0),
	(6908, 104, 374, '', 0),
	(6909, 105, 374, '0974715089', 0),
	(6910, 103, 374, '', 0),
	(6911, 102, 374, '28/02/2008', 0),
	(6912, 19, 374, '75', 0),
	(6913, 82, 374, '150', 0),
	(6914, 92, 374, '', 0),
	(6915, 83, 374, '160', 0),
	(6916, 90, 374, '', 0),
	(6917, 91, 374, '', 0),
	(6918, 86, 374, '219', 0),
	(6919, 93, 374, '544', 0),
	(6920, 114, 374, '', 0),
	(6921, 112, 375, 'Trần Nguyễn Diệu Huyền', 0),
	(6922, 108, 375, '458', 0),
	(6923, 107, 375, '25 Vân Đồn Phường Phước Hòa Thành Phố Nha Trang Khánh Hòa', 0),
	(6924, 106, 375, '243 Tân Quý Phường Tân Quý Thành Phố Hồ Chí Minh', 0),
	(6925, 109, 375, '460', 0),
	(6926, 110, 375, '1984', 0),
	(6927, 104, 375, '', 0),
	(6928, 105, 375, '0972309539', 0),
	(6929, 103, 375, '', 0),
	(6930, 102, 375, '18/02/2008', 0),
	(6931, 19, 375, '75', 0),
	(6932, 20, 375, '231', 0),
	(6933, 20, 375, '233', 0),
	(6934, 82, 375, '155', 0),
	(6935, 92, 375, 'Luật', 0),
	(6936, 83, 375, '165', 0),
	(6937, 90, 375, '', 0),
	(6938, 91, 375, '', 0),
	(6939, 86, 375, '219', 0),
	(6940, 93, 375, '276', 0),
	(6941, 93, 375, '519', 0),
	(6942, 114, 375, '', 0),
	(6943, 88, 375, '297', 0),
	(6944, 88, 375, '298', 0),
	(6945, 112, 376, 'Nguyễn Thanh Tuấn', 0),
	(6946, 108, 376, '457', 0),
	(6947, 107, 376, 'Ấp Hòa An Xã Hòa Lộc Huyện Tam Bình Tỉnh VĨnh Long', 0),
	(6948, 106, 376, '514/4B Cù Lao Phường 2 Quận Phú Nhuận', 0),
	(6949, 109, 376, '460', 0),
	(6950, 110, 376, '1983', 0),
	(6951, 104, 376, '', 0),
	(6952, 105, 376, '0945872609', 0),
	(6953, 103, 376, '', 0),
	(6954, 102, 376, '12/02/2008', 0),
	(6955, 19, 376, '75', 0),
	(6956, 20, 376, '123', 0),
	(6957, 82, 376, '150', 0),
	(6958, 92, 376, '', 0),
	(6959, 83, 376, '160', 0),
	(6960, 90, 376, '', 0),
	(6961, 91, 376, '', 0),
	(6962, 85, 376, '486', 0),
	(6963, 86, 376, '219', 0),
	(6964, 93, 376, '265', 1),
	(6965, 93, 376, '276', 1),
	(6966, 114, 376, '', 0),
	(6967, 94, 376, '317', 0),
	(6968, 94, 376, '318', 0),
	(6969, 112, 377, 'Trần Thanh Trúc Giang', 0),
	(6970, 108, 377, '458', 0),
	(6971, 107, 377, '2385/20 Phạm Thế Hiển Phường 6 Quận 8', 0),
	(6972, 106, 377, '2037 Phạm thế Hiển Phường 6 QUận 8', 0),
	(6973, 109, 377, '460', 0),
	(6974, 110, 377, '1986', 0),
	(6975, 104, 377, '8502817', 0),
	(6976, 105, 377, '', 0),
	(6977, 103, 377, 'trucgiang2037@yahoo.com', 0),
	(6978, 102, 377, '21/07/2008', 0),
	(6979, 19, 377, '75', 0),
	(6980, 20, 377, '235', 0),
	(6981, 82, 377, '154', 0),
	(6982, 92, 377, 'Quản Trị Kinh Doanh', 0),
	(6983, 83, 377, '165', 0),
	(6984, 90, 377, 'Học Viện ISSAD', 0),
	(6985, 91, 377, '', 0),
	(6986, 85, 377, '485', 0),
	(6987, 86, 377, '219', 0),
	(6988, 93, 377, '276', 0),
	(6989, 114, 377, '', 0),
	(6990, 88, 377, '297', 0),
	(6991, 88, 377, '298', 0),
	(6992, 112, 378, 'Huỳnh Thị Thùy Dương', 0),
	(6993, 108, 378, '458', 0),
	(6994, 107, 378, 'Đức Phổ QUảng Ngãi', 0),
	(6995, 106, 378, 'Quận Bình Tân Thành Phố HỒ Chí Minh', 0),
	(6996, 109, 378, '461', 0),
	(6997, 110, 378, '1976', 0),
	(6998, 104, 378, '', 0),
	(6999, 105, 378, '0962419122', 0),
	(7000, 103, 378, 'thuyduongxanh2809@yahoo.com', 0),
	(7001, 102, 378, '03/11/2008', 0),
	(7002, 19, 378, '75', 0),
	(7003, 20, 378, '123', 0),
	(7004, 82, 378, '155', 0),
	(7005, 92, 378, 'Ngữ Văn báo Chi', 0),
	(7006, 83, 378, '160', 0),
	(7007, 90, 378, '', 0),
	(7008, 91, 378, '', 0),
	(7009, 86, 378, '219', 0),
	(7010, 114, 378, '', 0),
	(7011, 112, 379, 'Phan Gia Phúc', 0),
	(7012, 108, 379, '457', 0),
	(7013, 107, 379, '4G Đường 3/2 Phường 12 Quận 10', 0),
	(7014, 106, 379, ' ', 0),
	(7015, 109, 379, '460', 0),
	(7016, 110, 379, '1984', 0),
	(7017, 104, 379, '', 0),
	(7018, 105, 379, '01699914774', 0),
	(7019, 103, 379, '', 0),
	(7020, 102, 379, '25/08/2008', 0),
	(7021, 19, 379, '75', 0),
	(7022, 20, 379, '125', 0),
	(7023, 82, 379, '149', 0),
	(7024, 92, 379, '', 0),
	(7025, 83, 379, '160', 0),
	(7026, 90, 379, '', 0),
	(7027, 91, 379, '', 0),
	(7028, 86, 379, '219', 0),
	(7029, 114, 379, '', 0),
	(7030, 112, 380, 'Phu Vi Thảo', 0),
	(7031, 108, 380, '458', 0),
	(7032, 107, 380, '869 Quốc Lộ 20 Khu Phố 10 Liên Nghĩa Đức Trọng Lâm Đồng', 0),
	(7033, 106, 380, 'Gần Siêu thị điện máy nguyễn Kim Trần Hưng Đạo Quận 1', 0),
	(7034, 109, 380, '460', 0),
	(7035, 110, 380, '1986', 0),
	(7036, 104, 380, '', 0),
	(7037, 105, 380, '', 0),
	(7038, 103, 380, '0937073221', 0),
	(7039, 102, 380, '08/09/2008', 0),
	(7040, 19, 380, '75', 0),
	(7041, 20, 380, '232', 0),
	(7042, 21, 380, '131', 0),
	(7043, 113, 380, '535', 0),
	(7044, 82, 380, '153', 0),
	(7045, 92, 380, 'Dược Sĩ', 0),
	(7046, 83, 380, '164', 0),
	(7047, 90, 380, '', 0),
	(7048, 91, 380, '', 0),
	(7049, 86, 380, '219', 0),
	(7050, 114, 380, '', 0),
	(7051, 112, 381, 'Khả Tấn Lộc', 0),
	(7052, 108, 381, '457', 0),
	(7053, 107, 381, '101 Cư Xá Lam Sơn Nguyễn Oanh Phường 17 Quận Gò Vấp', 0),
	(7054, 106, 381, ' ', 0),
	(7055, 109, 381, '460', 0),
	(7056, 110, 381, '1989', 0),
	(7057, 104, 381, '0862576753', 0),
	(7058, 105, 381, '0166221411', 0),
	(7059, 103, 381, 'loctankha2008@yahoo.com.vn', 0),
	(7060, 102, 381, '03/12/2008', 0),
	(7061, 19, 381, '75', 0),
	(7062, 20, 381, '232', 0),
	(7063, 82, 381, '152', 0),
	(7064, 92, 381, 'Thiết kế quảng cáo', 0),
	(7065, 83, 381, '160', 0),
	(7066, 90, 381, '', 0),
	(7067, 91, 381, '', 0),
	(7068, 86, 381, '219', 0),
	(7069, 114, 381, '', 0),
	(7070, 112, 382, 'Nguyễn Đình Duy', 0),
	(7071, 108, 382, '457', 0),
	(7072, 107, 382, '427/16 Trần Soạn Xuân Quận 7', 0),
	(7073, 106, 382, '427/16 Trần Soạn Xuân Quận 7', 0),
	(7074, 109, 382, '460', 0),
	(7075, 110, 382, '1988', 0),
	(7076, 104, 382, '', 0),
	(7077, 105, 382, '0934981789', 0),
	(7078, 103, 382, '', 0),
	(7079, 102, 382, '11/09/2008', 0),
	(7080, 19, 382, '75', 0),
	(7081, 20, 382, '123', 0),
	(7082, 82, 382, '151', 0),
	(7083, 92, 382, '', 0),
	(7084, 83, 382, '163', 0),
	(7085, 90, 382, '', 0),
	(7086, 91, 382, '', 0),
	(7087, 86, 382, '219', 0),
	(7088, 93, 382, '294', 0),
	(7089, 93, 382, '509', 0),
	(7090, 114, 382, '', 0),
	(7091, 112, 383, 'Lê Thu Sánh', 0),
	(7092, 108, 383, '458', 0),
	(7093, 107, 383, 'Mỹ Xuyên Sóc Trăng', 0),
	(7094, 106, 383, ' ', 0),
	(7095, 109, 383, '460', 0),
	(7096, 110, 383, '1984', 0),
	(7097, 104, 383, '', 0),
	(7098, 105, 383, '0987314064', 0),
	(7099, 103, 383, '', 0),
	(7100, 102, 383, '21/08/2008', 0),
	(7101, 19, 383, '75', 0),
	(7102, 20, 383, '233', 0),
	(7103, 82, 383, '151', 0),
	(7104, 92, 383, '', 0),
	(7105, 83, 383, '160', 0),
	(7106, 90, 383, '', 0),
	(7107, 91, 383, '', 0),
	(7108, 86, 383, '219', 0),
	(7109, 114, 383, '', 0),
	(7110, 112, 384, 'Đinh văn Phi', 0),
	(7111, 108, 384, '457', 0),
	(7112, 107, 384, 'Lò Vôi Phước Long Bà Rịa Vũng Tàu', 0),
	(7113, 106, 384, '217/A10 Xô Viết Nghệ Tĩnh Phường 17 Quận Bình Thạnh', 0),
	(7114, 109, 384, '460', 0),
	(7115, 110, 384, '1984', 0),
	(7116, 104, 384, '', 0),
	(7117, 105, 384, '0959445145', 0),
	(7118, 103, 384, 'dphi83@yahoo.com', 0),
	(7119, 102, 384, '22/10/2008', 0),
	(7120, 19, 384, '75', 0),
	(7121, 20, 384, '234', 0),
	(7122, 82, 384, '152', 0),
	(7123, 92, 384, 'Đồ họa vi tính', 0),
	(7124, 83, 384, '160', 0),
	(7125, 90, 384, '', 0),
	(7126, 91, 384, '', 0),
	(7127, 86, 384, '219', 0),
	(7128, 114, 384, '', 0),
	(7129, 112, 385, 'Nguyễn Thị Đức An', 0),
	(7130, 108, 385, '458', 0),
	(7131, 107, 385, '', 0),
	(7132, 106, 385, 'Bình Thạnh', 0),
	(7133, 109, 385, '460', 0),
	(7134, 110, 385, '1980', 0),
	(7135, 104, 385, '', 0),
	(7136, 105, 385, '0962945157', 0),
	(7137, 103, 385, '', 0),
	(7138, 102, 385, '13/10/2008', 0),
	(7139, 19, 385, '75', 0),
	(7140, 82, 385, '155', 0),
	(7141, 92, 385, 'Mỹ Thuật Ứng Dụng', 0),
	(7142, 83, 385, '165', 0),
	(7143, 90, 385, 'Đại học mỹ thuật', 0),
	(7144, 91, 385, '', 0),
	(7145, 85, 385, '207', 0),
	(7146, 86, 385, '219', 0),
	(7147, 114, 385, '', 0),
	(7148, 112, 386, 'Nguyễn Thị Loan', 0),
	(7149, 108, 386, '458', 0),
	(7150, 107, 386, 'Mỹ Tho Tiền Giang', 0),
	(7151, 106, 386, '217/77 Phường Lạc Long Quân Quận 11', 0),
	(7152, 109, 386, '462', 0),
	(7153, 110, 386, '1954', 0),
	(7154, 104, 386, '', 0),
	(7155, 105, 386, '01227449409', 0),
	(7156, 103, 386, '', 0),
	(7157, 102, 386, '05/11/2008', 0),
	(7158, 19, 386, '75', 0),
	(7159, 20, 386, '233', 0),
	(7160, 82, 386, '153', 0),
	(7161, 92, 386, 'Kế Toán', 0),
	(7162, 83, 386, '164', 0),
	(7163, 90, 386, '', 0),
	(7164, 91, 386, '', 0),
	(7165, 85, 386, '474', 0),
	(7166, 85, 386, '485', 0),
	(7167, 86, 386, '219', 0),
	(7168, 114, 386, '', 0),
	(7169, 112, 387, 'Nguyễn Thanh Mộng', 0),
	(7170, 108, 387, '457', 0),
	(7171, 107, 387, ' ', 0),
	(7172, 106, 387, ' ', 0),
	(7173, 109, 387, '459', 0),
	(7174, 110, 387, ' ', 0),
	(7175, 104, 387, '37500294', 0),
	(7176, 105, 387, '', 0),
	(7177, 103, 387, '', 0),
	(7178, 102, 387, '20/10/2008', 0),
	(7179, 19, 387, '75', 0),
	(7180, 82, 387, '149', 0),
	(7181, 92, 387, '', 0),
	(7182, 83, 387, '160', 0),
	(7183, 90, 387, '', 0),
	(7184, 91, 387, '', 0),
	(7185, 86, 387, '219', 0),
	(7186, 93, 387, '524', 0),
	(7187, 114, 387, '', 0),
	(7188, 112, 388, 'Nguyễn Thị An', 0),
	(7189, 108, 388, '458', 0),
	(7190, 107, 388, ' ', 0),
	(7191, 106, 388, '1481 Huỳnh Tấn Phát', 0),
	(7192, 109, 388, '462', 0),
	(7193, 110, 388, '1962', 0),
	(7194, 104, 388, '', 0),
	(7195, 105, 388, '01229439521', 0),
	(7196, 103, 388, '', 0),
	(7197, 102, 388, '21/10/2008', 0),
	(7198, 19, 388, '75', 0),
	(7199, 20, 388, '229', 0),
	(7200, 82, 388, '152', 0),
	(7201, 92, 388, 'Kế toán', 0),
	(7202, 83, 388, '160', 0),
	(7203, 90, 388, '', 0),
	(7204, 91, 388, '', 0),
	(7205, 85, 388, '188', 1),
	(7206, 86, 388, '219', 0),
	(7207, 93, 388, '265', 1),
	(7208, 114, 388, '', 0),
	(7209, 112, 389, 'Trương Văn Dũng', 0),
	(7210, 108, 389, '457', 0),
	(7211, 107, 389, 'Phòng 27 số 829 khu phố 1 Bình Trị Đông QUận Bình Tân', 0),
	(7212, 106, 389, ' ', 0),
	(7213, 109, 389, '460', 0),
	(7214, 110, 389, '1985', 0),
	(7215, 104, 389, '', 0),
	(7216, 105, 389, '01235320396', 0),
	(7217, 103, 389, '', 0),
	(7218, 102, 389, '10/11/2008', 0),
	(7219, 19, 389, '75', 0),
	(7220, 20, 389, '233', 0),
	(7221, 82, 389, '151', 0),
	(7222, 92, 389, '', 0),
	(7223, 83, 389, '160', 0),
	(7224, 90, 389, '', 0),
	(7225, 91, 389, '', 0),
	(7226, 85, 389, '496', 0),
	(7227, 86, 389, '219', 0),
	(7228, 93, 389, '286', 0),
	(7229, 114, 389, '', 0),
	(7230, 112, 390, 'Đinh Bá Phước', 0),
	(7231, 108, 390, '457', 0),
	(7232, 107, 390, '10/4 Trung Chánh Hóc Môn', 0),
	(7233, 106, 390, '10/4 Trung Chánh Hóc Môn', 0),
	(7234, 109, 390, '460', 0),
	(7235, 110, 390, '1981', 0),
	(7236, 104, 390, '37183328', 0),
	(7237, 105, 390, '', 0),
	(7238, 103, 390, 'phuoc_dinh@yahoo.com', 0),
	(7239, 102, 390, '26/12/2008', 0),
	(7240, 19, 390, '74', 0),
	(7241, 20, 390, '121', 0),
	(7242, 82, 390, '155', 0),
	(7243, 92, 390, 'Công nghệ sinh học', 0),
	(7244, 83, 390, '165', 0),
	(7245, 90, 390, 'Đại học nông lâm', 0),
	(7246, 91, 390, '', 0),
	(7247, 86, 390, '219', 0),
	(7248, 114, 390, '', 0),
	(7249, 112, 391, 'Nguyễn Hữu Anh Dũng', 0),
	(7250, 108, 391, '457', 0),
	(7251, 107, 391, '410 Lô B4 Phường 3 Quận 4', 0),
	(7252, 106, 391, ' ', 0),
	(7253, 109, 391, '462', 0),
	(7254, 110, 391, '1968', 0),
	(7255, 104, 391, '39412375', 0),
	(7256, 105, 391, '0982979272', 0),
	(7257, 103, 391, '', 0),
	(7258, 102, 391, '10/12/2008', 0),
	(7259, 19, 391, '75', 0),
	(7260, 20, 391, '232', 0),
	(7261, 82, 391, '149', 0),
	(7262, 92, 391, '', 0),
	(7263, 83, 391, '160', 0),
	(7264, 90, 391, '', 0),
	(7265, 91, 391, '', 0),
	(7266, 85, 391, '540', 0),
	(7267, 86, 391, '219', 0),
	(7268, 114, 391, 'sửa chữa điện thoại di động', 0),
	(7269, 112, 392, 'Hà Lệ Kíu', 0),
	(7270, 108, 392, '458', 0),
	(7271, 107, 392, '41/1 Ấp An Hòa Xã Tây Hòa Huyện TB Tỉnh Đồng Nai', 0),
	(7272, 106, 392, '49A Nguyễn Thông Phường 9 Quận 3', 0),
	(7273, 109, 392, '460', 0),
	(7274, 110, 392, '1985', 0),
	(7275, 104, 392, '', 0),
	(7276, 105, 392, '0933097110', 0),
	(7277, 103, 392, '', 0),
	(7278, 102, 392, '26/2/2008', 0),
	(7279, 19, 392, '75', 0),
	(7280, 20, 392, '233', 0),
	(7281, 82, 392, '151', 0),
	(7282, 92, 392, 'thiết kế quảng cáo', 0),
	(7283, 83, 392, '163', 0),
	(7284, 90, 392, '', 0),
	(7285, 91, 392, '', 0),
	(7286, 85, 392, '483', 0),
	(7287, 86, 392, '219', 0),
	(7288, 114, 392, '', 0),
	(7289, 112, 393, 'Võ Bình Trí', 0),
	(7290, 108, 393, '457', 0),
	(7291, 107, 393, '89/5A8 Quang Trung Gò Vấp', 0),
	(7292, 106, 393, '89/5A8 Quang Trung Gò Vấp', 0),
	(7293, 109, 393, '460', 0),
	(7294, 110, 393, '1980', 0),
	(7295, 104, 393, '', 0),
	(7296, 105, 393, '0906604199', 0),
	(7297, 103, 393, 'wishperspring2004@yahoo.com', 0),
	(7298, 102, 393, '14/01/2008', 0),
	(7299, 19, 393, '75', 0),
	(7300, 82, 393, '153', 0),
	(7301, 92, 393, 'Đồ họa', 0),
	(7302, 83, 393, '164', 0),
	(7303, 90, 393, 'Kỹ Nghệ II', 0),
	(7304, 91, 393, '', 0),
	(7305, 85, 393, '483', 0),
	(7306, 86, 393, '219', 0),
	(7307, 114, 393, '', 0),
	(7308, 94, 393, '317', 0),
	(7309, 94, 393, '318', 0),
	(7310, 94, 393, '320', 0),
	(7311, 112, 394, 'Phan Văn An', 0),
	(7312, 108, 394, '457', 0),
	(7313, 107, 394, '10A/92 Hiệp Bình Chánh Thủ Đức', 0),
	(7314, 106, 394, '10A/92 Hiệp Bình Chánh Thủ Đức', 0),
	(7315, 109, 394, '460', 0),
	(7316, 110, 394, '1984', 0),
	(7317, 104, 394, '', 0),
	(7318, 105, 394, '0919991884', 0),
	(7319, 103, 394, '', 0),
	(7320, 102, 394, '23/11/2007', 0),
	(7321, 19, 394, '75', 0),
	(7322, 20, 394, '233', 0),
	(7323, 82, 394, '155', 0),
	(7324, 92, 394, 'Quản Trị Kinh Doanh', 0),
	(7325, 83, 394, '165', 0),
	(7326, 90, 394, 'Đại học kinh tế tp Hồ Chí Minh', 0),
	(7327, 91, 394, '', 0),
	(7328, 86, 394, '219', 0),
	(7329, 93, 394, '276', 0),
	(7330, 114, 394, '', 0),
	(7331, 88, 394, '297', 0),
	(7332, 88, 394, '298', 0),
	(7333, 112, 395, 'Trân Hồng Du', 0),
	(7334, 108, 395, '458', 0),
	(7335, 107, 395, '634/2/37 Tỉnh Lộ 10 Bình Tân', 0),
	(7336, 106, 395, '634/2/37 Tỉnh Lộ 10 Bình Tân', 0),
	(7337, 109, 395, '461', 0),
	(7338, 110, 395, '1968', 0),
	(7339, 104, 395, '7622535', 0),
	(7340, 105, 395, '', 0),
	(7341, 103, 395, '', 0),
	(7342, 102, 395, '24/11/2007', 0),
	(7343, 19, 395, '74', 0),
	(7344, 20, 395, '119', 0),
	(7345, 82, 395, '155', 0),
	(7346, 92, 395, 'Quản Trị Kinh Doanh', 0),
	(7347, 83, 395, '165', 0),
	(7348, 90, 395, 'Đại Học Mở', 0),
	(7349, 91, 395, '', 0),
	(7350, 85, 395, '486', 0),
	(7351, 86, 395, '219', 0),
	(7352, 114, 395, '', 0),
	(7353, 88, 395, '297', 0),
	(7354, 88, 395, '298', 0),
	(7355, 112, 396, 'Châu Thành Mến', 0),
	(7356, 108, 396, '457', 0),
	(7357, 107, 396, ' ', 0),
	(7358, 106, 396, '234 Bạch Đằng Phường 24 QUận Bình Thạnh', 0),
	(7359, 109, 396, '460', 0),
	(7360, 110, 396, '1980', 0),
	(7361, 104, 396, '', 0),
	(7362, 105, 396, '0939345360', 0),
	(7363, 103, 396, '', 0),
	(7364, 102, 396, '24/11/2007', 0),
	(7365, 19, 396, '75', 0),
	(7366, 20, 396, '128', 0),
	(7367, 82, 396, '152', 0),
	(7368, 92, 396, 'Thiết kế đồ họa', 0),
	(7369, 83, 396, '160', 0),
	(7370, 90, 396, '', 0),
	(7371, 91, 396, '', 0),
	(7372, 86, 396, '219', 0),
	(7373, 114, 396, '', 0),
	(7374, 112, 397, 'Phan Quốc Thiều', 0),
	(7375, 108, 397, '457', 0),
	(7376, 107, 397, 'Bình Phước', 0),
	(7377, 106, 397, 'Trung tâm dạy nghê Hóc Môn', 0),
	(7378, 109, 397, '461', 0),
	(7379, 110, 397, '1972', 0),
	(7380, 104, 397, '', 0),
	(7381, 105, 397, '0907740358', 0),
	(7382, 103, 397, '', 0),
	(7383, 102, 397, '06/06/2007', 0),
	(7384, 19, 397, '74', 0),
	(7385, 82, 397, '152', 0),
	(7386, 92, 397, '', 0),
	(7387, 83, 397, '160', 0),
	(7388, 90, 397, '', 0),
	(7389, 91, 397, '', 0),
	(7390, 85, 397, '201', 0),
	(7391, 86, 397, '219', 0),
	(7392, 93, 397, '278', 0),
	(7393, 114, 397, '', 0),
	(7394, 112, 398, 'Trương Ngọc Hải', 0),
	(7395, 108, 398, '457', 0),
	(7396, 107, 398, 'Ấp An Bình Xã An Thới Đông Huyện Cần Giờ Thành phố Hồ Chí Minh', 0),
	(7397, 106, 398, '215 Võ Thị Sáu Phường 7 Quận 3', 0),
	(7398, 109, 398, '460', 0),
	(7399, 110, 398, '1985', 0),
	(7400, 104, 398, '', 0),
	(7401, 105, 398, '0902681857', 0),
	(7402, 103, 398, '', 0),
	(7403, 102, 398, '06/06/2007', 0),
	(7404, 19, 398, '75', 0),
	(7405, 20, 398, '233', 0),
	(7406, 82, 398, '152', 0),
	(7407, 92, 398, 'Điện tử', 0),
	(7408, 83, 398, '160', 0),
	(7409, 90, 398, '', 0),
	(7410, 91, 398, '', 0),
	(7411, 86, 398, '219', 0),
	(7412, 93, 398, '524', 0),
	(7413, 114, 398, '', 0),
	(7414, 112, 399, 'Phạm Thanh Nam', 0),
	(7415, 108, 399, '457', 0),
	(7416, 107, 399, '215 Võ Thị Sáu Phường 7 Quận 3', 0),
	(7417, 106, 399, ' ', 0),
	(7418, 109, 399, '460', 0),
	(7419, 110, 399, '1986', 0),
	(7420, 104, 399, '', 0),
	(7421, 105, 399, '0985234049', 0),
	(7422, 103, 399, '', 0),
	(7423, 102, 399, '06/06/2007', 0),
	(7424, 19, 399, '75', 0),
	(7425, 20, 399, '232', 0),
	(7426, 82, 399, '152', 0),
	(7427, 92, 399, 'Điện tử', 0),
	(7428, 83, 399, '160', 0),
	(7429, 90, 399, '', 0),
	(7430, 91, 399, '', 0),
	(7431, 86, 399, '219', 0),
	(7432, 93, 399, '286', 0),
	(7433, 114, 399, '', 0),
	(7434, 112, 400, 'Trương Kiếm', 0),
	(7435, 108, 400, '457', 0),
	(7436, 107, 400, '52/23A Bùi Đình Túy Phường 24 Quận Bình Thạnh', 0),
	(7437, 106, 400, ' ', 0),
	(7438, 109, 400, '462', 0),
	(7439, 110, 400, '1954', 0),
	(7440, 104, 400, '5100613', 0),
	(7441, 105, 400, '', 0),
	(7442, 103, 400, '', 0),
	(7443, 102, 400, '17/06/2007', 0),
	(7444, 19, 400, '75', 0),
	(7445, 20, 400, '124', 0),
	(7446, 82, 400, '151', 0),
	(7447, 92, 400, '', 0),
	(7448, 83, 400, '160', 0),
	(7449, 90, 400, '', 0),
	(7450, 91, 400, '', 0),
	(7451, 86, 400, '219', 0),
	(7452, 93, 400, '276', 0),
	(7453, 93, 400, '504', 0),
	(7454, 114, 400, '', 0),
	(7455, 112, 401, 'Lại Trọng Quân', 0),
	(7456, 108, 401, '457', 0),
	(7457, 107, 401, '58/6 Trương Định Phường Bến Thành Quận 1', 0),
	(7458, 106, 401, ' ', 0),
	(7459, 109, 401, '461', 0),
	(7460, 110, 401, '1968', 0),
	(7461, 104, 401, '2237487', 0),
	(7462, 105, 401, '', 0),
	(7463, 103, 401, '', 0),
	(7464, 102, 401, '18/06/2007', 0),
	(7465, 19, 401, '75', 0),
	(7466, 20, 401, '232', 0),
	(7467, 82, 401, '149', 0),
	(7468, 92, 401, '', 0),
	(7469, 83, 401, '160', 0),
	(7470, 90, 401, '', 0),
	(7471, 91, 401, '', 0),
	(7472, 86, 401, '219', 0),
	(7473, 114, 401, '', 0),
	(7474, 112, 402, 'Nguyễn Ngọc Kim Chi', 0),
	(7475, 108, 402, '458', 0),
	(7476, 107, 402, '130/19 Lân Văn Bền Quận 7', 0),
	(7477, 106, 402, '130/19 Lân Văn Bền Quận 7', 0),
	(7478, 109, 402, '460', 0),
	(7479, 110, 402, '1980', 0),
	(7480, 104, 402, '', 0),
	(7481, 105, 402, '0908553527', 0),
	(7482, 103, 402, '', 0),
	(7483, 102, 402, '24/07/2007', 0),
	(7484, 19, 402, '109', 0),
	(7485, 82, 402, '153', 0),
	(7486, 92, 402, 'Tin học văn phòng', 0),
	(7487, 83, 402, '164', 0),
	(7488, 90, 402, 'Trường Kỹ Nghệ II', 0),
	(7489, 91, 402, '', 0),
	(7490, 86, 402, '219', 0),
	(7491, 93, 402, '276', 0),
	(7492, 114, 402, '', 0),
	(7493, 112, 403, 'Đặng Minh Thắng', 0),
	(7494, 108, 403, '457', 0),
	(7495, 107, 403, '208/7 Đoàn Văn Bơ Phương 10 Quận 4', 0),
	(7496, 106, 403, ' ', 0),
	(7497, 109, 403, '460', 0),
	(7498, 110, 403, '1983', 0),
	(7499, 104, 403, '8264473', 0),
	(7500, 105, 403, '', 0),
	(7501, 103, 403, '', 0),
	(7502, 102, 403, '08/08/2007', 0),
	(7503, 19, 403, '77', 0),
	(7504, 82, 403, '149', 0),
	(7505, 92, 403, '', 0),
	(7506, 83, 403, '160', 0),
	(7507, 90, 403, '', 0),
	(7508, 91, 403, '', 0),
	(7509, 86, 403, '219', 0),
	(7510, 114, 403, '', 0),
	(7511, 112, 404, 'K\' Hoàng', 0),
	(7512, 108, 404, '457', 0),
	(7513, 107, 404, ' ', 0),
	(7514, 106, 404, '6A Tổ 19 Phường Trung Mỹ Tây Quận 12 Thành phố Hồ Chí Minh', 0),
	(7515, 109, 404, '461', 0),
	(7516, 110, 404, '1975', 0),
	(7517, 104, 404, '', 0),
	(7518, 105, 404, '0976159916', 0),
	(7519, 103, 404, '', 0),
	(7520, 102, 404, '15/08/2007', 0),
	(7521, 19, 404, '75', 0),
	(7522, 20, 404, '122', 0),
	(7523, 82, 404, '151', 0),
	(7524, 92, 404, '', 0),
	(7525, 83, 404, '160', 0),
	(7526, 90, 404, '', 0),
	(7527, 91, 404, '', 0),
	(7528, 86, 404, '219', 0),
	(7529, 93, 404, '286', 0),
	(7530, 114, 404, '', 0),
	(7531, 112, 405, 'Nguyễn Anh Quốc', 0),
	(7532, 108, 405, '457', 0),
	(7533, 107, 405, '0520 Gia Hòa Yên Bình GIã Châu Đức Bà Rịa Vũng Tàu', 0),
	(7534, 106, 405, '42 Điện Biên Phủ Phường 17 Quận Bình Thạnh', 0),
	(7535, 109, 405, '460', 0),
	(7536, 110, 405, '1983', 0),
	(7537, 104, 405, '064881543', 0),
	(7538, 105, 405, '0933588635', 0),
	(7539, 103, 405, '', 0),
	(7540, 102, 405, '20/09/2007', 0),
	(7541, 19, 405, '75', 0),
	(7542, 20, 405, '233', 0),
	(7543, 82, 405, '155', 0),
	(7544, 92, 405, 'Điện - điện tử', 0),
	(7545, 83, 405, '165', 0),
	(7546, 90, 405, '', 0),
	(7547, 91, 405, '', 0),
	(7548, 86, 405, '219', 0),
	(7549, 93, 405, '286', 0),
	(7550, 114, 405, '', 0),
	(7551, 112, 406, 'Phạm Thị Bích Nguyệt', 0),
	(7552, 108, 406, '458', 0),
	(7553, 107, 406, '64/21 Bùi Thị Xuân - Phường 5 Quận Tân Bình', 0),
	(7554, 106, 406, '64/21 Bùi Thị Xuân - Phường 5 Quận Tân Bình', 0),
	(7555, 109, 406, '461', 0),
	(7556, 110, 406, '1966', 0),
	(7557, 104, 406, '9930939', 0),
	(7558, 105, 406, '', 0),
	(7559, 103, 406, '', 0),
	(7560, 102, 406, '23/11/2007', 0),
	(7561, 19, 406, '75', 0),
	(7562, 20, 406, '232', 0),
	(7563, 82, 406, '150', 0),
	(7564, 92, 406, 'May thời trang', 0),
	(7565, 83, 406, '160', 0),
	(7566, 90, 406, '', 0),
	(7567, 91, 406, '', 0),
	(7568, 86, 406, '219', 0),
	(7569, 114, 406, '', 0),
	(7570, 112, 407, 'Trịnh Thị Kim Tuyến', 0),
	(7571, 108, 407, '458', 0),
	(7572, 107, 407, 'Đức Lâm Mộ Đức Quảng Ngãi', 0),
	(7573, 106, 407, ' ', 0),
	(7574, 109, 407, '461', 0),
	(7575, 110, 407, '1977', 0),
	(7576, 104, 407, '', 0),
	(7577, 105, 407, '0979278348', 0),
	(7578, 103, 407, '', 0),
	(7579, 102, 407, '23/11/2007', 0),
	(7580, 19, 407, '75', 0),
	(7581, 20, 407, '123', 0),
	(7582, 82, 407, '154', 0),
	(7583, 92, 407, 'Cao đẳng sư phạm tiểu học', 0),
	(7584, 83, 407, '165', 0),
	(7585, 90, 407, 'Cao đẳng sư phạm Quảng Ngãi', 0),
	(7586, 91, 407, '', 0),
	(7587, 86, 407, '219', 0),
	(7588, 93, 407, '281', 0),
	(7589, 114, 407, '', 0),
	(7590, 112, 408, 'Trần Thị Kim Thu', 0),
	(7591, 108, 408, '458', 0),
	(7592, 107, 408, '5/25 Quang Trung Thành Phố Nam Định', 0),
	(7593, 106, 408, 'Chung Cư C1 1 bis Nguyễn Đình Chiểu Quận 1 Tp Hồ Chí Minh', 0),
	(7594, 109, 408, '460', 0),
	(7595, 110, 408, '1983', 0),
	(7596, 104, 408, '', 0),
	(7597, 105, 408, '0988263787', 0),
	(7598, 103, 408, 'kimthu090283@yahoo.com', 0),
	(7599, 102, 408, '23/11/2007', 0),
	(7600, 82, 408, '155', 0),
	(7601, 92, 408, 'Kế toán', 0),
	(7602, 83, 408, '165', 0),
	(7603, 90, 408, 'Đại học kinh tế', 0),
	(7604, 91, 408, '', 0),
	(7605, 85, 408, '188', 1),
	(7606, 85, 408, '496', 1),
	(7607, 86, 408, '219', 0),
	(7608, 93, 408, '265', 1),
	(7609, 114, 408, '', 0),
	(7610, 112, 409, 'Trần Hữu Hạ Thy', 0),
	(7611, 108, 409, '458', 0),
	(7612, 107, 409, '561/23/7 Xô Viết Nghệ Tĩnh Phường 26 Quận Bình Thạnh', 0),
	(7613, 106, 409, '561/23/7 Xô Viết Nghệ Tĩnh Phường 26 Quận Bình Thạnh', 0),
	(7614, 109, 409, '461', 0),
	(7615, 110, 409, '1976', 0),
	(7616, 104, 409, '', 0),
	(7617, 105, 409, '0909375297', 0),
	(7618, 103, 409, 'cecilia76@movemail.com', 0),
	(7619, 102, 409, '23/11/2007', 0),
	(7620, 19, 409, '75', 0),
	(7621, 20, 409, '123', 0),
	(7622, 82, 409, '152', 0),
	(7623, 92, 409, 'Quản ký văn phòng', 0),
	(7624, 83, 409, '164', 0),
	(7625, 90, 409, '', 0),
	(7626, 91, 409, '', 0),
	(7627, 85, 409, '199', 0),
	(7628, 86, 409, '219', 0),
	(7629, 93, 409, '276', 0),
	(7630, 93, 409, '504', 0),
	(7631, 114, 409, '', 0),
	(7632, 112, 410, 'Nguyễn Thị Minh Trang', 0),
	(7633, 108, 410, '458', 0),
	(7634, 107, 410, '184/4 Phạm Văn Hai Phường 3 Quận Tân Bình', 0),
	(7635, 106, 410, '184/4 Phạm Văn Hai Phường 3 Quận Tân Bình', 0),
	(7636, 109, 410, '460', 0),
	(7637, 110, 410, '1989', 0),
	(7638, 104, 410, '9913462', 0),
	(7639, 105, 410, '', 0),
	(7640, 103, 410, '', 0),
	(7641, 102, 410, '23/11/2007', 0),
	(7642, 19, 410, '75', 0),
	(7643, 20, 410, '233', 0),
	(7644, 82, 410, '152', 0),
	(7645, 92, 410, 'uốn tóc', 0),
	(7646, 83, 410, '160', 0),
	(7647, 90, 410, '', 0),
	(7648, 91, 410, '', 0),
	(7649, 86, 410, '219', 0),
	(7650, 93, 410, '502', 0),
	(7651, 114, 410, '', 0),
	(7652, 112, 411, 'Nguyễn Thanh Quang', 0),
	(7653, 108, 411, '457', 0),
	(7654, 107, 411, 'Ấp Thanh Thọ 3 Phú lâm Tân Phú', 0),
	(7655, 106, 411, 'Trung tâm dạy nghề người khuyết tật Đồng Nai', 0),
	(7656, 109, 411, '460', 0),
	(7657, 110, 411, '1986', 0),
	(7658, 104, 411, '087137912', 0),
	(7659, 105, 411, '', 0),
	(7660, 103, 411, '', 0),
	(7661, 102, 411, '23/11/2007', 0),
	(7662, 19, 411, '75', 0),
	(7663, 20, 411, '233', 0),
	(7664, 82, 411, '152', 0),
	(7665, 92, 411, 'Điện tử', 0),
	(7666, 83, 411, '160', 0),
	(7667, 90, 411, '', 0),
	(7668, 91, 411, '', 0),
	(7669, 86, 411, '219', 0),
	(7670, 93, 411, '286', 0),
	(7671, 114, 411, '', 0),
	(7672, 112, 412, 'Trần Thùy Tường Vi', 0),
	(7673, 108, 412, '458', 0),
	(7674, 107, 412, 'Số 11 Đường 4 Phường 4 Quận 4', 0),
	(7675, 106, 412, 'Số 11 Đường 4 Phường 4 Quận 4', 0),
	(7676, 109, 412, '461', 0),
	(7677, 110, 412, '1989', 0),
	(7678, 104, 412, '08884386', 0),
	(7679, 105, 412, '01689696314', 0),
	(7680, 103, 412, 'tttvi2002n8@yahoo.com', 0),
	(7681, 102, 412, '23/11/2007', 0),
	(7682, 19, 412, '74', 0),
	(7683, 20, 412, '119', 0),
	(7684, 82, 412, '151', 0),
	(7685, 92, 412, '', 0),
	(7686, 83, 412, '160', 0),
	(7687, 90, 412, '', 0),
	(7688, 91, 412, '', 0),
	(7689, 85, 412, '199', 0),
	(7690, 86, 412, '219', 0),
	(7691, 93, 412, '276', 0),
	(7692, 93, 412, '520', 0),
	(7693, 114, 412, '', 0),
	(7694, 112, 413, 'Nguyễn Kim Điền', 0),
	(7695, 108, 413, '457', 0),
	(7696, 107, 413, '179/3 Bạch Đằng Phường 15 Quận Bình Thạnh', 0),
	(7697, 106, 413, '179/3 Bạch Đằng Phường 15 Quận Bình Thạnh', 0),
	(7698, 109, 413, '461', 0),
	(7699, 110, 413, '1975', 0),
	(7700, 104, 413, '8040139', 0),
	(7701, 105, 413, '0909094690', 0),
	(7702, 103, 413, '', 0),
	(7703, 102, 413, '23/11/2007', 0),
	(7704, 19, 413, '75', 0),
	(7705, 20, 413, '233', 0),
	(7706, 82, 413, '155', 0),
	(7707, 92, 413, 'Điện - điện tử ', 0),
	(7708, 83, 413, '160', 0),
	(7709, 90, 413, 'Đại học sư phạm kỹ thuật + Đại học khoa học xã hội và nhân văn', 0),
	(7710, 91, 413, '', 0),
	(7711, 85, 413, '199', 0),
	(7712, 86, 413, '219', 0),
	(7713, 114, 413, '', 0),
	(7714, 112, 414, 'Nguyễn Trung Hiếu', 0),
	(7715, 108, 414, '457', 0),
	(7716, 107, 414, '506/49/58c Lạc Long Quân Phường 5 Quận 11', 0),
	(7717, 106, 414, '506/49/58c Lạc Long Quân Phường 5 Quận 11', 0),
	(7718, 109, 414, '460', 0),
	(7719, 110, 414, '1987', 0),
	(7720, 104, 414, '9750035', 0),
	(7721, 105, 414, '', 0),
	(7722, 103, 414, '', 0),
	(7723, 102, 414, '23/11/2007', 0),
	(7724, 19, 414, '75', 0),
	(7725, 20, 414, '233', 0),
	(7726, 82, 414, '152', 0),
	(7727, 92, 414, 'Đồ họa , điện tử', 0),
	(7728, 83, 414, '160', 0),
	(7729, 90, 414, '', 0),
	(7730, 91, 414, '', 0),
	(7731, 86, 414, '219', 0),
	(7732, 114, 414, '', 0),
	(7733, 112, 415, 'Phan Trường Giang', 0),
	(7734, 108, 415, '457', 0),
	(7735, 107, 415, '60D1 Khu Phố 2 F TX Quận 12', 0),
	(7736, 106, 415, '60D1 Khu Phố 2 F TX Quận 12', 0),
	(7737, 109, 415, '460', 0),
	(7738, 110, 415, '1985', 0),
	(7739, 104, 415, '7168793', 0),
	(7740, 105, 415, '0947089920', 0),
	(7741, 103, 415, '', 0),
	(7742, 102, 415, '24/11/2007', 0),
	(7743, 19, 415, '74', 0),
	(7744, 20, 415, '119', 0),
	(7745, 82, 415, '152', 0),
	(7746, 92, 415, 'in lụa', 0),
	(7747, 83, 415, '160', 0),
	(7748, 90, 415, '', 0),
	(7749, 91, 415, '', 0),
	(7750, 85, 415, '188', 1),
	(7751, 85, 415, '199', 1),
	(7752, 86, 415, '219', 0),
	(7753, 93, 415, '276', 0),
	(7754, 114, 415, '', 0),
	(7755, 112, 416, 'Đặng Thục Yến', 0),
	(7756, 108, 416, '458', 0),
	(7757, 107, 416, '56D/51 Lạc Long Quân Phường 3 Quận 11', 0),
	(7758, 106, 416, '56D/51 Lạc Long Quân Phường 3 Quận 11', 0),
	(7759, 109, 416, '460', 0),
	(7760, 110, 416, '1987', 0),
	(7761, 104, 416, '', 0),
	(7762, 105, 416, '0957849171', 0),
	(7763, 103, 416, '', 0),
	(7764, 102, 416, '24/11/2007', 0),
	(7765, 19, 416, '75', 0),
	(7766, 20, 416, '232', 0),
	(7767, 113, 416, '536', 0),
	(7768, 82, 416, '153', 0),
	(7769, 92, 416, 'kế toán', 0),
	(7770, 83, 416, '160', 0),
	(7771, 90, 416, '', 0),
	(7772, 91, 416, '', 0),
	(7773, 86, 416, '219', 0),
	(7774, 93, 416, '265', 1),
	(7775, 114, 416, '', 0),
	(7776, 29, 417, 'Công Ty Cổ Phần Lá Đỏ ', 0),
	(7777, 36, 417, '22', 0),
	(7778, 38, 417, '36', 0),
	(7779, 39, 417, '', 0),
	(7780, 34, 417, 'Mai Duyên', 0),
	(7781, 40, 417, '0907 980 787', 0),
	(7782, 30, 417, '48 Bắc Hải Quận 10', 0),
	(7783, 32, 417, 'avala@avala.vn', 0),
	(7784, 31, 417, '0907 980 787', 0),
	(7785, 33, 417, 'Avala.vn', 0),
	(7786, 117, 417, '551', 0),
	(7787, 41, 417, '346', 0),
	(7788, 46, 417, '417', 0),
	(7789, 45, 417, '405', 0),
	(7790, 50, 417, '', 0),
	(7791, 52, 417, '444', 0),
	(7792, 51, 417, '425', 0),
	(7793, 51, 417, '426', 0),
	(7794, 51, 417, '429', 0),
	(7795, 51, 417, '431', 0),
	(7796, 51, 417, '439', 0),
	(7797, 51, 417, '442', 0),
	(7798, 53, 417, '446', 0),
	(7799, 55, 417, '15/09/2010', 0),
	(7800, 29, 418, 'Nhà May Thảo', 0),
	(7801, 36, 418, '23', 0),
	(7802, 38, 418, '36', 0),
	(7803, 39, 418, '', 0),
	(7804, 34, 418, 'Chị Thảo', 0),
	(7805, 40, 418, '0902355895', 0),
	(7806, 30, 418, '9/5B khu phố 3 , phường Phú Thuận. đường Huỳnh Tấn Phát , Quận 7', 0),
	(7807, 32, 418, '', 0),
	(7808, 31, 418, '0902355895', 0),
	(7809, 33, 418, '', 0),
	(7810, 117, 418, '552', 0),
	(7811, 41, 418, '338', 0),
	(7812, 46, 418, '416', 0),
	(7813, 45, 418, '404', 0),
	(7814, 50, 418, '', 0),
	(7815, 52, 418, '444', 0),
	(7816, 53, 418, '446', 0),
	(7817, 55, 418, '01/09/2010', 0),
	(7818, 29, 419, 'Công ty phần mềm Sao Á ', 0),
	(7819, 36, 419, '22', 0),
	(7820, 38, 419, '36', 0),
	(7821, 39, 419, '', 0),
	(7822, 34, 419, 'Anh Nhã', 0),
	(7823, 40, 419, '0903717247', 0),
	(7824, 30, 419, '39/3 Trần Nhật Duật Quận 1', 0),
	(7825, 32, 419, 'vnfx.nhapham@gmail.com', 0),
	(7826, 31, 419, '0903717247', 0),
	(7827, 33, 419, '', 0),
	(7828, 117, 419, '552', 0),
	(7829, 41, 419, '338', 0),
	(7830, 46, 419, '417', 0),
	(7831, 45, 419, '405', 0),
	(7832, 50, 419, '', 0),
	(7833, 52, 419, '444', 0),
	(7834, 51, 419, '425', 0),
	(7835, 51, 419, '426', 0),
	(7836, 51, 419, '431', 0),
	(7837, 51, 419, '441', 0),
	(7838, 51, 419, '442', 0),
	(7839, 53, 419, '446', 0),
	(7840, 55, 419, '15/09/2010', 0),
	(7841, 29, 420, 'WINTER GROUP VIETNAM', 0),
	(7842, 36, 420, '22', 0),
	(7843, 38, 420, '36', 0),
	(7844, 39, 420, '', 0),
	(7845, 34, 420, 'Cô Diana', 0),
	(7846, 40, 420, '0902752511', 0),
	(7847, 30, 420, 'Lầu 5 , 225 Bến Chương Dương Quận 1 . ', 0),
	(7848, 32, 420, 'diana@wintergroup.com.vn', 0),
	(7849, 31, 420, '0902752511', 0),
	(7850, 33, 420, 'www.wintergroup.com.vn', 0),
	(7851, 117, 420, '552', 0),
	(7852, 46, 420, '417', 0),
	(7853, 45, 420, '405', 0),
	(7854, 50, 420, '', 0),
	(7855, 52, 420, '444', 0),
	(7856, 51, 420, '425', 0),
	(7857, 51, 420, '426', 0),
	(7858, 51, 420, '429', 0),
	(7859, 51, 420, '431', 0),
	(7860, 51, 420, '441', 0),
	(7861, 51, 420, '442', 0),
	(7862, 53, 420, '446', 0),
	(7863, 55, 420, '01/09/2010', 0),
	(7864, 0, 421, 'Nguyễn Tấn Phong', 0),
	(7865, 0, 421, '457', 0),
	(7866, 0, 421, '1985', 0),
	(7867, 0, 421, '460', 0),
	(7868, 0, 421, '01884301837 Hoặc 0908819611 Cô Hỏi', 0),
	(7869, 0, 421, '', 0),
	(7870, 0, 421, '', 0),
	(7871, 0, 421, 'Vĩnh Lợi - Châu Thành - An Giang\n', 0),
	(7872, 0, 421, ' ', 0),
	(7873, 0, 421, '549', 0),
	(7874, 0, 421, '08/10/2010', 0),
	(7875, 0, 421, '75', 0),
	(7876, 0, 421, '151', 0),
	(7877, 0, 421, '', 0),
	(7878, 0, 421, '160', 0),
	(7879, 0, 421, '', 0),
	(7880, 0, 421, '', 0),
	(7881, 0, 421, '219', 0),
	(7882, 0, 421, '297', 0),
	(7883, 0, 421, '298', 0),
	(7884, 0, 421, '', 0),
	(7885, 0, 422, 'Nguyễn Thị Trà My', 0),
	(7886, 0, 422, '458', 0),
	(7887, 0, 422, '1988', 0),
	(7888, 0, 422, '460', 0),
	(7889, 0, 422, '', 0),
	(7890, 0, 422, '01687490546', 0),
	(7891, 0, 422, '', 0),
	(7892, 0, 422, 'Tổ 5, Bàu Quần, Phước Trạch, Trảng Bom, Thống Nhất, ĐN\n', 0),
	(7893, 0, 422, 'Tổ 5, Bàu Quần, Phước Trạch, Trảng Bom, Thống Nhất, ĐN\n', 0),
	(7894, 0, 422, '549', 0),
	(7895, 0, 422, '12/10/2010', 0),
	(7896, 0, 422, '75', 0),
	(7897, 0, 422, '234', 0),
	(7898, 0, 422, '151', 0),
	(7899, 0, 422, '', 0),
	(7900, 0, 422, '160', 0),
	(7901, 0, 422, '', 0),
	(7902, 0, 422, '', 0),
	(7903, 0, 422, '219', 0),
	(7904, 0, 422, '297', 0),
	(7905, 0, 422, '298', 0),
	(7906, 0, 422, '', 0),
	(7926, 88, 423, '298', 1),
	(7927, 88, 423, '299', 1),
	(7928, 88, 423, '300', 1),
	(7929, 93, 423, '285', 0),
	(7930, 93, 423, '504', 0),
	(7931, 114, 423, '', 0),
	(7932, 29, 424, 'Công Ty TNHH DV TM & ĐT HƯNG GIA', 0),
	(7933, 36, 424, '22', 0),
	(7934, 38, 424, '36', 0),
	(7935, 39, 424, '', 0),
	(7936, 34, 424, 'Anh Hợp', 0),
	(7937, 40, 424, '0904585845', 0),
	(7938, 30, 424, '185/10 Nguyễn Lâm Phường 6, Quận 10, TPHCM', 0),
	(7939, 32, 424, 'hethongtudong@gmail.com', 0),
	(7940, 31, 424, '22427596', 0),
	(7941, 33, 424, 'hungia.com', 0),
	(7942, 117, 424, '552', 0),
	(7943, 41, 424, '338', 0),
	(7944, 46, 424, '414', 0),
	(7945, 45, 424, '405', 0),
	(7946, 50, 424, '', 0),
	(7947, 52, 424, '444', 0),
	(7948, 51, 424, '424', 1),
	(7949, 55, 424, '01/11/2010', 0),
	(7950, 29, 425, 'CÔNG TY SUNPO CHUYÊN CUNG CẤP GIẢI PHÁP ỨNG DỤNG NĂNG LƯỢNG MẶT TRỜI CHO CÔNG NGHIỆP & DÂN DỤNG', 0),
	(7951, 36, 425, '22', 0),
	(7952, 38, 425, '38', 0),
	(7953, 39, 425, '', 0),
	(7954, 34, 425, 'A Khôi', 0),
	(7955, 40, 425, '0983 845 452', 0),
	(7956, 30, 425, '386 Nguyen Oanh, P.17, Go Vap.', 0),
	(7957, 32, 425, 'khoisunpo@gmail.com', 0),
	(7958, 31, 425, ' 3984 5452', 0),
	(7959, 33, 425, 'www.sunpo.com.vn', 0),
	(7960, 117, 425, '551', 0),
	(7961, 46, 425, '418', 0),
	(7962, 45, 425, '405', 0),
	(7963, 50, 425, '', 0),
	(7964, 52, 425, '444', 0),
	(7965, 51, 425, '424', 1),
	(7966, 51, 425, '425', 1),
	(7967, 51, 425, '426', 1),
	(7968, 51, 425, '427', 1),
	(7969, 51, 425, '428', 1),
	(7970, 51, 425, '429', 1),
	(7971, 51, 425, '430', 1),
	(7972, 51, 425, '431', 1),
	(7973, 55, 425, '01/10/2010', 0),
	(7974, 29, 426, 'Công Ty TNHH Nam Phát Thịnh ', 0),
	(7975, 36, 426, '23', 0),
	(7976, 38, 426, '36', 0),
	(7977, 39, 426, '', 0),
	(7978, 34, 426, 'Anh Đài', 0),
	(7979, 40, 426, '0973768768', 0),
	(7980, 30, 426, '276/4 Đường Tân Hòa Đông. Phường Bình trị Đông , Quận Bình Tân', 0),
	(7981, 32, 426, 'dai261275@gmail.com', 0),
	(7982, 31, 426, '', 0),
	(7983, 33, 426, '', 0),
	(7984, 117, 426, '552', 0),
	(7985, 41, 426, '338', 0),
	(7986, 46, 426, '417', 0),
	(7987, 45, 426, '405', 0),
	(7988, 50, 426, '', 0),
	(7989, 52, 426, '444', 0),
	(7990, 55, 426, '15/10/2010', 0),
	(7992, 116, 423, '549', 0),
	(7993, 116, 112, '549', 0),
	(7994, 116, 111, '549', 0),
	(7995, 116, 110, '549', 0),
	(7996, 116, 102, '548', 0),
	(7997, 116, 168, '548', 0),
	(7998, 116, 145, '548', 0),
	(8017, 85, 427, '218', 0),
	(8018, 114, 427, '', 0),
	(8019, 112, 428, 'Nguyễn Thị Thanh Trúc ', 0),
	(8020, 108, 428, '458', 0),
	(8021, 110, 428, '1990', 0),
	(8022, 109, 428, '459', 0),
	(8023, 105, 428, '01695028242 ', 0),
	(8024, 104, 428, '', 0),
	(8025, 103, 428, '', 0),
	(8026, 107, 428, '77A Trần Văn Đang, p9, q3\n', 0),
	(8027, 106, 428, '77A Trần Văn Đang, p9, q3\n', 0),
	(8028, 102, 428, '12/08/2010', 0),
	(8029, 19, 428, '73', 1),
	(8030, 82, 428, '149', 0),
	(8031, 92, 428, '', 0),
	(8032, 83, 428, '160', 0),
	(8033, 90, 428, '', 0),
	(8034, 91, 428, '', 0),
	(8035, 86, 428, '219', 0),
	(8036, 114, 428, '', 0),
	(8037, 112, 429, 'Phạm Thị Thanh Huyền ', 0),
	(8038, 108, 429, '458', 0),
	(8039, 110, 429, '1984 ', 0),
	(8040, 109, 429, '460', 0),
	(8041, 105, 429, '0985977311 ', 0),
	(8042, 104, 429, '', 0),
	(8043, 103, 429, '', 0),
	(8044, 107, 429, 'Quảng Ngãi\n', 0),
	(8045, 106, 429, '8/2B Phan Văn Hơn, Xuân Thới Thượng Hooc Môn\n', 0),
	(8046, 102, 429, '13/8/2010', 0),
	(8047, 19, 429, '75', 0),
	(8048, 20, 429, '233', 0),
	(8049, 82, 429, '153', 0),
	(8050, 92, 429, 'Lao động tiền lương ', 0),
	(8051, 83, 429, '160', 0),
	(8052, 90, 429, '', 0),
	(8053, 91, 429, '', 0),
	(8054, 86, 429, '219', 0),
	(8055, 88, 429, '297', 0),
	(8056, 88, 429, '298', 0),
	(8057, 88, 429, '299', 0),
	(8058, 114, 429, '', 0),
	(8059, 112, 430, 'Nguyễn Thị Vân ', 0),
	(8060, 108, 430, '458', 0),
	(8061, 110, 430, '1990 ', 0),
	(8062, 109, 430, '459', 0),
	(8063, 105, 430, '0975368442 ', 0),
	(8064, 104, 430, '', 0),
	(8065, 103, 430, 'nguyenthithuyvan@yahoo.com ', 0),
	(8066, 107, 430, '147 Quang Trung, KP2, Thị trấn Kbang- Kbang- Gia lai\n', 0),
	(8067, 106, 430, ' ', 0),
	(8068, 102, 430, '13/08/2010', 0),
	(8069, 19, 430, '75', 0),
	(8070, 82, 430, '153', 0),
	(8071, 92, 430, 'Dược Thú Y', 0),
	(8072, 83, 430, '160', 0),
	(8073, 90, 430, '', 0),
	(8074, 91, 430, '', 0),
	(8075, 86, 430, '219', 0),
	(8076, 88, 430, '297', 0),
	(8077, 88, 430, '298', 0),
	(8078, 88, 430, '299', 0),
	(8079, 114, 430, '', 0),
	(8080, 112, 431, 'Nguyễn Thị Lệ Hằng ', 0),
	(8081, 108, 431, '458', 0),
	(8082, 110, 431, '1979 ', 0),
	(8083, 109, 431, '461', 0),
	(8084, 105, 431, '0958030053 ', 0),
	(8085, 104, 431, '', 0),
	(8086, 103, 431, '', 0),
	(8087, 107, 431, '70 Lý Thái Tổ, p3, q3\n', 0),
	(8088, 106, 431, '70 Lý Thái Tổ, p3, q3\n', 0),
	(8089, 102, 431, '16/08/2010', 0),
	(8090, 19, 431, '76', 0),
	(8091, 82, 431, '151', 0),
	(8092, 92, 431, '', 0),
	(8093, 83, 431, '160', 0),
	(8094, 90, 431, '', 0),
	(8095, 91, 431, '', 0),
	(8096, 86, 431, '219', 0),
	(8097, 88, 431, '297', 0),
	(8098, 88, 431, '298', 0),
	(8099, 88, 431, '299', 0),
	(8100, 85, 431, '210', 0),
	(8101, 85, 431, '496', 0),
	(8102, 93, 431, '497', 0),
	(8103, 114, 431, '', 0),
	(8104, 112, 432, 'Nguyễn Thanh Đượm ', 0),
	(8105, 108, 432, '457', 0),
	(8106, 110, 432, '1985 ', 0),
	(8107, 109, 432, '460', 0),
	(8108, 105, 432, '0916269091 ', 0),
	(8109, 104, 432, '', 0),
	(8110, 103, 432, '', 0),
	(8111, 107, 432, 'Bắc Giang', 0),
	(8112, 106, 432, '567/22 tỉnh lộ 10 P.Bình Trị Đông B\n', 0),
	(8113, 102, 432, '16/08/2010', 0),
	(8114, 19, 432, '75', 0),
	(8115, 82, 432, '155', 0),
	(8116, 92, 432, 'Công tác xã hội', 0),
	(8117, 83, 432, '165', 0),
	(8118, 90, 432, 'Đại Học Mở', 0),
	(8119, 91, 432, '', 0),
	(8120, 86, 432, '219', 0),
	(8121, 88, 432, '297', 0),
	(8122, 88, 432, '298', 0),
	(8123, 88, 432, '299', 0),
	(8124, 88, 432, '307', 0),
	(8125, 93, 432, '267', 0),
	(8126, 114, 432, '', 0),
	(8127, 112, 433, 'Nguyễn Thị Thủy ', 0),
	(8128, 108, 433, '458', 0),
	(8129, 110, 433, '1984', 0),
	(8130, 109, 433, '460', 0),
	(8131, 105, 433, '01683034825 ', 0),
	(8132, 104, 433, '', 0),
	(8133, 103, 433, '', 0),
	(8134, 107, 433, ' ', 0),
	(8135, 106, 433, ' ', 0),
	(8136, 102, 433, '17/08/2010', 0),
	(8137, 19, 433, '74', 0),
	(8138, 82, 433, '154', 0),
	(8139, 92, 433, 'Giáo Dục Đặc Biệt', 0),
	(8140, 83, 433, '160', 0),
	(8141, 90, 433, '', 0),
	(8142, 91, 433, '', 0),
	(8143, 86, 433, '219', 0),
	(8144, 85, 433, '484', 0),
	(8145, 93, 433, '281', 0),
	(8146, 114, 433, '', 0),
	(8147, 112, 434, 'Nguyễn Thị Mỵ ', 0),
	(8148, 108, 434, '458', 0),
	(8149, 110, 434, '1984', 0),
	(8150, 109, 434, '460', 0),
	(8151, 105, 434, '09085022171 ', 0),
	(8152, 104, 434, '', 0),
	(8153, 103, 434, 'nguyenthuymy2606@gmail.com ', 0),
	(8154, 107, 434, 'Đồng Nai', 0),
	(8155, 106, 434, 'Bầu Cối Bảo Quang Long Khánh, ĐN\n', 0),
	(8156, 102, 434, '17/08/2010', 0),
	(8157, 19, 434, '75', 0),
	(8158, 20, 434, '233', 0),
	(8159, 82, 434, '155', 0),
	(8160, 92, 434, 'Quản lí nhân sự', 0),
	(8161, 83, 434, '165', 0),
	(8162, 90, 434, 'Đại học kinh tế kỹ thuật thành phố Hồ Chí Minh', 0),
	(8163, 91, 434, '', 0),
	(8164, 86, 434, '219', 0),
	(8165, 88, 434, '297', 0),
	(8166, 88, 434, '298', 0),
	(8167, 88, 434, '299', 0),
	(8168, 88, 434, '301', 0),
	(8169, 88, 434, '313', 0),
	(8170, 85, 434, '188', 1),
	(8171, 85, 434, '199', 1),
	(8172, 93, 434, '276', 0),
	(8173, 114, 434, '', 0),
	(8174, 112, 435, 'Lê Thị Nhung ', 0),
	(8175, 108, 435, '458', 0),
	(8176, 110, 435, '1986', 0),
	(8177, 109, 435, '460', 0),
	(8178, 105, 435, '0979073480 ', 0),
	(8179, 104, 435, '', 0),
	(8180, 103, 435, 'lenhung0586@yahoo.com ', 0),
	(8181, 107, 435, 'Vĩnh Tường, Vĩnh Phúc\n', 0),
	(8182, 106, 435, '550/6 Tô Ký, p Tân Chánh Hiệp, q12\n', 0),
	(8183, 102, 435, '18/8/2010', 0),
	(8184, 19, 435, '75', 0),
	(8185, 82, 435, '153', 0),
	(8186, 92, 435, 'Quản lí nhân sự', 0),
	(8187, 83, 435, '160', 0),
	(8188, 90, 435, '', 0),
	(8189, 91, 435, '', 0),
	(8190, 86, 435, '219', 0),
	(8191, 88, 435, '297', 0),
	(8192, 88, 435, '298', 0),
	(8193, 88, 435, '299', 0),
	(8194, 93, 435, '276', 0),
	(8195, 114, 435, '', 0),
	(8196, 112, 436, 'Nguyễn Thanh Văn ', 0),
	(8197, 108, 436, '457', 0),
	(8198, 110, 436, '1989', 0),
	(8199, 109, 436, '460', 0),
	(8200, 105, 436, '0909387796 ', 0),
	(8201, 104, 436, '', 0),
	(8202, 103, 436, 'thanh_van905@yahoo.com ', 0),
	(8203, 107, 436, 'Đắc Lắc\n', 0),
	(8204, 106, 436, '17/19TH, Hiệp Thành Q.12\n', 0),
	(8205, 116, 436, '549', 0),
	(8206, 102, 436, '18/08/2010', 0),
	(8207, 19, 436, '75', 0),
	(8208, 20, 436, '235', 0),
	(8209, 82, 436, '151', 0),
	(8210, 92, 436, '', 0),
	(8211, 83, 436, '160', 0),
	(8212, 90, 436, '', 0),
	(8213, 91, 436, '', 0),
	(8214, 86, 436, '219', 0),
	(8215, 88, 436, '297', 0),
	(8216, 88, 436, '298', 0),
	(8217, 88, 436, '299', 0),
	(8218, 85, 436, '211', 0),
	(8219, 93, 436, '276', 0),
	(8220, 114, 436, '', 0),
	(8221, 112, 437, 'Nguyễn Thị Thúy ', 0),
	(8222, 108, 437, '458', 0),
	(8223, 110, 437, '1991', 0),
	(8224, 109, 437, '459', 0),
	(8225, 105, 437, '01688187370 ', 0),
	(8226, 104, 437, '', 0),
	(8227, 103, 437, '', 0),
	(8228, 107, 437, 'Quảng Trị\n', 0),
	(8229, 106, 437, 'CLB Khuyết Tật Trẻ 217/10 Bình Thạnh\n', 0),
	(8230, 102, 437, '18/8/2010', 0),
	(8231, 19, 437, '75', 0),
	(8232, 20, 437, '235', 0),
	(8233, 82, 437, '151', 0),
	(8234, 92, 437, '', 0),
	(8235, 83, 437, '160', 0),
	(8236, 90, 437, '', 0),
	(8237, 91, 437, '', 0),
	(8238, 86, 437, '219', 0),
	(8239, 88, 437, '297', 0),
	(8240, 88, 437, '298', 0),
	(8241, 88, 437, '299', 0),
	(8242, 85, 437, '188', 1),
	(8243, 85, 437, '487', 1),
	(8244, 114, 437, '', 0),
	(8245, 112, 438, 'Nguyễn Văn Hải ', 0),
	(8246, 108, 438, '457', 0),
	(8247, 110, 438, '1990', 0),
	(8248, 109, 438, '459', 0),
	(8249, 105, 438, '01686658689 ', 0),
	(8250, 104, 438, '', 0),
	(8251, 103, 438, '', 0),
	(8252, 107, 438, '217/A10 XVNT Phường 17, Quận Bình Thạnh\n', 0),
	(8253, 106, 438, '217/A10 XVNT Phường 17, Quận Bình Thạnh\n', 0),
	(8254, 102, 438, '18/08/2010', 0),
	(8255, 19, 438, '74', 0),
	(8256, 82, 438, '149', 0),
	(8257, 92, 438, '', 0),
	(8258, 83, 438, '160', 0),
	(8259, 90, 438, '', 0),
	(8260, 91, 438, '', 0),
	(8261, 86, 438, '219', 0),
	(8262, 85, 438, '193', 0),
	(8263, 114, 438, '', 0),
	(8264, 112, 439, 'Nguyễn Ngọc Hoàng Chương ', 0),
	(8265, 108, 439, '457', 0),
	(8266, 110, 439, '1980', 0),
	(8267, 109, 439, '460', 0),
	(8268, 105, 439, '01654807194 ', 0),
	(8269, 104, 439, '', 0),
	(8270, 103, 439, 'chuongnguyen144@yahoo.com', 0),
	(8271, 107, 439, ' Nha Trang ', 0),
	(8272, 106, 439, '223 Nguyễn Trọng Tuyển, Phú Nhuận\n', 0),
	(8273, 102, 439, '19/08/2010', 0),
	(8274, 19, 439, '75', 0),
	(8275, 82, 439, '155', 0),
	(8276, 92, 439, 'ngoại ngữ, IT, kế toán quản lý ', 0),
	(8277, 83, 439, '160', 0),
	(8278, 90, 439, '', 0),
	(8279, 91, 439, '', 0),
	(8280, 86, 439, '219', 0),
	(8281, 88, 439, '296', 1),
	(8282, 88, 439, '297', 1),
	(8283, 88, 439, '298', 1),
	(8284, 88, 439, '299', 1),
	(8285, 88, 439, '301', 1),
	(8286, 88, 439, '303', 1),
	(8287, 88, 439, '307', 1),
	(8288, 88, 439, '308', 1),
	(8289, 85, 439, '199', 0),
	(8290, 93, 439, '285', 0),
	(8291, 93, 439, '519', 0),
	(8292, 114, 439, '', 0),
	(8293, 112, 440, 'Nguyễn Minh Triết ', 0),
	(8294, 108, 440, '457', 0),
	(8295, 110, 440, '1987 ', 0),
	(8296, 109, 440, '460', 0),
	(8297, 105, 440, '0983501602 ', 0),
	(8298, 104, 440, '', 0),
	(8299, 103, 440, 'childhood1123@yahoo.com ', 0),
	(8300, 107, 440, 'Bình Dương\n', 0),
	(8301, 106, 440, '565B Ngũ Phúc, Hố Nai 3, Trảng Bàng\n', 0),
	(8302, 116, 440, '549', 0),
	(8303, 102, 440, '20/08/2010', 0),
	(8304, 19, 440, '75', 0),
	(8305, 20, 440, '232', 0),
	(8306, 82, 440, '154', 0),
	(8307, 92, 440, 'Quản TRị Mạng', 0),
	(8308, 83, 440, '165', 0),
	(8309, 90, 440, 'Cao Đẳng nghề kỹ thuật công nghệ TPHCM ', 0),
	(8310, 91, 440, '', 0),
	(8311, 86, 440, '219', 0),
	(8312, 88, 440, '296', 1),
	(8313, 93, 440, '523', 0),
	(8314, 114, 440, '', 0),
	(8315, 112, 441, 'Lý Thanh Vũ ', 0),
	(8316, 108, 441, '457', 0),
	(8317, 110, 441, '1977 ', 0),
	(8318, 109, 441, '461', 0),
	(8319, 105, 441, '0944224564 ', 0),
	(8320, 104, 441, '', 0),
	(8321, 103, 441, '', 0),
	(8322, 107, 441, 'khóm 4, phường8, Trương Phùng Xuân, 86, Cà Mau\n', 0),
	(8323, 106, 441, 'khóm 4, phường8, Trương Phùng Xuân, 86, Cà Mau\n', 0),
	(8324, 102, 441, '20/08/2010', 0),
	(8325, 19, 441, '74', 0),
	(8326, 82, 441, '149', 0),
	(8327, 92, 441, '', 0),
	(8328, 83, 441, '160', 0),
	(8329, 90, 441, '', 0),
	(8330, 91, 441, '', 0),
	(8331, 86, 441, '219', 0),
	(8332, 85, 441, '216', 0),
	(8333, 93, 441, '293', 0),
	(8334, 114, 441, '', 0),
	(8335, 112, 442, 'Bùi Thị Nguyệt Nga ', 0),
	(8336, 108, 442, '458', 0),
	(8337, 110, 442, '1982 ', 0),
	(8338, 109, 442, '460', 0),
	(8339, 105, 442, '01653941561 ', 0),
	(8340, 104, 442, '', 0),
	(8341, 103, 442, 'btngnga@yahoo.com.vn ', 0),
	(8342, 107, 442, 'Vĩnh Long ', 0),
	(8343, 106, 442, '29/2C Trần Phú P.4 Vĩnh Long\n', 0),
	(8344, 102, 442, '22/08/2010', 0),
	(8345, 19, 442, '75', 0),
	(8346, 20, 442, '234', 0),
	(8347, 82, 442, '153', 0),
	(8348, 92, 442, 'thiết kế đồ họa', 0),
	(8349, 83, 442, '160', 0),
	(8350, 90, 442, '', 0),
	(8351, 91, 442, '', 0),
	(8352, 86, 442, '219', 0),
	(8353, 88, 442, '297', 0),
	(8354, 88, 442, '298', 0),
	(8355, 88, 442, '299', 0),
	(8356, 85, 442, '468', 0),
	(8357, 93, 442, '267', 0),
	(8358, 93, 442, '513', 0),
	(8359, 114, 442, '', 0),
	(8360, 112, 443, 'Danh Hiếu ', 0),
	(8361, 108, 443, '457', 0),
	(8362, 110, 443, '1986', 0),
	(8363, 109, 443, '460', 0),
	(8364, 105, 443, '01659832532 ', 0),
	(8365, 104, 443, '', 0),
	(8366, 103, 443, '', 0),
	(8367, 107, 443, 'xã Đình Hòa, ấp Hòa Hớn K6 huyện Gò Bao, Kiên Giang\n', 0),
	(8368, 106, 443, 'xã Đình Hòa, ấp Hòa Hớn K6 huyện Gò Bao, Kiên Giang\n', 0),
	(8369, 102, 443, '22/08/2010', 0),
	(8370, 19, 443, '75', 0),
	(8371, 20, 443, '235', 0),
	(8372, 21, 443, '139', 0),
	(8373, 82, 443, '150', 0),
	(8374, 92, 443, '', 0),
	(8375, 83, 443, '160', 0),
	(8376, 90, 443, '', 0),
	(8377, 91, 443, '', 0),
	(8378, 86, 443, '219', 0),
	(8379, 114, 443, 'Đuợc đi học nghề', 0),
	(8380, 112, 444, 'Hồ Thị Văn ', 0),
	(8381, 108, 444, '458', 0),
	(8382, 110, 444, '1983 ', 0),
	(8383, 109, 444, '460', 0),
	(8384, 105, 444, '01683510652 ', 0),
	(8385, 104, 444, '', 0),
	(8386, 103, 444, '', 0),
	(8387, 107, 444, 'Nghệ An\n', 0),
	(8388, 106, 444, 'Ấp Hậu Lâm, Bà Điểm, Hooc Môn\n', 0),
	(8389, 102, 444, '22/08/2010', 0),
	(8390, 19, 444, '75', 0),
	(8391, 20, 444, '235', 0),
	(8392, 82, 444, '153', 0),
	(8393, 92, 444, 'Dược sĩ', 0),
	(8394, 83, 444, '160', 0),
	(8395, 90, 444, '', 0),
	(8396, 91, 444, '', 0),
	(8397, 86, 444, '219', 0),
	(8398, 85, 444, '493', 0),
	(8399, 114, 444, '', 0),
	(8400, 112, 445, 'Nguyễn Hữu Cường ', 0),
	(8401, 108, 445, '457', 0),
	(8402, 110, 445, '1963 ', 0),
	(8403, 109, 445, '462', 0),
	(8404, 105, 445, '0908531089 ', 0),
	(8405, 104, 445, '', 0),
	(8406, 103, 445, 'jerrycuong@yahoo.com ', 0),
	(8407, 107, 445, 'Đà Nẵng', 0),
	(8408, 106, 445, '400/ 12B Lê Văn Sỹ, F.14.', 0),
	(8409, 116, 445, '549', 0),
	(8410, 102, 445, '25/08/2010', 0),
	(8411, 19, 445, '75', 0),
	(8412, 20, 445, '233', 0),
	(8413, 82, 445, '155', 0),
	(8414, 92, 445, 'Anh Văn', 0),
	(8415, 83, 445, '165', 0),
	(8416, 90, 445, '', 0),
	(8417, 91, 445, '', 0),
	(8418, 86, 445, '219', 0),
	(8419, 88, 445, '297', 0),
	(8420, 88, 445, '298', 0),
	(8421, 88, 445, '299', 0),
	(8422, 88, 445, '308', 0),
	(8423, 88, 445, '311', 0),
	(8424, 88, 445, '313', 0),
	(8425, 85, 445, '199', 0),
	(8426, 114, 445, '', 0),
	(8427, 112, 446, 'Phạm Thị Mỹ Tiên ', 0),
	(8428, 108, 446, '458', 0),
	(8429, 110, 446, '1970 ', 0),
	(8430, 109, 446, '461', 0),
	(8431, 105, 446, '0938018906 ', 0),
	(8432, 104, 446, '', 0),
	(8433, 103, 446, 'tien_diamond@yahoo.com.vn ', 0),
	(8434, 107, 446, 'Bạc Liêu\n', 0),
	(8435, 106, 446, 'Ấp Thanh Sơn, xã Vĩnh Bình, huyện Hòa Bình, Bạc Liêu\n', 0),
	(8436, 116, 446, '549', 0),
	(8437, 102, 446, '26/08/2010', 0),
	(8438, 19, 446, '75', 0),
	(8439, 20, 446, '233', 0),
	(8440, 82, 446, '151', 0),
	(8441, 92, 446, '', 0),
	(8442, 83, 446, '160', 0),
	(8443, 90, 446, '', 0),
	(8444, 91, 446, '', 0),
	(8445, 86, 446, '219', 0),
	(8446, 88, 446, '296', 1),
	(8447, 93, 446, '510', 0),
	(8448, 114, 446, '', 0),
	(8449, 112, 447, 'Ngô Văn Lành ', 0),
	(8450, 108, 447, '457', 0),
	(8451, 110, 447, '1990 ', 0),
	(8452, 109, 447, '459', 0),
	(8453, 105, 447, '01274250727 ', 0),
	(8454, 104, 447, '', 0),
	(8455, 103, 447, '', 0),
	(8456, 107, 447, 'Bạc Liêu\n', 0),
	(8457, 106, 447, 'Ấp Thanh Sơn, xã Vĩnh Bình, huyện Hòa Bình, Bạc Liêu\n', 0),
	(8458, 116, 447, '549', 0),
	(8459, 102, 447, '26/08/2010', 0),
	(8460, 19, 447, '75', 0),
	(8461, 20, 447, '232', 0),
	(8462, 82, 447, '151', 0),
	(8463, 92, 447, '', 0),
	(8464, 83, 447, '160', 0),
	(8465, 90, 447, '', 0),
	(8466, 91, 447, '', 0),
	(8467, 86, 447, '219', 0),
	(8468, 88, 447, '297', 0),
	(8469, 88, 447, '298', 0),
	(8470, 88, 447, '299', 0),
	(8471, 93, 447, '510', 0),
	(8472, 114, 447, '', 0),
	(8473, 112, 448, 'Trần Thị Phương Thảo ', 0),
	(8474, 108, 448, '458', 0),
	(8475, 110, 448, '1986 ', 0),
	(8476, 109, 448, '460', 0),
	(8477, 105, 448, '01269883606 ', 0),
	(8478, 104, 448, '', 0),
	(8479, 103, 448, '', 0),
	(8480, 107, 448, ' ', 0),
	(8481, 106, 448, '155/10 F.17, Q.Bình Thạnh\n', 0),
	(8482, 102, 448, '31/08/2010 ', 0),
	(8483, 19, 448, '73', 1),
	(8484, 82, 448, '149', 0),
	(8485, 92, 448, '', 0),
	(8486, 83, 448, '160', 0),
	(8487, 90, 448, '', 0),
	(8488, 91, 448, '', 0),
	(8489, 86, 448, '219', 0),
	(8490, 114, 448, '', 0),
	(8491, 112, 449, 'Phạm Thị Phương Thy ', 0),
	(8492, 108, 449, '458', 0),
	(8493, 110, 449, '1979 ', 0),
	(8494, 109, 449, '461', 0),
	(8495, 105, 449, '0908291134 ', 0),
	(8496, 104, 449, '', 0),
	(8497, 103, 449, 'phamphuongthy@yahoo.com ', 0),
	(8498, 107, 449, ' ', 0),
	(8499, 106, 449, '117/88 2F Nguyễn Kiệm, p3, q Gò Vấp\n', 0),
	(8500, 116, 449, '549', 0),
	(8501, 102, 449, '1/9/2010 ', 0),
	(8502, 19, 449, '75', 0),
	(8503, 82, 449, '155', 0),
	(8504, 92, 449, 'Quản Trị  Nguồn Nhân Lực, Thiết Kế và Ứng Dung', 0),
	(8505, 83, 449, '160', 0),
	(8506, 90, 449, '', 0),
	(8507, 91, 449, '', 0),
	(8508, 86, 449, '219', 0),
	(8509, 88, 449, '297', 0),
	(8510, 88, 449, '298', 0),
	(8511, 88, 449, '299', 0),
	(8512, 88, 449, '301', 0),
	(8513, 88, 449, '307', 0),
	(8514, 88, 449, '308', 0),
	(8515, 88, 449, '311', 0),
	(8516, 88, 449, '313', 0),
	(8517, 85, 449, '474', 0),
	(8518, 85, 449, '475', 0),
	(8519, 114, 449, '', 0),
	(8520, 112, 450, 'Nguyễn Thị Lụa ', 0),
	(8521, 108, 450, '458', 0),
	(8522, 110, 450, '1987 ', 0),
	(8523, 109, 450, '460', 0),
	(8524, 105, 450, '0938735415 ', 0),
	(8525, 104, 450, '', 0),
	(8526, 103, 450, 'nguyenlua_nguvan@yahoo.com.vn ', 0),
	(8527, 107, 450, 'Yên Đồng, Ý Yên, Nam Định\n', 0),
	(8528, 106, 450, '10/91 ấp Bình Đức, Bình Hòa, Thuận An, Bình Dương\n', 0),
	(8529, 116, 450, '549', 0),
	(8530, 102, 450, '6/9/2010 ', 0),
	(8531, 19, 450, '75', 0),
	(8532, 20, 450, '233', 0),
	(8533, 20, 450, '235', 0),
	(8534, 82, 450, '155', 0),
	(8535, 92, 450, 'Ngữ văn, Trung cấp kế tóan', 0),
	(8536, 83, 450, '165', 0),
	(8537, 90, 450, 'Đại học khoa học xã hội và nhân văn', 0),
	(8538, 91, 450, '', 0),
	(8539, 86, 450, '219', 0),
	(8540, 88, 450, '297', 0),
	(8541, 88, 450, '298', 0),
	(8542, 88, 450, '299', 0),
	(8543, 93, 450, '265', 1),
	(8544, 93, 450, '276', 1),
	(8545, 114, 450, '', 0),
	(8546, 118, 21, 'https://docs.google.com/View?docID=0ARXiguNB2ACyZGdzcmM3cW5fMzQ1ajdmNXNtZ2Y&revision=_latest', 0),
	(8547, 112, 451, 'Hà Văn Định', 0),
	(8548, 108, 451, '457', 0),
	(8549, 110, 451, '1986', 0),
	(8550, 109, 451, '460', 0),
	(8551, 105, 451, '01693383158', 0),
	(8552, 104, 451, '', 0),
	(8553, 103, 451, 'chuotnhatbietyeu@yahoo.com', 0),
	(8554, 107, 451, 'Kỳ Hà, Kỳ Anh, Hà Tĩnh\n', 0),
	(8555, 106, 451, '372/5n Điện Biên Phủ, p 17, q Bình Thạnh\n', 0),
	(8556, 116, 451, '549', 0),
	(8557, 102, 451, '10/9/2010', 0),
	(8558, 19, 451, '75', 0),
	(8559, 20, 451, '129', 0),
	(8560, 82, 451, '151', 0),
	(8561, 92, 451, '', 0),
	(8562, 83, 451, '160', 0),
	(8563, 90, 451, '', 0),
	(8564, 91, 451, '', 0),
	(8565, 86, 451, '219', 0),
	(8566, 88, 451, '297', 0),
	(8567, 88, 451, '298', 0),
	(8568, 88, 451, '300', 0),
	(8569, 114, 451, '', 0),
	(8570, 78, 452, 'Thiết kế quảng cáo', 0),
	(8571, 118, 452, '', 0),
	(8572, 112, 453, 'Mohamad Ansari', 0),
	(8573, 108, 453, '457', 0),
	(8574, 110, 453, '1981', 0),
	(8575, 109, 453, '460', 0),
	(8576, 105, 453, '01673828012', 0),
	(8577, 104, 453, '', 0),
	(8578, 103, 453, 'khang_hy81@yahoo.com.vn', 0),
	(8579, 107, 453, '459/8 Trần Hưng Đạo, q5\n', 0),
	(8580, 106, 453, '459/8 Trần Hưng Đạo, q5\n', 0),
	(8581, 116, 453, '549', 0),
	(8582, 102, 453, '13/9/2010', 0),
	(8583, 19, 453, '75', 0),
	(8584, 20, 453, '232', 0),
	(8585, 113, 453, '538', 0),
	(8586, 82, 453, '151', 0),
	(8587, 92, 453, 'TK quảng cáo', 0),
	(8588, 83, 453, '160', 0),
	(8589, 90, 453, '', 0),
	(8590, 91, 453, '', 0),
	(8591, 86, 453, '219', 0),
	(8592, 88, 453, '297', 0),
	(8593, 88, 453, '299', 0),
	(8594, 88, 453, '300', 0),
	(8595, 88, 453, '301', 0),
	(8596, 88, 453, '303', 0),
	(8597, 88, 453, '314', 0),
	(8598, 114, 453, '', 0),
	(8599, 112, 454, 'Nguyễn Chí Trung', 0),
	(8600, 108, 454, '457', 0),
	(8601, 110, 454, '1976', 0),
	(8602, 109, 454, '461', 0),
	(8603, 105, 454, '0908077016', 0),
	(8604, 104, 454, '', 0),
	(8605, 103, 454, '', 0),
	(8606, 107, 454, '19 Ung Văn khiêm, P25, Q.BT\n', 0),
	(8607, 106, 454, '19 Ung Văn khiêm, P25, Q.BT\n', 0),
	(8608, 116, 454, '548', 0),
	(8609, 102, 454, '14/09/2010', 0),
	(8610, 19, 454, '73', 1),
	(8611, 82, 454, '154', 0),
	(8612, 92, 454, 'Điện lạnh', 0),
	(8613, 83, 454, '160', 0),
	(8614, 90, 454, '', 0),
	(8615, 91, 454, '', 0),
	(8616, 86, 454, '219', 0),
	(8617, 114, 454, '', 0),
	(8618, 119, 454, '', 0),
	(8619, 112, 455, 'Trần Vũ Hoài Phương', 0),
	(8620, 108, 455, '457', 0),
	(8621, 110, 455, '1985', 0),
	(8622, 109, 455, '460', 0),
	(8623, 105, 455, '0936703530', 0),
	(8624, 104, 455, '', 0),
	(8625, 103, 455, 'phuontransg_vn@yahoo.com', 0),
	(8626, 107, 455, '65 ấp 3 thôn Thạnh Đông A, Gá Rai, Bạc Liêu\n', 0),
	(8627, 106, 455, '65 ấp 3 thôn Thạnh Đông A, Gá Rai, Bạc Liêu\n', 0),
	(8628, 116, 455, '548', 0),
	(8629, 102, 455, '14/09/2010', 0),
	(8630, 19, 455, '75', 0),
	(8631, 20, 455, '232', 0),
	(8632, 82, 455, '155', 0),
	(8633, 92, 455, 'Thư viện thông tin', 0),
	(8634, 83, 455, '165', 0),
	(8635, 90, 455, 'Đại học khoa học xã hội và nhân văn', 0),
	(8636, 91, 455, '', 0),
	(8637, 86, 455, '219', 0),
	(8638, 88, 455, '297', 0),
	(8639, 88, 455, '298', 0),
	(8640, 85, 455, '211', 0),
	(8641, 114, 455, '', 0),
	(8642, 119, 455, '', 0),
	(8643, 112, 456, 'Khả Tấn Lộc', 0),
	(8644, 108, 456, '457', 0),
	(8645, 110, 456, '1989', 0),
	(8646, 109, 456, '460', 0),
	(8647, 105, 456, '01685239537', 0),
	(8648, 104, 456, '', 0),
	(8649, 103, 456, 'loctankha_khatanloc@yahoo.com.vn', 0),
	(8650, 107, 456, '101 Nguyễn Oanh, p 17, q Gò Vấp\n', 0),
	(8651, 106, 456, '101 Nguyễn Oanh, p 17, q Gò Vấp\n', 0),
	(8652, 116, 456, '549', 0),
	(8653, 102, 456, '16/09/2010', 0),
	(8654, 19, 456, '75', 0),
	(8655, 20, 456, '232', 0),
	(8656, 82, 456, '151', 0),
	(8657, 92, 456, 'Thiết kế quảng cáo', 0),
	(8658, 83, 456, '160', 0),
	(8659, 90, 456, '', 0),
	(8660, 91, 456, '', 0),
	(8661, 86, 456, '219', 0),
	(8662, 88, 456, '297', 0),
	(8663, 88, 456, '298', 0),
	(8664, 88, 456, '299', 0),
	(8665, 93, 456, '504', 0),
	(8666, 114, 456, '', 0),
	(8667, 119, 456, '', 0),
	(8668, 112, 457, 'Trần Khắc Thanh', 0),
	(8669, 108, 457, '457', 0),
	(8670, 110, 457, '1991', 0),
	(8671, 109, 457, '459', 0),
	(8672, 105, 457, '', 0),
	(8673, 104, 457, '', 0),
	(8674, 103, 457, '', 0),
	(8675, 107, 457, 'Daklak\n', 0),
	(8676, 106, 457, ' ', 0),
	(8677, 116, 457, '549', 0),
	(8678, 102, 457, '17/09/2010', 0),
	(8679, 19, 457, '73', 1),
	(8680, 82, 457, '149', 0),
	(8681, 92, 457, '', 0),
	(8682, 83, 457, '160', 0),
	(8683, 90, 457, '', 0),
	(8684, 91, 457, '', 0),
	(8685, 86, 457, '219', 0),
	(8686, 85, 457, '217', 0),
	(8687, 93, 457, '294', 0),
	(8688, 114, 457, '', 0),
	(8689, 119, 457, '', 0),
	(8690, 112, 458, 'Bùi Thanh Đăng', 0),
	(8691, 108, 458, '457', 0),
	(8692, 110, 458, '1984', 0),
	(8693, 109, 458, '460', 0),
	(8694, 105, 458, '01268048246', 0),
	(8695, 104, 458, '', 0),
	(8696, 103, 458, 'mimoza160684@yahoo.com.vn', 0),
	(8697, 107, 458, '1135/53c Lê Đức Thọ, p16, Gò Vấp\n', 0),
	(8698, 106, 458, '1135/53c Lê Đức Thọ, p16, Gò Vấp\n', 0),
	(8699, 102, 458, '20/09/2010', 0),
	(8700, 20, 458, '246', 0),
	(8701, 82, 458, '154', 0),
	(8702, 92, 458, 'Kế Toán', 0),
	(8703, 83, 458, '165', 0),
	(8704, 90, 458, 'Đại học công nghiệp', 0),
	(8705, 91, 458, '', 0),
	(8706, 86, 458, '219', 0),
	(8707, 88, 458, '297', 0),
	(8708, 88, 458, '298', 0),
	(8709, 88, 458, '299', 0),
	(8710, 88, 458, '301', 0),
	(8711, 85, 458, '188', 1),
	(8712, 93, 458, '265', 1),
	(8713, 93, 458, '506', 1),
	(8714, 114, 458, '', 0),
	(8715, 119, 458, '', 0),
	(8716, 112, 459, 'Trần Thị Vân Ngà', 0),
	(8717, 108, 459, '458', 0),
	(8718, 110, 459, '1986', 0),
	(8719, 109, 459, '460', 0),
	(8720, 105, 459, '01695097329', 0),
	(8721, 104, 459, '', 0),
	(8722, 103, 459, 'voi.nga88@gmail.com', 0),
	(8723, 107, 459, 'sô 18b xã Nghi Liên, Tp Vinh, Nghệ An\n', 0),
	(8724, 106, 459, 'sô 18b xã Nghi Liên, Tp Vinh, Nghệ An\n', 0),
	(8725, 102, 459, '20/09/2010', 0),
	(8726, 19, 459, '75', 0),
	(8727, 82, 459, '155', 0),
	(8728, 92, 459, '', 0),
	(8729, 83, 459, '160', 0),
	(8730, 90, 459, '', 0),
	(8731, 91, 459, '', 0),
	(8732, 86, 459, '219', 0),
	(8733, 88, 459, '297', 0),
	(8734, 88, 459, '298', 0),
	(8735, 88, 459, '299', 0),
	(8736, 88, 459, '311', 0),
	(8737, 85, 459, '188', 1),
	(8738, 93, 459, '265', 1),
	(8739, 114, 459, '', 0),
	(8740, 119, 459, '', 0),
	(8741, 112, 460, 'Lê Thị Thu Liễu', 0),
	(8742, 108, 460, '458', 0),
	(8743, 110, 460, '1985', 0),
	(8744, 109, 460, '460', 0),
	(8745, 105, 460, '01264142264', 0),
	(8746, 104, 460, '', 0),
	(8747, 103, 460, '', 0),
	(8748, 107, 460, 'Ấp 1 Phú Thuận, Bình Đạt, Bến Tre\n', 0),
	(8749, 106, 460, '134 Ngô Tất Tố, q1, tp HCM\n', 0),
	(8750, 116, 460, '548', 0),
	(8751, 102, 460, '21/09/2010', 0),
	(8752, 19, 460, '75', 0),
	(8753, 82, 460, '149', 0),
	(8754, 92, 460, '', 0),
	(8755, 83, 460, '160', 0),
	(8756, 90, 460, '', 0),
	(8757, 91, 460, '', 0),
	(8758, 86, 460, '219', 0),
	(8759, 114, 460, '', 0),
	(8760, 119, 460, '', 0),
	(8761, 112, 461, 'Đinh Xuân Nguyên', 0),
	(8762, 108, 461, '457', 0),
	(8763, 110, 461, '1983', 0),
	(8764, 109, 461, '460', 0),
	(8765, 105, 461, '0919575560', 0),
	(8766, 104, 461, '', 0),
	(8767, 103, 461, 'dinhxnguyen@yahoo.com', 0),
	(8768, 107, 461, 'Châu Phú, An Giang\n', 0),
	(8769, 106, 461, '451/24/16 Tố Hiến Thành, Phường 14, Quận 10\n', 0),
	(8770, 116, 461, '549', 0),
	(8771, 102, 461, '23/9/2010', 0),
	(8772, 19, 461, '75', 0),
	(8773, 82, 461, '155', 0),
	(8774, 92, 461, 'Công nghệ thông tin', 0),
	(8775, 83, 461, '160', 0),
	(8776, 90, 461, '', 0),
	(8777, 91, 461, '', 0),
	(8778, 86, 461, '219', 0),
	(8779, 88, 461, '296', 1),
	(8780, 93, 461, '285', 0),
	(8781, 114, 461, '', 0),
	(8782, 119, 461, '', 0),
	(8783, 112, 462, 'Nguyễn Quang Hùng', 0),
	(8784, 108, 462, '457', 0),
	(8785, 110, 462, '1989', 0),
	(8786, 109, 462, '460', 0),
	(8787, 105, 462, '01666219120', 0),
	(8788, 104, 462, '', 0),
	(8789, 103, 462, 'abc55499@yahoo.com', 0),
	(8790, 107, 462, '466 tổ 8 Tân Xuân, Tân Phú, Tân Châu, Tay Ninh\n', 0),
	(8791, 106, 462, '450/4 Tổ 33, Tô Ký, Tân Chánh Hiệp, q 12\n', 0),
	(8792, 116, 462, '549', 0),
	(8793, 102, 462, '24/9/2010', 0),
	(8794, 19, 462, '75', 0),
	(8795, 20, 462, '232', 0),
	(8796, 82, 462, '151', 0),
	(8797, 92, 462, 'Thiết kế quảng cáo', 0),
	(8798, 83, 462, '160', 0),
	(8799, 90, 462, '', 0),
	(8800, 91, 462, '', 0),
	(8801, 86, 462, '219', 0),
	(8802, 93, 462, '510', 0),
	(8803, 114, 462, '', 0),
	(8804, 119, 462, '', 0),
	(8805, 112, 463, 'Ngô Thúy Phượng', 0),
	(8806, 108, 463, '457', 0),
	(8807, 110, 463, '1964', 0),
	(8808, 109, 463, '462', 0),
	(8809, 105, 463, '0907862380', 0),
	(8810, 104, 463, '(9934905)', 0),
	(8811, 103, 463, '', 0),
	(8812, 107, 463, '462/16 CMT8', 0),
	(8813, 106, 463, '462/16 CMT8', 0),
	(8814, 116, 463, '549', 0),
	(8815, 102, 463, '27/09/2010', 0),
	(8816, 19, 463, '75', 0),
	(8817, 82, 463, '149', 0),
	(8818, 92, 463, '', 0),
	(8819, 83, 463, '160', 0),
	(8820, 90, 463, '', 0),
	(8821, 91, 463, '', 0),
	(8822, 86, 463, '219', 0),
	(8823, 85, 463, '484', 0),
	(8824, 93, 463, '509', 0),
	(8825, 114, 463, '', 0),
	(8826, 119, 463, '', 0),
	(8827, 112, 464, 'Trần Ngọc Tá', 0),
	(8828, 108, 464, '457', 0),
	(8829, 110, 464, '1992', 0),
	(8830, 109, 464, '459', 0),
	(8831, 105, 464, '01693130660', 0),
	(8832, 104, 464, '', 0),
	(8833, 103, 464, '', 0),
	(8834, 107, 464, '79/30/6 Phú Thọ Hòa, Tân Phú\n', 0),
	(8835, 106, 464, '79/30/6 Phú Thọ Hòa, Tân Phú\n', 0),
	(8836, 116, 464, '549', 0),
	(8837, 102, 464, '27/9/2010', 0),
	(8838, 19, 464, '75', 0),
	(8839, 20, 464, '129', 0),
	(8840, 82, 464, '150', 0),
	(8841, 92, 464, 'Thiết kế quảng cáo', 0),
	(8842, 83, 464, '160', 0),
	(8843, 90, 464, '', 0),
	(8844, 91, 464, '', 0),
	(8845, 86, 464, '219', 0),
	(8846, 85, 464, '489', 0),
	(8847, 93, 464, '510', 0),
	(8848, 114, 464, '', 0),
	(8849, 119, 464, '', 0),
	(8850, 112, 465, 'Lý Quốc Cường', 0),
	(8851, 108, 465, '457', 0),
	(8852, 110, 465, '1984', 0),
	(8853, 109, 465, '460', 0),
	(8854, 105, 465, '01228981160', 0),
	(8855, 104, 465, '', 0),
	(8856, 103, 465, 'ken.hcm.vn@yahoo.com.vn', 0),
	(8857, 107, 465, '33/3 Đặng Minh Khiêm, p4, q11\n', 0),
	(8858, 106, 465, '33/3 Đặng Minh Khiêm, p4, q11\n', 0),
	(8859, 116, 465, '548', 0),
	(8860, 102, 465, '28/9/2010', 0),
	(8861, 19, 465, '111', 0),
	(8862, 82, 465, '149', 0),
	(8863, 92, 465, '', 0),
	(8864, 83, 465, '160', 0),
	(8865, 90, 465, '', 0),
	(8866, 91, 465, '', 0),
	(8867, 86, 465, '219', 0),
	(8868, 85, 465, '218', 0),
	(8869, 114, 465, '', 0),
	(8870, 119, 465, '', 0),
	(8871, 112, 466, 'Nguyễn Phương Định', 0),
	(8872, 108, 466, '457', 0),
	(8873, 110, 466, '1976', 0),
	(8874, 109, 466, '461', 0),
	(8875, 105, 466, '01636896000', 0),
	(8876, 104, 466, '', 0),
	(8877, 103, 466, 'nguyenphuong129@yahoo.com', 0),
	(8878, 107, 466, '19B, khu phố 4, p Bình Chiểu, q Thủ Đức\n', 0),
	(8879, 106, 466, '19B, khu phố 4, p Bình Chiểu, q Thủ Đức\n', 0),
	(8880, 116, 466, '549', 0),
	(8881, 102, 466, '28/9/2010', 0),
	(8882, 19, 466, '75', 0),
	(8883, 20, 466, '232', 0),
	(8884, 82, 466, '150', 0),
	(8885, 92, 466, '', 0),
	(8886, 83, 466, '160', 0),
	(8887, 90, 466, '', 0),
	(8888, 91, 466, '', 0),
	(8889, 86, 466, '219', 0),
	(8890, 85, 466, '210', 0),
	(8891, 93, 466, '273', 0),
	(8892, 93, 466, '498', 0),
	(8893, 114, 466, '', 0),
	(8894, 119, 466, '', 0),
	(8895, 112, 467, 'Huỳnh Minh Tuấn', 0),
	(8896, 108, 467, '457', 0),
	(8897, 110, 467, '1985', 0),
	(8898, 109, 467, '460', 0),
	(8899, 105, 467, '01267500456', 0),
	(8900, 104, 467, '', 0),
	(8901, 103, 467, '', 0),
	(8902, 107, 467, '1459/5 P.T. Hiến, P6, Q8\n', 0),
	(8903, 106, 467, '1459/5 P.T. Hiến, P6, Q8\n', 0),
	(8904, 116, 467, '549', 0),
	(8905, 102, 467, '30/09/2010', 0),
	(8906, 19, 467, '74', 0),
	(8907, 82, 467, '149', 0),
	(8908, 92, 467, 'Vi tính văn phòng', 0),
	(8909, 83, 467, '160', 0),
	(8910, 90, 467, '', 0),
	(8911, 91, 467, '', 0),
	(8912, 86, 467, '219', 0),
	(8913, 88, 467, '296', 1),
	(8914, 93, 467, '499', 0),
	(8915, 114, 467, '', 0),
	(8916, 119, 467, '', 0),
	(8917, 112, 468, 'Võ Hồng Tính', 0),
	(8918, 108, 468, '457', 0),
	(8919, 110, 468, '1985', 0),
	(8920, 109, 468, '460', 0),
	(8921, 105, 468, '01267495210', 0),
	(8922, 104, 468, '', 0),
	(8923, 103, 468, 'vohongtinh_TH817@yahoo.com', 0),
	(8924, 107, 468, '217/55 Đề Thám, phường Phạm Ngũ Lão,Quận 1\n', 0),
	(8925, 106, 468, '217/55 Đề Thám, phường Phạm Ngũ Lão,Quận 1\n', 0),
	(8926, 116, 468, '548', 0),
	(8927, 102, 468, '8/10/2010', 0),
	(8928, 19, 468, '75', 0),
	(8929, 82, 468, '153', 0),
	(8930, 92, 468, 'Mạng', 0),
	(8931, 83, 468, '160', 0),
	(8932, 90, 468, '', 0),
	(8933, 91, 468, '', 0),
	(8934, 86, 468, '219', 0),
	(8935, 88, 468, '296', 1),
	(8936, 88, 468, '297', 1),
	(8937, 88, 468, '298', 1),
	(8938, 88, 468, '299', 1),
	(8939, 85, 468, '494', 0),
	(8940, 93, 468, '504', 0),
	(8941, 114, 468, '', 0),
	(8942, 119, 468, '', 0),
	(8943, 112, 469, 'Bùi Thanh Thảo', 0),
	(8944, 108, 469, '458', 0),
	(8945, 110, 469, '1988', 0),
	(8946, 109, 469, '460', 0),
	(8947, 105, 469, '0932640074', 0),
	(8948, 104, 469, '', 0),
	(8949, 103, 469, 'buithanhthao.thanh@gmail.com', 0),
	(8950, 107, 469, '651 Phước Khánh, Nhơn Trạch, Đồng Nai\n', 0),
	(8951, 106, 469, '651 Phước Khánh, Nhơn Trạch, Đồng Nai\n', 0),
	(8952, 116, 469, '549', 0),
	(8953, 102, 469, '1/10/2010', 0),
	(8954, 19, 469, '75', 0),
	(8955, 82, 469, '155', 0),
	(8956, 92, 469, 'Công nghệ thông tin', 0),
	(8957, 83, 469, '160', 0),
	(8958, 90, 469, '', 0),
	(8959, 91, 469, '', 0),
	(8960, 86, 469, '219', 0),
	(8961, 85, 469, '489', 0),
	(8962, 114, 469, '', 0),
	(8963, 119, 469, '', 0),
	(8964, 112, 470, 'Trần Lâm Dân', 0),
	(8965, 108, 470, '457', 0),
	(8966, 110, 470, '1979', 0),
	(8967, 109, 470, '461', 0),
	(8968, 105, 470, '0928080939', 0),
	(8969, 104, 470, '38364034', 0),
	(8970, 103, 470, 'lamdan1979@zing.vn', 0),
	(8971, 107, 470, '102/33 Cống Quỳnh, Q1\n', 0),
	(8972, 106, 470, '102/33 Cống Quỳnh, Q1\n', 0),
	(8973, 116, 470, '548', 0),
	(8974, 102, 470, '04/10/2010', 0),
	(8975, 19, 470, '75', 0),
	(8976, 20, 470, '232', 0),
	(8977, 82, 470, '151', 0),
	(8978, 92, 470, 'Kế Toán', 0),
	(8979, 83, 470, '160', 0),
	(8980, 90, 470, '', 0),
	(8981, 91, 470, '', 0),
	(8982, 86, 470, '219', 0),
	(8983, 88, 470, '297', 0),
	(8984, 88, 470, '298', 0),
	(8985, 88, 470, '299', 0),
	(8986, 85, 470, '188', 1),
	(8987, 93, 470, '276', 0),
	(8988, 114, 470, '', 0),
	(8989, 119, 470, '', 0),
	(8990, 112, 471, 'Huỳnh Anh Tú', 0),
	(8991, 108, 471, '457', 0),
	(8992, 110, 471, '1985', 0),
	(8993, 109, 471, '460', 0),
	(8994, 105, 471, '0909441476', 0),
	(8995, 104, 471, '', 0),
	(8996, 103, 471, '', 0),
	(8997, 107, 471, '', 0),
	(8998, 106, 471, '58I Long An, Long Điền, BRVT\n', 0),
	(8999, 116, 471, '548', 0),
	(9000, 102, 471, '5/10/2010', 0),
	(9001, 19, 471, '74', 0),
	(9002, 82, 471, '150', 0),
	(9003, 92, 471, '', 0),
	(9004, 83, 471, '160', 0),
	(9005, 90, 471, '', 0),
	(9006, 91, 471, '', 0),
	(9007, 86, 471, '219', 0),
	(9008, 114, 471, '', 0),
	(9009, 119, 471, '', 0),
	(9010, 112, 472, 'Võ Thị Mộng Hiếu', 0),
	(9011, 108, 472, '458', 0),
	(9012, 110, 472, '1981', 0),
	(9013, 109, 472, '460', 0),
	(9014, 105, 472, '01666371294', 0),
	(9015, 104, 472, '', 0),
	(9016, 103, 472, '', 0),
	(9017, 107, 472, 'p7, Q8\n', 0),
	(9018, 106, 472, ' ', 0),
	(9019, 116, 472, '549', 0),
	(9020, 102, 472, '11/10/2010', 0),
	(9021, 19, 472, '73', 1),
	(9022, 82, 472, '150', 0),
	(9023, 92, 472, '', 0),
	(9024, 83, 472, '160', 0),
	(9025, 90, 472, '', 0),
	(9026, 91, 472, '', 0),
	(9027, 86, 472, '219', 0),
	(9028, 85, 472, '493', 0),
	(9029, 114, 472, '', 0),
	(9030, 119, 472, '', 0),
	(9031, 112, 473, 'Nguyễn Hoàng Lâm', 0),
	(9032, 108, 473, '457', 0),
	(9033, 110, 473, '1986', 0),
	(9034, 109, 473, '460', 0),
	(9035, 105, 473, '', 0),
	(9036, 104, 473, '3800623', 0),
	(9037, 103, 473, '', 0),
	(9038, 107, 473, '635A Điện Biên Phủ, q3\n', 0),
	(9039, 106, 473, '635A Điện Biên Phủ, q3\n', 0),
	(9040, 116, 473, '549', 0),
	(9041, 102, 473, '11/10/2010', 0),
	(9042, 19, 473, '463', 0),
	(9043, 82, 473, '150', 0),
	(9044, 92, 473, '', 0),
	(9045, 83, 473, '160', 0),
	(9046, 90, 473, '', 0),
	(9047, 91, 473, '', 0),
	(9048, 86, 473, '219', 0),
	(9049, 114, 473, '', 0),
	(9050, 119, 473, '', 0),
	(9051, 112, 474, 'Nguyễn Văn Tùng', 0),
	(9052, 108, 474, '457', 0),
	(9053, 110, 474, '1984', 0),
	(9054, 109, 474, '460', 0),
	(9055, 105, 474, '0915083537', 0),
	(9056, 104, 474, '', 0),
	(9057, 103, 474, 'thanhtung054xh@yahoo.com.vn', 0),
	(9058, 107, 474, 'Yên Thái - Yên Định - Thanh Hóa\n', 0),
	(9059, 106, 474, '192/1E Ấp Tam Đông, Thới Tam Thôn, Hóc Môn, Tp HCM\n', 0),
	(9060, 116, 474, '548', 0),
	(9061, 102, 474, '12/10/2010', 0),
	(9062, 19, 474, '75', 0),
	(9063, 82, 474, '155', 0),
	(9064, 92, 474, 'Xã hội học', 0),
	(9065, 83, 474, '160', 0),
	(9066, 90, 474, '', 0),
	(9067, 91, 474, '', 0),
	(9068, 86, 474, '219', 0),
	(9069, 88, 474, '297', 0),
	(9070, 88, 474, '298', 0),
	(9071, 88, 474, '299', 0),
	(9072, 88, 474, '313', 0),
	(9073, 85, 474, '214', 0),
	(9074, 93, 474, '517', 0),
	(9075, 114, 474, '', 0),
	(9076, 119, 474, '', 0),
	(9077, 112, 475, 'Nguyễn Tấn Phong', 0),
	(9078, 108, 475, '457', 0),
	(9079, 110, 475, '1985', 0),
	(9080, 109, 475, '460', 0),
	(9081, 105, 475, '01884301837 (0908819611 Cô Hỏi)', 0),
	(9082, 104, 475, '', 0),
	(9083, 103, 475, '', 0),
	(9084, 107, 475, 'Vĩnh Lợi - Châu Thành - An Giang\n', 0),
	(9085, 106, 475, ' ', 0),
	(9086, 116, 475, '548', 0),
	(9087, 102, 475, '12/10/2010', 0),
	(9088, 19, 475, '75', 0),
	(9089, 82, 475, '151', 0),
	(9090, 92, 475, 'Vi tính văn phòng', 0),
	(9091, 83, 475, '160', 0),
	(9092, 90, 475, '', 0),
	(9093, 91, 475, '', 0),
	(9094, 86, 475, '219', 0),
	(9095, 114, 475, '', 0),
	(9096, 119, 475, '', 0),
	(9097, 112, 476, 'Nguyễn Thị Trà My', 0),
	(9098, 108, 476, '458', 0),
	(9099, 110, 476, '1988', 0),
	(9100, 109, 476, '460', 0),
	(9101, 105, 476, '01687490546', 0),
	(9102, 104, 476, '', 0),
	(9103, 103, 476, '', 0),
	(9104, 107, 476, 'Tổ 5, Bàu Quần, Phước Trạch, Trảng Bom, Thống Nhất, ĐN\n', 0),
	(9105, 106, 476, 'Tổ 5, Bàu Quần, Phước Trạch, Trảng Bom, Thống Nhất, ĐN\n', 0),
	(9106, 116, 476, '549', 0),
	(9107, 102, 476, '12/10/2010', 0),
	(9108, 19, 476, '75', 0),
	(9109, 20, 476, '234', 0),
	(9110, 82, 476, '151', 0),
	(9111, 92, 476, '', 0),
	(9112, 83, 476, '160', 0),
	(9113, 90, 476, '', 0),
	(9114, 91, 476, '', 0),
	(9115, 86, 476, '219', 0),
	(9116, 114, 476, '', 0),
	(9117, 119, 476, '', 0),
	(9118, 112, 477, 'Huỳnh Thị Ngọc Mỹ', 0),
	(9119, 108, 477, '458', 0),
	(9120, 110, 477, '1984', 0),
	(9121, 109, 477, '460', 0),
	(9122, 105, 477, '01674710968', 0),
	(9123, 104, 477, '', 0),
	(9124, 103, 477, '', 0),
	(9125, 107, 477, 'Ấp Hòa Thượng- Ngọc Đông- Mỹ Xuyên - Sóc Trăng\n', 0),
	(9126, 106, 477, ' ', 0),
	(9127, 116, 477, '549', 0),
	(9128, 102, 477, '14/10/2010', 0),
	(9129, 19, 477, '75', 0),
	(9130, 82, 477, '151', 0),
	(9131, 92, 477, '', 0),
	(9132, 83, 477, '160', 0),
	(9133, 90, 477, '', 0),
	(9134, 91, 477, '', 0),
	(9135, 86, 477, '219', 0),
	(9136, 88, 477, '297', 0),
	(9137, 88, 477, '298', 0),
	(9138, 88, 477, '299', 0),
	(9139, 93, 477, '276', 0),
	(9140, 114, 477, '', 0),
	(9141, 119, 477, '', 0),
	(9142, 112, 478, 'Võ Văn Huy', 0),
	(9143, 108, 478, '457', 0),
	(9144, 110, 478, '1985', 0),
	(9145, 109, 478, '460', 0),
	(9146, 105, 478, '0975685818', 0),
	(9147, 104, 478, '', 0),
	(9148, 103, 478, 'noichantroitim_cotoi@yahoo.com', 0),
	(9149, 107, 478, 'Huyện Bình Chánh\n', 0),
	(9150, 106, 478, ' ', 0),
	(9151, 116, 478, '549', 0),
	(9152, 102, 478, '22/10/2010', 0),
	(9153, 19, 478, '75', 0),
	(9154, 21, 478, '139', 0),
	(9155, 82, 478, '154', 0),
	(9156, 92, 478, 'Cầu đường', 0),
	(9157, 83, 478, '160', 0),
	(9158, 90, 478, '', 0),
	(9159, 91, 478, '', 0),
	(9160, 86, 478, '219', 0),
	(9161, 88, 478, '297', 0),
	(9162, 88, 478, '298', 0),
	(9163, 88, 478, '299', 0),
	(9164, 93, 478, '265', 1),
	(9165, 114, 478, '', 0),
	(9166, 119, 478, '', 0),
	(9167, 112, 479, 'Nguyễn Thị Thịnh', 0),
	(9168, 108, 479, '458', 0),
	(9169, 110, 479, '1993', 0),
	(9170, 109, 479, '459', 0),
	(9171, 105, 479, '01255567552', 0),
	(9172, 104, 479, '', 0),
	(9173, 103, 479, 'nguyenthithinh_1993@yahoo.com', 0),
	(9174, 107, 479, 'Bình Cơ- Bình Mỹ- Tân Uyên- Bình Dương\n', 0),
	(9175, 106, 479, '217/10 Xô Viết Nghệ Tỉnh, Phường 7, Quận Bình Thạnh\n', 0),
	(9176, 116, 479, '549', 0),
	(9177, 102, 479, '26/10/2010', 0),
	(9178, 19, 479, '75', 0),
	(9179, 82, 479, '150', 0),
	(9180, 92, 479, '', 0),
	(9181, 83, 479, '160', 0),
	(9182, 90, 479, '', 0),
	(9183, 91, 479, '', 0),
	(9184, 86, 479, '219', 0),
	(9185, 88, 479, '297', 0),
	(9186, 88, 479, '298', 0),
	(9187, 88, 479, '299', 0),
	(9188, 88, 479, '300', 0),
	(9189, 93, 479, '276', 0),
	(9190, 93, 479, '287', 0),
	(9191, 114, 479, '', 0),
	(9192, 119, 479, '', 0),
	(9223, 102, 481, '26/10/2010', 0),
	(9222, 116, 481, '549', 0),
	(9221, 106, 481, 'Phường 25, đường D2, Văn Thánh Bắc\n', 0),
	(9220, 107, 481, 'Xã Thạnh An- Huyện Thốt Nốt\n', 0),
	(9219, 103, 481, '', 0),
	(9218, 104, 481, '', 0),
	(9217, 105, 481, '', 0),
	(9216, 109, 481, '460', 0),
	(9215, 110, 481, '1988', 0),
	(9214, 108, 481, '457', 0),
	(9213, 112, 481, 'Đỗ Thanh Tuấn', 0),
	(9224, 19, 481, '75', 0),
	(9225, 82, 481, '149', 0),
	(9226, 92, 481, '', 0),
	(9227, 83, 481, '160', 0),
	(9228, 90, 481, '', 0),
	(9229, 91, 481, '', 0),
	(9230, 86, 481, '219', 0),
	(9231, 114, 481, '', 0),
	(9232, 119, 481, '', 0),
	(9233, 112, 482, 'Đặng Quốc Thuận', 0),
	(9234, 108, 482, '457', 0),
	(9235, 110, 482, '1982', 0),
	(9236, 109, 482, '460', 0),
	(9237, 105, 482, '01634882974', 0),
	(9238, 104, 482, '', 0),
	(9239, 103, 482, '', 0),
	(9240, 107, 482, ' ', 0),
	(9241, 106, 482, ' ', 0),
	(9242, 116, 482, '549', 0),
	(9243, 102, 482, '29/10/2010', 0),
	(9244, 19, 482, '75', 0),
	(9245, 82, 482, '152', 0),
	(9246, 92, 482, 'ĐỒ họa', 0),
	(9247, 83, 482, '160', 0),
	(9248, 90, 482, '', 0),
	(9249, 91, 482, '', 0),
	(9250, 86, 482, '219', 0),
	(9251, 88, 482, '297', 0),
	(9252, 88, 482, '300', 0),
	(9253, 93, 482, '510', 0),
	(9254, 114, 482, '', 0),
	(9255, 119, 482, '', 0),
	(9256, 112, 483, 'Nguyễn Thị Thuỳ Linh', 0),
	(9257, 108, 483, '458', 0),
	(9258, 110, 483, ' ', 0),
	(9259, 109, 483, '459', 0),
	(9260, 105, 483, '', 0),
	(9261, 104, 483, '', 0),
	(9262, 103, 483, 'thuylinh81@yahoo.com', 0),
	(9263, 107, 483, ' ', 0),
	(9264, 106, 483, '1104/10/2D Tỉnh Lộ 10 Tân Tạo- Bình Tân.\n', 0),
	(9265, 116, 483, '548', 0),
	(9266, 102, 483, '1/11/2010', 0),
	(9267, 19, 483, '75', 0),
	(9268, 82, 483, '155', 0),
	(9269, 92, 483, 'Công nghệ thông tin', 0),
	(9270, 83, 483, '160', 0),
	(9271, 90, 483, '', 0),
	(9272, 91, 483, '', 0),
	(9273, 86, 483, '219', 0),
	(9274, 88, 483, '296', 1),
	(9275, 88, 483, '297', 1),
	(9276, 88, 483, '298', 1),
	(9277, 88, 483, '299', 1),
	(9278, 88, 483, '313', 1),
	(9279, 114, 483, '', 0),
	(9280, 119, 483, '', 0),
	(9281, 112, 484, 'Nguyễn Đình Hòa', 0),
	(9282, 108, 484, '457', 0),
	(9283, 110, 484, '1986', 0),
	(9284, 109, 484, '460', 0),
	(9285, 105, 484, '01266743844', 0),
	(9286, 104, 484, '', 0),
	(9287, 103, 484, '', 0),
	(9288, 107, 484, 'Thôn 6- Eatiêu- cưkin- Đăklak\n', 0),
	(9289, 106, 484, '32/12/8 khu phố 4 PLB Quận 9.\n', 0),
	(9290, 116, 484, '548', 0),
	(9291, 102, 484, '2/11/2010', 0),
	(9292, 19, 484, '75', 0),
	(9293, 82, 484, '153', 0),
	(9294, 92, 484, 'Tin học văn phòng', 0),
	(9295, 83, 484, '160', 0),
	(9296, 90, 484, '', 0),
	(9297, 91, 484, '', 0),
	(9298, 86, 484, '219', 0),
	(9299, 88, 484, '297', 0),
	(9300, 88, 484, '298', 0),
	(9301, 88, 484, '299', 0),
	(9302, 85, 484, '209', 0),
	(9303, 93, 484, '276', 0),
	(9304, 114, 484, '', 0),
	(9305, 119, 484, '', 0),
	(9306, 112, 485, 'Nguyễn Minh Mẫn', 0),
	(9307, 108, 485, '457', 0),
	(9308, 110, 485, '1981', 0),
	(9309, 109, 485, '459', 0),
	(9310, 105, 485, '01257770736', 0),
	(9311, 104, 485, '', 0),
	(9312, 103, 485, '', 0),
	(9313, 107, 485, 'Ấp Long Mỹ I, Chợ Mới, An Giang\n', 0),
	(9314, 106, 485, '  ', 0),
	(9315, 116, 485, '548', 0),
	(9316, 102, 485, '3/11/2010', 0),
	(9317, 19, 485, '75', 0),
	(9318, 82, 485, '151', 0),
	(9319, 92, 485, 'Kế toán', 0),
	(9320, 83, 485, '160', 0),
	(9321, 90, 485, '', 0),
	(9322, 91, 485, '', 0),
	(9323, 86, 485, '219', 0),
	(9324, 88, 485, '297', 0),
	(9325, 88, 485, '298', 0),
	(9326, 88, 485, '299', 0),
	(9327, 85, 485, '487', 0),
	(9328, 93, 485, '276', 0),
	(9329, 114, 485, '', 0),
	(9330, 119, 485, '', 0),
	(9331, 112, 486, 'Trần Hữu Hạ Thy', 0),
	(9332, 108, 486, '457', 0),
	(9333, 110, 486, '1976', 0),
	(9334, 109, 486, '461', 0),
	(9335, 105, 486, '01613841682(01264790014)', 0),
	(9336, 104, 486, '', 0),
	(9337, 103, 486, 'hathy.tran@gmail.com', 0),
	(9338, 107, 486, 'Tổ 16 Phước Thái, Long Thành Đồng Nai\n', 0),
	(9339, 106, 486, ' ', 0),
	(9340, 116, 486, '549', 0),
	(9341, 102, 486, '3/11/2010', 0),
	(9342, 19, 486, '75', 0),
	(9343, 82, 486, '155', 0),
	(9344, 92, 486, 'tin học quản lý. Kế toán chuyên nghiệp', 0),
	(9345, 83, 486, '160', 0),
	(9346, 90, 486, '', 0),
	(9347, 91, 486, '', 0),
	(9348, 86, 486, '219', 0),
	(9349, 88, 486, '297', 0),
	(9350, 88, 486, '298', 0),
	(9351, 88, 486, '299', 0),
	(9352, 85, 486, '489', 0),
	(9353, 114, 486, '', 0),
	(9354, 119, 486, '', 0),
	(9355, 121, 487, 'Minh Quân Mobile', 0),
	(9356, 122, 487, 'http://www.vatgia.com/hoidap/4512/247451/so-sanh-may-tinh-bang-archos-101-va-ipad-nen-mua-cai-nao-tot-hon.html\nĐịa chỉ: 116 Nguyễn Du, P.Bến Thành, Q.1 (Hồ Chí Minh)\nĐiện thoại: 0987367163  -  Mobile: 0933204588', 0),
	(9854, 109, 509, '460', 0),
	(9853, 110, 509, '1983', 0),
	(9852, 108, 509, '458', 0),
	(9851, 112, 509, 'Nguyễn Thị Ngọc Điệp', 0),
	(9850, 119, 508, '', 0),
	(9848, 85, 508, '196', 0),
	(9849, 114, 508, '', 0),
	(9845, 90, 508, '', 0),
	(9846, 91, 508, '', 0),
	(9847, 86, 508, '219', 0),
	(9844, 83, 508, '160', 0),
	(9843, 92, 508, '', 0),
	(9842, 82, 508, '149', 0),
	(9841, 19, 508, '75', 0),
	(9840, 102, 508, '3/3/2011', 0),
	(9378, 112, 489, 'Nguyễn Thành Được', 0),
	(9379, 108, 489, '457', 0),
	(9380, 110, 489, '1976', 0),
	(9381, 109, 489, '461', 0),
	(9382, 105, 489, '012266711759', 0),
	(9383, 104, 489, '0822482168', 0),
	(9384, 103, 489, '', 0),
	(9385, 107, 489, '146 Trần Hưng Đạo, Thị Xã Buôn Hồ', 0),
	(9386, 106, 489, '18 Tấn Thành, Phường 12, Quận 5', 0),
	(9387, 116, 489, '549', 0),
	(9388, 102, 489, '24/01/2011', 0),
	(9389, 19, 489, '75', 0),
	(9390, 82, 489, '151', 0),
	(9391, 92, 489, '', 0),
	(9392, 83, 489, '160', 0),
	(9393, 90, 489, '', 0),
	(9394, 91, 489, '', 0),
	(9395, 86, 489, '219', 0),
	(9396, 85, 489, '484', 0),
	(9397, 114, 489, '', 0),
	(9398, 119, 489, '', 0),
	(9399, 112, 490, 'Nguyễn Tấn Phong', 0),
	(9400, 108, 490, '457', 0),
	(9401, 110, 490, '1980', 0),
	(9402, 109, 490, '461', 0),
	(9403, 105, 490, '0908659456', 0),
	(9404, 104, 490, '', 0),
	(9405, 103, 490, '', 0),
	(9406, 107, 490, '27, Đại Lộ II, phường Phước Bình, Quận 9', 0),
	(9407, 106, 490, '967/37, KP3, Đường Trần Xuân Soạn, Quận 7', 0),
	(9408, 116, 490, '549', 0),
	(9409, 102, 490, '15/2/2011', 0),
	(9410, 19, 490, '75', 0),
	(9411, 20, 490, '534', 0),
	(9412, 21, 490, '131', 0),
	(9413, 82, 490, '149', 0),
	(9414, 92, 490, '', 0),
	(9415, 83, 490, '160', 0),
	(9416, 90, 490, '', 0),
	(9417, 91, 490, '', 0),
	(9418, 86, 490, '219', 0),
	(9419, 88, 490, '297', 0),
	(9420, 88, 490, '298', 0),
	(9421, 88, 490, '299', 0),
	(9422, 88, 490, '302', 0),
	(9423, 85, 490, '209', 0),
	(9424, 114, 490, '', 0),
	(9425, 119, 490, '', 0),
	(9426, 112, 491, 'Lê Thúy Vân', 0),
	(9427, 108, 491, '458', 0),
	(9428, 110, 491, '1985', 0),
	(9429, 109, 491, '460', 0),
	(9430, 105, 491, '0919368508', 0),
	(9431, 104, 491, '9716422', 0),
	(9432, 103, 491, '', 0),
	(9433, 107, 491, '', 0),
	(9434, 106, 491, '168/52E Võ Thành Trang, Phường 11, Quận Tân Bình, TPHCM', 0),
	(9435, 116, 491, '549', 0),
	(9436, 102, 491, '15/2/2011', 0),
	(9437, 19, 491, '73', 1),
	(9438, 82, 491, '149', 0),
	(9439, 92, 491, '', 0),
	(9440, 83, 491, '160', 0),
	(9441, 90, 491, '', 0),
	(9442, 91, 491, '', 0),
	(9443, 86, 491, '219', 0),
	(9444, 93, 491, '294', 0),
	(9445, 93, 491, '500', 0),
	(9446, 114, 491, '', 0),
	(9447, 119, 491, '', 0),
	(9448, 112, 492, 'Triệu Triều Thái', 0),
	(9449, 108, 492, '457', 0),
	(9450, 110, 492, '1985', 0),
	(9451, 109, 492, '460', 0),
	(9452, 105, 492, '0913714850', 0),
	(9453, 104, 492, '32505920', 0),
	(9454, 103, 492, 'trieuthai1985@gmail.com', 0),
	(9455, 107, 492, '', 0),
	(9456, 106, 492, '16B/ BH Lê Quang Sáng, P2, Quận 6, TPHCM', 0),
	(9457, 116, 492, '549', 0),
	(9458, 102, 492, '20/2/2011', 0),
	(9459, 19, 492, '75', 0),
	(9460, 82, 492, '150', 0),
	(9461, 92, 492, '', 0),
	(9462, 83, 492, '160', 0),
	(9463, 90, 492, '', 0),
	(9464, 91, 492, '', 0),
	(9465, 86, 492, '219', 0),
	(9466, 114, 492, '', 0),
	(9467, 119, 492, '', 0),
	(9468, 112, 493, 'Nguyễn Trần Lan Thanh', 0),
	(9469, 108, 493, '458', 0),
	(9470, 110, 493, '1985', 0),
	(9471, 109, 493, '460', 0),
	(9472, 105, 493, '0902951085', 0),
	(9473, 104, 493, '083951087', 0),
	(9474, 103, 493, 'lanthanh256@gmail.com', 0),
	(9475, 107, 493, '', 0),
	(9476, 106, 493, '7/64 bis Đường Nguyễn Thiện Thuật, Quận Bình Thạnh, TP. HCM', 0),
	(9477, 116, 493, '549', 0),
	(9478, 102, 493, '20/2/2011', 0),
	(9479, 19, 493, '74', 0),
	(9480, 82, 493, '155', 0),
	(9481, 92, 493, 'Ngữ văn Anh', 0),
	(9482, 83, 493, '165', 0),
	(9483, 90, 493, 'Đại học KHXH & NV TPHCM', 0),
	(9484, 91, 493, '', 0),
	(9485, 86, 493, '219', 0),
	(9486, 88, 493, '297', 0),
	(9487, 88, 493, '298', 0),
	(9488, 88, 493, '299', 0),
	(9489, 88, 493, '302', 0),
	(9490, 85, 493, '211', 0),
	(9491, 85, 493, '496', 0),
	(9492, 114, 493, '', 0),
	(9493, 119, 493, '', 0),
	(9494, 112, 494, 'Lê Thị Hiền Phương', 0),
	(9495, 108, 494, '458', 0),
	(9496, 110, 494, '1988', 0),
	(9497, 109, 494, '460', 0),
	(9498, 105, 494, '0909877035', 0),
	(9499, 104, 494, '', 0),
	(9500, 103, 494, '', 0),
	(9501, 107, 494, '134/109/20 Lý Chính Thắng, Phường 7, Quận 3, TPHCM', 0),
	(9502, 106, 494, '134/109/20 Lý Chính Thắng, Phường 7, Quận 3, TPHCM', 0),
	(9503, 116, 494, '549', 0),
	(9504, 102, 494, '21/2/2011', 0),
	(9505, 82, 494, '154', 0),
	(9506, 92, 494, 'Kế toán', 0),
	(9507, 83, 494, '165', 0),
	(9508, 90, 494, 'Cao đẳng Nguyễn Tất Thành', 0),
	(9509, 91, 494, '', 0),
	(9510, 86, 494, '219', 0),
	(9511, 88, 494, '297', 0),
	(9512, 88, 494, '298', 0),
	(9513, 88, 494, '299', 0),
	(9514, 85, 494, '543', 0),
	(9515, 93, 494, '500', 0),
	(9516, 114, 494, '', 0),
	(9517, 119, 494, '', 0),
	(9518, 112, 495, 'Mai Thanh Bình', 0),
	(9519, 108, 495, '458', 0),
	(9520, 110, 495, '1992', 0),
	(9521, 109, 495, '459', 0),
	(9522, 105, 495, '0987033784', 0),
	(9523, 104, 495, '', 0),
	(9524, 103, 495, '', 0),
	(9525, 107, 495, 'Thanh Phú, Bình Long, Bình Phước', 0),
	(9526, 106, 495, 'Thanh Phú, Bình Long, Bình Phước', 0),
	(9527, 116, 495, '549', 0),
	(9528, 102, 495, '23/2/2011', 0),
	(9529, 19, 495, '75', 0),
	(9530, 20, 495, '125', 0),
	(9531, 82, 495, '152', 0),
	(9532, 92, 495, 'Điện cơ - điện tử', 0),
	(9533, 83, 495, '160', 0),
	(9534, 90, 495, '', 0),
	(9535, 91, 495, '', 0),
	(9536, 86, 495, '219', 0),
	(9537, 114, 495, '', 0),
	(9538, 119, 495, '', 0),
	(9539, 112, 496, 'Nguyễn Đức Thọ', 0),
	(9540, 108, 496, '457', 0),
	(9541, 110, 496, '1988', 0),
	(9542, 109, 496, '460', 0),
	(9543, 105, 496, '', 0),
	(9544, 104, 496, '0839911826', 0),
	(9545, 103, 496, 'ductho_QN1988@yahoo.com', 0),
	(9546, 107, 496, '', 0),
	(9547, 106, 496, '115 Võ Thị Sáu, P6, Q3, TPHCM', 0),
	(9548, 116, 496, '549', 0),
	(9549, 102, 496, '23/2/2011', 0),
	(9550, 19, 496, '75', 0),
	(9551, 20, 496, '232', 0),
	(9552, 82, 496, '152', 0),
	(9553, 92, 496, 'Điện cơ - điện tử', 0),
	(9554, 83, 496, '160', 0),
	(9555, 90, 496, '215 Võ Thị Sáu', 0),
	(9556, 91, 496, '', 0),
	(9557, 86, 496, '219', 0),
	(9558, 114, 496, '', 0),
	(9559, 119, 496, '', 0),
	(9560, 112, 497, 'Phạm Thị Hiếu Thảo', 0),
	(9561, 108, 497, '458', 0),
	(9562, 110, 497, '1985', 0),
	(9563, 109, 497, '460', 0),
	(9564, 105, 497, '0937669432', 0),
	(9565, 104, 497, '', 0),
	(9566, 103, 497, '', 0),
	(9567, 107, 497, 'Ấp An Hưng, Xã An Khánh, Đồng Tháp', 0),
	(9568, 106, 497, '400/6 Lê Văn Sỹ, Quận 3, TPHCM', 0),
	(9569, 116, 497, '549', 0),
	(9570, 102, 497, '23/2/2011', 0),
	(9571, 19, 497, '75', 0),
	(9572, 20, 497, '232', 0),
	(9573, 20, 497, '534', 0),
	(9574, 22, 497, '20', 0),
	(9575, 113, 497, '535', 0),
	(9576, 82, 497, '151', 0),
	(9577, 92, 497, '', 0),
	(9578, 83, 497, '160', 0),
	(9579, 90, 497, '', 0),
	(9580, 91, 497, '', 0),
	(9581, 86, 497, '219', 0),
	(9582, 88, 497, '297', 0),
	(9583, 85, 497, '210', 0),
	(9584, 85, 497, '495', 0),
	(9585, 114, 497, '', 0),
	(9586, 119, 497, '', 0),
	(9587, 112, 498, 'Cống Nguyễn Minh Ý', 0),
	(9588, 108, 498, '458', 0),
	(9589, 110, 498, '1987', 0),
	(9590, 109, 498, '460', 0),
	(9591, 105, 498, '0984505253', 0),
	(9592, 104, 498, '', 0),
	(9593, 103, 498, 'concuanho_2008@yahoo.com', 0),
	(9594, 107, 498, 'Lâm Hà, Lâm Đồng', 0),
	(9595, 106, 498, '7/6/18 Thành Thái, Quận 10, TPHCM', 0),
	(9596, 116, 498, '549', 0),
	(9597, 102, 498, '24/2/2011', 0),
	(9598, 19, 498, '75', 0),
	(9599, 20, 498, '123', 0),
	(9600, 82, 498, '153', 0),
	(9601, 92, 498, 'Dược', 0),
	(9602, 83, 498, '164', 0),
	(9603, 90, 498, 'trường Cửu Long', 0),
	(9604, 91, 498, '', 0),
	(9605, 86, 498, '219', 0),
	(9606, 114, 498, '', 0),
	(9607, 119, 498, '', 0),
	(9608, 112, 499, 'Trần Thị Ngọc Huyền', 0),
	(9609, 108, 499, '458', 0),
	(9610, 110, 499, '1986', 0),
	(9611, 109, 499, '460', 0),
	(9612, 105, 499, '0904563900', 0),
	(9613, 104, 499, '', 0),
	(9614, 103, 499, 'binbom126@yahoo.com', 0),
	(9615, 107, 499, '135C Đào Sư Tích, huyện Nhà Bè TPHCM', 0),
	(9616, 106, 499, '135C Đào Sư Tích, huyện Nhà Bè TPHCM', 0),
	(9617, 116, 499, '549', 0),
	(9618, 102, 499, '1/3/2011', 0),
	(9619, 19, 499, '75', 0),
	(9620, 20, 499, '232', 0),
	(9621, 82, 499, '151', 0),
	(9622, 92, 499, 'Công nghệ thông tin', 0),
	(9623, 83, 499, '160', 0),
	(9624, 90, 499, '', 0),
	(9625, 91, 499, '', 0),
	(9626, 86, 499, '219', 0),
	(9627, 85, 499, '482', 0),
	(9628, 85, 499, '487', 0),
	(9629, 93, 499, '276', 0),
	(9630, 93, 499, '281', 0),
	(9631, 114, 499, '', 0),
	(9632, 119, 499, '', 0),
	(9633, 112, 500, 'Trần Thị Ngọc Huyền', 0),
	(9634, 108, 500, '458', 0),
	(9635, 110, 500, '1986', 0),
	(9636, 109, 500, '460', 0),
	(9637, 105, 500, '0904563900', 0),
	(9638, 104, 500, '', 0),
	(9639, 103, 500, 'binbom126@yahoo.com', 0),
	(9640, 107, 500, '135C Đào Sư Tích, huyện Nhà Bè TPHCM', 0),
	(9641, 106, 500, '135C Đào Sư Tích, huyện Nhà Bè TPHCM', 0),
	(9642, 116, 500, '549', 0),
	(9643, 102, 500, '1/3/2011', 0),
	(9644, 19, 500, '75', 0),
	(9645, 20, 500, '232', 0),
	(9646, 82, 500, '151', 0),
	(9647, 92, 500, 'Công nghệ thông tin', 0),
	(9648, 83, 500, '160', 0),
	(9649, 90, 500, '', 0),
	(9650, 91, 500, '', 0),
	(9651, 86, 500, '219', 0),
	(9652, 85, 500, '482', 0),
	(9653, 85, 500, '487', 0),
	(9654, 93, 500, '276', 0),
	(9655, 93, 500, '281', 0),
	(9656, 114, 500, '', 0),
	(9657, 119, 500, '', 0),
	(9658, 112, 501, 'Nguyễn Thị Hoa', 0),
	(9659, 108, 501, '458', 0),
	(9660, 110, 501, '1985', 0),
	(9661, 109, 501, '460', 0),
	(9662, 105, 501, '0972862610', 0),
	(9663, 104, 501, '', 0),
	(9664, 103, 501, 'nguyenhoa436@gmail.com', 0),
	(9665, 107, 501, 'Ngô Đồng, Giao Thủy, Nam Định', 0),
	(9666, 106, 501, 'Ngô Đồng, Giao Thủy, Nam Định', 0),
	(9667, 116, 501, '549', 0),
	(9668, 102, 501, '1/3/2011', 0),
	(9669, 19, 501, '75', 0),
	(9670, 82, 501, '152', 0),
	(9671, 92, 501, 'Thiết kế đồ họa', 0),
	(9672, 83, 501, '164', 0),
	(9673, 90, 501, 'Đại học Văn Lang', 0),
	(9674, 91, 501, '', 0),
	(9675, 86, 501, '219', 0),
	(9676, 88, 501, '297', 0),
	(9677, 88, 501, '300', 0),
	(9678, 93, 501, '276', 0),
	(9679, 93, 501, '504', 0),
	(9680, 114, 501, '', 0),
	(9681, 119, 501, '', 0),
	(9839, 116, 508, '549', 0),
	(9838, 106, 508, '86/17 Trường Chinh, P.12, Q.Tân Bình, TPHCM', 0),
	(9837, 107, 508, '86/17 Trường Chinh, P.12, Q.Tân Bình, TPHCM', 0),
	(9836, 103, 508, '', 0),
	(9835, 104, 508, '', 0),
	(9834, 105, 508, '01204631022', 0),
	(9833, 109, 508, '462', 0),
	(9832, 110, 508, '1968', 0),
	(9831, 108, 508, '457', 0),
	(9829, 119, 507, '', 0),
	(9830, 112, 508, 'Nguyễn Ngọc Tuấn', 0),
	(9828, 114, 507, '', 0),
	(9827, 88, 507, '299', 0),
	(9826, 88, 507, '298', 0),
	(9825, 88, 507, '297', 0),
	(9824, 86, 507, '219', 0),
	(9823, 91, 507, '', 0),
	(9822, 90, 507, '', 0),
	(9821, 83, 507, '160', 0),
	(9820, 92, 507, '', 0),
	(9819, 82, 507, '151', 0),
	(9818, 20, 507, '237', 0),
	(9817, 19, 507, '75', 0),
	(9816, 102, 507, '3/3/2011', 0),
	(9815, 116, 507, '549', 0),
	(9814, 106, 507, '18/11 Trung Lang, P.12, Q.Tân Bình, TPHCM', 0),
	(9812, 103, 507, '', 0),
	(9813, 107, 507, '18/11 Trung Lang, P.12, Q.Tân Bình, TPHCM', 0),
	(9811, 104, 507, '', 0),
	(9810, 105, 507, '0949486053', 0),
	(9809, 109, 507, '460', 0),
	(9808, 110, 507, '1991', 0),
	(9807, 108, 507, '457', 0),
	(9806, 112, 507, 'Đỗ Ngọc Sơn', 0),
	(9805, 119, 506, '', 0),
	(9804, 114, 506, '', 0),
	(9803, 93, 506, '522', 0),
	(9802, 93, 506, '287', 0),
	(9801, 88, 506, '299', 0),
	(9800, 88, 506, '298', 0),
	(9799, 88, 506, '297', 0),
	(9798, 86, 506, '219', 0),
	(9797, 91, 506, '', 0),
	(9796, 90, 506, '', 0),
	(9795, 83, 506, '160', 0),
	(9794, 92, 506, '', 0),
	(9792, 19, 506, '75', 0),
	(9793, 82, 506, '151', 0),
	(9790, 116, 506, '549', 0),
	(9791, 102, 506, '3/3/2011', 0),
	(9789, 106, 506, '1751, khu phố Tam Đa, P. Trường Thạnh, quận 9, TPHCM', 0),
	(9788, 107, 506, '1751, khu phố Tam Đa, P. Trường Thạnh, quận 9, TPHCM', 0),
	(9787, 103, 506, 'thanhtan2111@gmail.com', 0),
	(9786, 104, 506, '', 0),
	(9785, 105, 506, '', 0),
	(9784, 109, 506, '460', 0),
	(9783, 110, 506, '1984', 0),
	(9782, 108, 506, '457', 0),
	(9781, 112, 506, 'Lê Thành Tân', 0),
	(9855, 105, 509, '01667922993', 0),
	(9856, 104, 509, '', 0),
	(9857, 103, 509, 'nguyenthingocdiep0207@yahoo.com', 0),
	(9858, 107, 509, '5/4A, tổ 40, khu phố 4, thị trấn Hóc Môn, TPHCM', 0),
	(9859, 106, 509, '5/4A, tổ 40, khu phố 4, thị trấn Hóc Môn, TPHCM', 0),
	(9860, 116, 509, '549', 0),
	(9861, 102, 509, '3/3/2011', 0),
	(9862, 19, 509, '75', 0),
	(9863, 82, 509, '151', 0),
	(9864, 92, 509, '', 0),
	(9865, 83, 509, '160', 0),
	(9866, 90, 509, '', 0),
	(9867, 91, 509, '', 0),
	(9868, 86, 509, '219', 0),
	(9869, 88, 509, '297', 0),
	(9870, 88, 509, '298', 0),
	(9871, 85, 509, '495', 0),
	(9872, 93, 509, '276', 0),
	(9873, 93, 509, '287', 0),
	(9874, 93, 509, '498', 0),
	(9875, 114, 509, '', 0),
	(9876, 119, 509, '', 0),
	(9877, 121, 510, 'Cap HDMI to VGA', 0),
	(9878, 122, 510, 'Vi Tinh Phuong Nam\n110A Nguyễn Chí Thanh, P.3, Q.10 (Hồ Chí Minh)', 0),
	(9879, 121, 511, 'Misa Shop', 0),
	(9880, 122, 511, '<a href=\'http://www.misashoponline.com/gioithieu.php\' target=\'_blank\'>Shop \n223 Phan Văn Hân, Phường 17, Quận Bình Thạnh, TP Hồ Chí Minh\n</a><br>', 0),
	(9881, 112, 512, 'Trịnh Đình Tý', 0),
	(9882, 108, 512, '457', 0),
	(9883, 110, 512, '1985', 0),
	(9884, 109, 512, '460', 0),
	(9885, 105, 512, '01224771928', 0),
	(9886, 104, 512, '', 0),
	(9887, 103, 512, 'trinhdinhty116@gmail.com', 0),
	(9888, 107, 512, '503/5/10 Phạm Văn Bạch, P.15, Q. Tân Bình, TPHCM', 0),
	(9889, 106, 512, '503/5/10 Phạm Văn Bạch, P.15, Q. Tân Bình, TPHCM', 0),
	(9890, 116, 512, '549', 0),
	(9891, 102, 512, '6/3/2011', 0),
	(9892, 19, 512, '75', 0),
	(9893, 20, 512, '534', 0),
	(9894, 82, 512, '155', 0),
	(9895, 92, 512, 'Báo chí - Biên tập', 0),
	(9896, 83, 512, '165', 0),
	(9897, 90, 512, 'Đại học Khoa học Huế', 0),
	(9898, 91, 512, '2009', 0),
	(9899, 86, 512, '219', 0),
	(9900, 88, 512, '297', 0),
	(9901, 88, 512, '298', 0),
	(9902, 88, 512, '302', 0),
	(9903, 88, 512, '306', 0),
	(9904, 88, 512, '314', 0),
	(9905, 85, 512, '199', 0),
	(9906, 85, 512, '214', 0),
	(9907, 85, 512, '470', 0),
	(9908, 85, 512, '475', 0),
	(9909, 114, 512, '', 0),
	(9910, 119, 512, '', 0),
	(9911, 29, 513, 'Văn phòng luật sư Nguyệt Thu', 0),
	(9912, 31, 513, '0989298595', 0),
	(9913, 30, 513, '', 0),
	(9914, 32, 513, 'nguyetthulawyer@yahoo.com', 0),
	(9915, 33, 513, '', 0),
	(9916, 34, 513, 'chị Thu', 0),
	(9917, 36, 513, '22', 0),
	(9918, 38, 513, '48', 0),
	(9919, 39, 513, '', 0),
	(9920, 40, 513, '0989298595', 0),
	(9921, 117, 513, '551', 0),
	(9922, 41, 513, '338', 0),
	(9923, 46, 513, '414', 0),
	(9924, 45, 513, '407', 0),
	(9925, 50, 513, 'Kế toán', 0),
	(9926, 52, 513, '444', 0),
	(9927, 53, 513, '446', 0),
	(9928, 55, 513, '', 0),
	(9929, 29, 514, 'Quán cà phê Trái Tim Yêu Thương', 0),
	(9930, 31, 514, '0909330161', 0),
	(9931, 30, 514, '37 đường Thép Mới, P.12, Q. Tân Bình, TPHCM (gần chợ Hoàng Hoa Thám)', 0),
	(9932, 32, 514, '', 0),
	(9933, 33, 514, '', 0),
	(9934, 34, 514, 'anh Hoàng', 0),
	(9935, 36, 514, '22', 0),
	(9936, 38, 514, '65', 0),
	(9937, 39, 514, '', 0),
	(9938, 40, 514, '0909330161', 0),
	(9939, 117, 514, '552', 0),
	(9940, 46, 514, '414', 0),
	(9941, 45, 514, '403', 0),
	(9942, 50, 514, 'Pha chế, giữ xe', 0),
	(9943, 52, 514, '444', 0),
	(9944, 53, 514, '446', 0),
	(9945, 55, 514, '', 0),
	(9946, 29, 515, 'Nhanh và Đẹp', 0),
	(9947, 31, 515, '0937319116', 0),
	(9948, 30, 515, '10-5 khu E, Him Lam Nam Khánh, P.5, Q.8, TPHCM', 0),
	(9949, 32, 515, '', 0),
	(9950, 33, 515, '', 0),
	(9951, 34, 515, 'chị Lan', 0),
	(9952, 36, 515, '22', 0),
	(9953, 38, 515, '36', 0),
	(9954, 39, 515, '', 0),
	(9955, 40, 515, '0937319116', 0),
	(9956, 117, 515, '552', 0),
	(9957, 41, 515, '338', 0),
	(9958, 46, 515, '414', 0),
	(9959, 45, 515, '406', 0),
	(9960, 50, 515, 'Thiết kế quảng cáo, Corel, Photoshop, Adobe Illustrator', 0),
	(9961, 52, 515, '444', 0),
	(9962, 51, 515, '428', 0),
	(9963, 53, 515, '446', 0),
	(9964, 55, 515, '', 0),
	(9965, 29, 516, 'Hợp tác xã Quận 10', 0),
	(9966, 31, 516, '38658623', 0),
	(9967, 30, 516, '24 Tô Hiến Thành, P.15, Q.10, TPHCM', 0),
	(9968, 32, 516, '', 0),
	(9969, 33, 516, '', 0),
	(9970, 34, 516, 'chị Hạnh', 0),
	(9971, 36, 516, '23', 0),
	(9972, 38, 516, '35', 0),
	(9973, 39, 516, '', 0),
	(9974, 40, 516, '38658623', 0),
	(9975, 117, 516, '552', 0),
	(9976, 41, 516, '338', 0),
	(9977, 46, 516, '414', 0),
	(9978, 45, 516, '403', 0),
	(9979, 50, 516, 'Bán bánh Hamburger', 0),
	(9980, 52, 516, '444', 0),
	(9981, 51, 516, '442', 0),
	(9982, 53, 516, '446', 0),
	(9983, 55, 516, '', 0),
	(9984, 29, 517, 'Nước giải khát lưu động M - Coffee', 0),
	(9985, 31, 517, '0903849735', 0),
	(9986, 30, 517, '202 Cống Quỳnh, P. Nguyễn Cư Trinh, Q.1, TPHCM', 0),
	(9987, 32, 517, '', 0),
	(9988, 33, 517, '', 0),
	(9989, 34, 517, 'Hoàng Gia', 0),
	(9990, 36, 517, '23', 0),
	(9991, 38, 517, '35', 0),
	(9992, 39, 517, '', 0),
	(9993, 40, 517, '0903849735', 0),
	(9994, 117, 517, '552', 0),
	(9995, 41, 517, '338', 0),
	(9996, 46, 517, '414', 0),
	(9997, 45, 517, '403', 0),
	(9998, 50, 517, 'Xay sinh tố, nước đóng chai', 0),
	(9999, 52, 517, '444', 0),
	(10000, 53, 517, '446', 0),
	(10001, 55, 517, '', 0),
	(10002, 29, 518, 'Zennova.vn', 0),
	(10003, 31, 518, '0947690006', 0),
	(10004, 30, 518, '90/88 Nguyễn Đình Chiểu, Q.3, TPHCM', 0),
	(10005, 32, 518, '', 0),
	(10006, 33, 518, '', 0),
	(10007, 34, 518, 'chị Hải Yến', 0),
	(10008, 36, 518, '24', 0),
	(10009, 38, 518, '65', 0),
	(10010, 39, 518, '', 0),
	(10011, 40, 518, '0947690006', 0),
	(10012, 117, 518, '552', 0),
	(10013, 46, 518, '414', 0),
	(10014, 45, 518, '403', 0),
	(10015, 50, 518, '', 0),
	(10016, 52, 518, '444', 0),
	(10017, 55, 518, '', 0),
	(10018, 29, 519, 'Doanh nghiệp giày da Cao Sang', 0),
	(10019, 31, 519, '0937780681', 0),
	(10020, 30, 519, '41 Thích Minh Nguyệt,P.2, Q. Tân Bình, TPHCM', 0),
	(10021, 32, 519, '', 0),
	(10022, 33, 519, '', 0),
	(10023, 34, 519, 'chị Quế', 0),
	(10024, 36, 519, '23', 0),
	(10025, 38, 519, '36', 0),
	(10026, 39, 519, '', 0),
	(10027, 40, 519, '0937780681', 0),
	(10028, 117, 519, '551', 0),
	(10029, 41, 519, '338', 0),
	(10030, 46, 519, '414', 0),
	(10031, 45, 519, '403', 0),
	(10032, 50, 519, 'Dán, bôi keo', 0),
	(10033, 52, 519, '444', 0),
	(10034, 55, 519, '', 0),
	(10035, 29, 520, 'The Colour World', 0),
	(10036, 31, 520, '0936948324', 0),
	(10037, 30, 520, '34/4 Trần Khánh Dư, P. Tân Định, Q.1, TPHCM', 0),
	(10038, 32, 520, '', 0),
	(10039, 33, 520, '', 0),
	(10040, 34, 520, 'chị Quyên', 0),
	(10041, 36, 520, '22', 0),
	(10042, 38, 520, '65', 0),
	(10043, 39, 520, '', 0),
	(10044, 40, 520, '', 0),
	(10045, 117, 520, '551', 0),
	(10046, 46, 520, '414', 0),
	(10047, 45, 520, '403', 0),
	(10048, 50, 520, '', 0),
	(10049, 52, 520, '444', 0),
	(10050, 53, 520, '446', 0),
	(10051, 55, 520, '', 0),
	(10052, 29, 521, 'Cơ sở may', 0),
	(10053, 31, 521, '0918225230', 0),
	(10054, 30, 521, '305/16 Trường Chinh, P.14, Q.Tân Bình, TPHCM', 0),
	(10055, 32, 521, '', 0),
	(10056, 33, 521, '', 0),
	(10057, 34, 521, 'chị Hà', 0),
	(10058, 36, 521, '22', 0),
	(10059, 38, 521, '65', 0),
	(10060, 39, 521, '', 0),
	(10061, 40, 521, '', 0),
	(10062, 117, 521, '551', 0),
	(10063, 46, 521, '414', 0),
	(10064, 45, 521, '403', 0),
	(10065, 50, 521, '', 0),
	(10066, 52, 521, '444', 0),
	(10067, 55, 521, '', 0),
	(10068, 29, 522, 'Quán cà phê', 0),
	(10069, 31, 522, '0903745385', 0),
	(10070, 30, 522, '384/1 Nam Kỳ Khởi Nghĩa,P.8, Q.3, TPHCM', 0),
	(10071, 32, 522, '', 0),
	(10072, 33, 522, '', 0),
	(10073, 34, 522, 'Hoàng Lan', 0),
	(10074, 36, 522, '22', 0),
	(10075, 38, 522, '54', 0),
	(10076, 39, 522, '', 0),
	(10077, 40, 522, '0903745385', 0),
	(10078, 117, 522, '551', 0),
	(10079, 46, 522, '414', 0),
	(10080, 45, 522, '403', 0),
	(10081, 50, 522, '', 0),
	(10082, 52, 522, '444', 0),
	(10083, 55, 522, '', 0),
	(10084, 29, 523, 'May Minh Châu', 0),
	(10085, 31, 523, '37157890', 0),
	(10086, 30, 523, 'Cụm Công nghiệp Nhị Xuân, xã Xuân Thới Sơn, huyện Hóc Môn, TPHCM', 0),
	(10087, 32, 523, '', 0),
	(10088, 33, 523, '', 0),
	(10089, 34, 523, 'chị Diễm', 0),
	(10090, 36, 523, '23', 0),
	(10091, 38, 523, '65', 0),
	(10092, 39, 523, '', 0),
	(10093, 40, 523, '37157890', 0),
	(10094, 117, 523, '552', 0),
	(10095, 46, 523, '414', 0),
	(10096, 45, 523, '403', 0),
	(10097, 50, 523, 'Phụ may', 0),
	(10098, 52, 523, '444', 0),
	(10099, 53, 523, '446', 0),
	(10100, 55, 523, '', 0),
	(10101, 112, 524, 'Đỗ Thị Báu', 0),
	(10102, 108, 524, '458', 0),
	(10103, 110, 524, '1990', 0),
	(10104, 109, 524, '460', 0),
	(10105, 105, 524, '', 0),
	(10106, 104, 524, '', 0),
	(10107, 103, 524, '', 0),
	(10108, 107, 524, 'Mỹ Đức, Hà Nội', 0),
	(10109, 106, 524, 'Mỹ Đức, Hà Nội', 0),
	(10110, 116, 524, '549', 0),
	(10111, 102, 524, '10/3/2011', 0),
	(10112, 19, 524, '75', 0),
	(10113, 82, 524, '153', 0),
	(10114, 92, 524, '', 0),
	(10115, 83, 524, '160', 0),
	(10116, 90, 524, '', 0),
	(10117, 91, 524, '', 0),
	(10118, 86, 524, '219', 0),
	(10119, 85, 524, '210', 0),
	(10120, 85, 524, '493', 0),
	(10121, 93, 524, '276', 0),
	(10122, 114, 524, '', 0),
	(10123, 119, 524, '', 0),
	(10124, 112, 525, 'Phạm Thị Thôi', 0),
	(10125, 108, 525, '458', 0),
	(10126, 110, 525, '1990', 0),
	(10127, 109, 525, '460', 0),
	(10128, 105, 525, '01642419190', 0),
	(10129, 104, 525, '', 0),
	(10130, 103, 525, '', 0),
	(10131, 107, 525, 'Đại Cường, Đại Lộc, Quảng Nam', 0),
	(10132, 106, 525, 'Đại Cường, Đại Lộc, Quảng Nam', 0),
	(10133, 116, 525, '549', 0),
	(10134, 102, 525, '10/3/2011', 0),
	(10135, 19, 525, '73', 1),
	(10136, 19, 525, '75', 1),
	(10137, 20, 525, '114', 0),
	(10138, 82, 525, '151', 0),
	(10139, 92, 525, '', 0),
	(10140, 83, 525, '160', 0),
	(10141, 90, 525, '', 0),
	(10142, 91, 525, '', 0),
	(10143, 86, 525, '219', 0),
	(10144, 85, 525, '217', 0),
	(10145, 93, 525, '273', 0),
	(10146, 114, 525, '', 0),
	(10147, 119, 525, '', 0),
	(10148, 112, 526, 'Lê Thị Thơm', 0),
	(10149, 108, 526, '458', 0),
	(10150, 110, 526, '1992', 0),
	(10151, 109, 526, '459', 0),
	(10152, 105, 526, '01668271446', 0),
	(10153, 104, 526, '', 0),
	(10154, 103, 526, '', 0),
	(10155, 107, 526, 'Vĩnh Phúc', 0),
	(10156, 106, 526, 'Vĩnh Phúc', 0),
	(10157, 116, 526, '549', 0),
	(10158, 102, 526, '10/3/2011', 0),
	(10159, 19, 526, '75', 0),
	(10160, 20, 526, '123', 0),
	(10161, 82, 526, '151', 0),
	(10162, 92, 526, '', 0),
	(10163, 83, 526, '160', 0),
	(10164, 90, 526, '', 0),
	(10165, 91, 526, '', 0),
	(10166, 86, 526, '219', 0),
	(10167, 114, 526, 'Sửa chữa điện tử', 0),
	(10168, 119, 526, '', 0),
	(10169, 112, 527, 'Vũ Hùng Cường', 0),
	(10170, 108, 527, '457', 0),
	(10171, 110, 527, '1980', 0),
	(10172, 109, 527, '461', 0),
	(10173, 105, 527, '01678108969', 0),
	(10174, 104, 527, '', 0),
	(10175, 103, 527, 'vuhungcuong165@gmail.com', 0),
	(10176, 107, 527, 'Tổ 3, khu 6, P. Hà Thu, TP. Hạ Long, Quảng Ninh', 0),
	(10177, 106, 527, '25C, Bắc Hải, P.15, Q.10, TPHCM', 0),
	(10178, 116, 527, '549', 0),
	(10179, 102, 527, '13/3/2011', 0),
	(10180, 19, 527, '73', 1),
	(10181, 20, 527, '114', 0),
	(10182, 82, 527, '151', 0),
	(10183, 92, 527, '', 0),
	(10184, 83, 527, '160', 0),
	(10185, 90, 527, '', 0),
	(10186, 91, 527, '', 0),
	(10187, 86, 527, '219', 0),
	(10188, 88, 527, '297', 0),
	(10189, 88, 527, '298', 0),
	(10190, 93, 527, '501', 0),
	(10191, 114, 527, '', 0),
	(10192, 119, 527, '', 0),
	(10193, 112, 528, 'Hoàng Văn Hùng', 0),
	(10194, 108, 528, '457', 0),
	(10195, 110, 528, '1989', 0),
	(10196, 109, 528, '460', 0),
	(10197, 105, 528, '0987788844', 0),
	(10198, 104, 528, '', 0),
	(10199, 103, 528, 'starngugas44@gmail.com', 0),
	(10200, 107, 528, '41/6 Quang Trung, Q. Gò Vấp, TPHCM', 0),
	(10201, 106, 528, '41/6 Quang Trung, Q. Gò Vấp, TPHCM', 0),
	(10202, 116, 528, '549', 0),
	(10203, 102, 528, '14/3/2011', 0),
	(10204, 19, 528, '74', 0),
	(10205, 82, 528, '150', 0),
	(10206, 92, 528, '', 0),
	(10207, 83, 528, '160', 0),
	(10208, 90, 528, '', 0),
	(10209, 91, 528, '', 0),
	(10210, 86, 528, '219', 0),
	(10211, 88, 528, '297', 0),
	(10212, 88, 528, '298', 0),
	(10213, 85, 528, '194', 0),
	(10214, 114, 528, '', 0),
	(10215, 119, 528, '', 0),
	(10216, 112, 529, 'Tô Quang Đạo', 0),
	(10217, 108, 529, '457', 0),
	(10218, 110, 529, '1988', 0),
	(10219, 109, 529, '460', 0),
	(10220, 105, 529, '01268712878', 0),
	(10221, 104, 529, '', 0),
	(10222, 103, 529, 'lonely_young88@yahoo.com', 0),
	(10223, 107, 529, '130/6 Điện Biên Phủ, P.17, Q. Bình Thạnh, TPHCM', 0),
	(10224, 106, 529, '130/6 Điện Biên Phủ, P.17, Q. Bình Thạnh, TPHCM', 0),
	(10225, 116, 529, '549', 0),
	(10226, 102, 529, '17/3/2011', 0),
	(10227, 82, 529, '151', 0),
	(10228, 92, 529, '', 0),
	(10229, 83, 529, '160', 0),
	(10230, 90, 529, '', 0),
	(10231, 91, 529, '', 0),
	(10232, 86, 529, '219', 0),
	(10233, 85, 529, '540', 0),
	(10234, 93, 529, '544', 0),
	(10235, 114, 529, '', 0),
	(10236, 119, 529, '', 0),
	(10237, 112, 530, 'Phạm Thị Vy', 0),
	(10238, 108, 530, '458', 0),
	(10239, 110, 530, '1983', 0),
	(10240, 109, 530, '460', 0),
	(10241, 105, 530, '0974080074', 0),
	(10242, 104, 530, '', 0),
	(10243, 103, 530, 'buctuonghoa1901@yahoo.com', 0),
	(10244, 107, 530, '6/1 tổ 8, Khu phố 11, P. An Bình, Biên Hòa', 0),
	(10245, 106, 530, '6/1 tổ 8, Khu phố 11, P. An Bình, Biên Hòa', 0),
	(10246, 116, 530, '549', 0),
	(10247, 102, 530, '17/3/2011', 0),
	(10248, 19, 530, '75', 0),
	(10249, 82, 530, '151', 0),
	(10250, 92, 530, '', 0),
	(10251, 83, 530, '160', 0),
	(10252, 90, 530, '', 0),
	(10253, 91, 530, '', 0),
	(10254, 86, 530, '219', 0),
	(10255, 88, 530, '297', 0),
	(10256, 88, 530, '298', 0),
	(10257, 88, 530, '299', 0),
	(10258, 85, 530, '493', 0),
	(10259, 85, 530, '542', 0),
	(10260, 93, 530, '287', 0),
	(10261, 114, 530, '', 0),
	(10262, 119, 530, '', 0),
	(10263, 112, 531, 'Lê Nguyễn Thanh Tùng', 0),
	(10264, 108, 531, '457', 0),
	(10265, 110, 531, '1987', 0),
	(10266, 109, 531, '460', 0),
	(10267, 105, 531, '0932026408', 0),
	(10268, 104, 531, '', 0),
	(10269, 103, 531, 'skyraider279@gmail.com', 0),
	(10270, 107, 531, '50/6/12 Nguyễn Đình Chiểu, P.3, Q.Phú Nhuận, TPHCM', 0),
	(10271, 106, 531, '50/6/12 Nguyễn Đình Chiểu, P.3, Q.Phú Nhuận, TPHCM', 0),
	(10272, 116, 531, '549', 0),
	(10273, 102, 531, '17/3/2011', 0),
	(10274, 82, 531, '154', 0),
	(10275, 92, 531, 'Công nghệ thông tin', 0),
	(10276, 83, 531, '165', 0),
	(10277, 90, 531, 'Đại học Hoa Sen', 0),
	(10278, 91, 531, '2009', 0),
	(10279, 86, 531, '219', 0),
	(10280, 88, 531, '296', 1),
	(10281, 88, 531, '297', 1),
	(10282, 88, 531, '298', 1),
	(10283, 88, 531, '299', 1),
	(10284, 88, 531, '300', 1),
	(10285, 88, 531, '301', 1),
	(10286, 88, 531, '311', 1),
	(10287, 88, 531, '313', 1),
	(10288, 85, 531, '208', 0),
	(10289, 93, 531, '285', 0),
	(10290, 93, 531, '520', 0),
	(10291, 114, 531, '', 0),
	(10292, 119, 531, '', 0),
	(10293, 121, 532, 'fsdfds', 0),
	(10294, 122, 532, 'fdsfsfs', 0),
	(10295, 127, 532, '558', 0),
	(10296, 127, 532, '559', 0),
	(10297, 127, 532, '561', 0),
	(10298, 121, 533, 'dadadada', 0),
	(10299, 122, 533, 'dasdadads', 0),
	(10300, 127, 533, '558', 0),
	(10301, 127, 533, '559', 0),
	(10302, 127, 533, '560', 0),
	(10303, 121, 534, 'eeee', 0),
	(10304, 122, 534, 'eeeee', 0),
	(10305, 127, 534, '558;559;561', 0),
	(10306, 121, 535, 'hgfhf', 0),
	(10307, 122, 535, 'gfhfhf', 0),
	(10308, 127, 535, '558;559;560;561', 0),
	(10309, 121, 536, '111111111', 0),
	(10310, 122, 536, '111111111', 0),
	(10311, 127, 536, '558;559;560;566', 0),
	(10330, 129, 538, '588', 0);
/*!40000 ALTER TABLE `fieldvalues` ENABLE KEYS */;


-- Dumping structure for table drd_databases.field_form
DROP TABLE IF EXISTS `field_form`;
CREATE TABLE IF NOT EXISTS `field_form` (
  `FieldID` int(10) unsigned NOT NULL,
  `FormID` int(10) unsigned NOT NULL,
  `OrderInForm` int(10) unsigned NOT NULL DEFAULT '0',
  PRIMARY KEY (`FieldID`,`FormID`),
  KEY `FK_ASSOCIATION_5` (`FormID`)
) ENGINE=MyISAM DEFAULT CHARSET=utf8 COLLATE=utf8_unicode_ci;

-- Dumping data for table drd_databases.field_form: 85 rows
DELETE FROM `field_form`;
/*!40000 ALTER TABLE `field_form` DISABLE KEYS */;
INSERT INTO `field_form` (`FieldID`, `FormID`, `OrderInForm`) VALUES
	(110, 1, 2),
	(109, 1, 3),
	(108, 1, 1),
	(107, 1, 7),
	(79, 6, 0),
	(106, 1, 8),
	(105, 1, 4),
	(80, 6, 0),
	(19, 2, 0),
	(20, 2, 0),
	(21, 2, 0),
	(22, 2, 0),
	(29, 9, 0),
	(30, 9, 2),
	(31, 9, 1),
	(32, 9, 3),
	(33, 9, 4),
	(34, 9, 5),
	(36, 9, 6),
	(38, 9, 7),
	(39, 9, 8),
	(40, 9, 9),
	(41, 10, 0),
	(42, 10, 0),
	(44, 10, 0),
	(45, 11, 0),
	(46, 11, 0),
	(50, 11, 0),
	(51, 12, 0),
	(52, 12, 0),
	(53, 12, 0),
	(54, 12, 0),
	(55, 13, 0),
	(56, 14, 0),
	(57, 14, 0),
	(58, 14, 0),
	(59, 14, 0),
	(60, 15, 0),
	(61, 15, 0),
	(62, 15, 0),
	(63, 15, 0),
	(64, 16, 0),
	(65, 16, 0),
	(66, 16, 0),
	(67, 16, 0),
	(68, 17, 0),
	(69, 17, 0),
	(71, 17, 0),
	(74, 17, 0),
	(73, 17, 0),
	(75, 17, 0),
	(76, 18, 0),
	(77, 18, 0),
	(77, 0, 0),
	(78, 19, 0),
	(18, 0, 0),
	(78, 0, 0),
	(81, 6, 0),
	(82, 3, 0),
	(83, 3, 0),
	(84, 4, 1),
	(86, 4, 2),
	(93, 5, 2),
	(88, 4, 4),
	(94, 4, 3),
	(90, 3, 0),
	(91, 3, 0),
	(92, 3, 0),
	(104, 1, 5),
	(103, 1, 6),
	(102, 1, 10),
	(112, 1, 0),
	(113, 2, 0),
	(114, 4, 0),
	(115, 6, 0),
	(116, 1, 9),
	(117, 9, 10),
	(118, 19, 1),
	(121, 21, 0),
	(122, 21, 1),
	(126, 2, 0),
	(127, 21, 2),
	(128, 5, 0),
	(85, 5, 1),
	(129, 22, 0);
/*!40000 ALTER TABLE `field_form` ENABLE KEYS */;


-- Dumping structure for table drd_databases.forms
DROP TABLE IF EXISTS `forms`;
CREATE TABLE IF NOT EXISTS `forms` (
  `FormID` int(10) unsigned NOT NULL AUTO_INCREMENT,
  `FormName` varchar(255) COLLATE utf8_unicode_ci NOT NULL,
  `Description` text COLLATE utf8_unicode_ci,
  PRIMARY KEY (`FormID`)
) ENGINE=MyISAM AUTO_INCREMENT=23 DEFAULT CHARSET=utf8 COLLATE=utf8_unicode_ci;

-- Dumping data for table drd_databases.forms: 22 rows
DELETE FROM `forms`;
/*!40000 ALTER TABLE `forms` DISABLE KEYS */;
INSERT INTO `forms` (`FormID`, `FormName`, `Description`) VALUES
	(1, 'Thông tin cá nhân người tìm việc', 'for Job Seeker'),
	(2, 'Thông tin khuyết tật người tìm việc', 'for Job Seeker'),
	(3, 'Trình độ học vấn/ Ngành nghề chuyên môn', 'for Job Seeker'),
	(4, 'Các kĩ năng và sở thích cá nhân', 'for Job Seeker'),
	(5, 'Thông tin công việc', 'for Job Seeker'),
	(6, '3 tháng theo dõi', 'for Job Seeker'),
	(7, '6 tháng theo dõi', 'for Job Seeker'),
	(8, '12  tháng theo dõi', 'for Job Seeker'),
	(9, 'Thông tin nhà tuyển dụng', 'for Employer'),
	(10, 'Reasonable Accomodation', 'for Employer'),
	(11, 'Yêu cầu về trình độ', 'for Employer'),
	(12, 'Yêu cầu về kĩ năng, khả năng DRD hỗ trợ', 'for Employer'),
	(13, 'Thông tin về việc làm', 'for Employer'),
	(14, '3 tháng theo dõi', 'for Employer'),
	(15, '6  tháng theo dõi', 'for Employer'),
	(16, '12  tháng theo dõi', 'for Employer'),
	(17, 'Thông tin phản hồi từ nhà tuyển dụng', 'for Employer'),
	(18, 'Thông tin cá nhân', ''),
	(19, 'Chi tiết thông tin công việc (Job Details)', ''),
	(20, 'Nguoi tim viec', 'jjkjk'),
	(21, 'Store Details', ''),
	(22, 'Câu hỏi tổng quát', '');
/*!40000 ALTER TABLE `forms` ENABLE KEYS */;


-- Dumping structure for table drd_databases.form_process
DROP TABLE IF EXISTS `form_process`;
CREATE TABLE IF NOT EXISTS `form_process` (
  `FormID` int(10) unsigned NOT NULL,
  `ProcessID` int(10) unsigned NOT NULL,
  PRIMARY KEY (`FormID`,`ProcessID`)
) ENGINE=MyISAM DEFAULT CHARSET=utf8 COLLATE=utf8_unicode_ci;

-- Dumping data for table drd_databases.form_process: 22 rows
DELETE FROM `form_process`;
/*!40000 ALTER TABLE `form_process` DISABLE KEYS */;
INSERT INTO `form_process` (`FormID`, `ProcessID`) VALUES
	(1, 1),
	(2, 2),
	(3, 2),
	(4, 2),
	(5, 2),
	(6, 3),
	(7, 3),
	(8, 3),
	(9, 4),
	(10, 5),
	(11, 5),
	(12, 5),
	(13, 5),
	(14, 6),
	(15, 6),
	(16, 6),
	(17, 6),
	(18, 8),
	(19, 9),
	(20, 2),
	(21, 10),
	(22, 11);
/*!40000 ALTER TABLE `form_process` ENABLE KEYS */;


-- Dumping structure for table drd_databases.groups
DROP TABLE IF EXISTS `groups`;
CREATE TABLE IF NOT EXISTS `groups` (
  `id` tinyint(3) unsigned NOT NULL AUTO_INCREMENT,
  `name` varchar(20) CHARACTER SET utf8 NOT NULL,
  `description` varchar(100) CHARACTER SET utf8 NOT NULL,
  PRIMARY KEY (`id`)
) ENGINE=MyISAM AUTO_INCREMENT=4 DEFAULT CHARSET=utf8 COLLATE=utf8_unicode_ci;

-- Dumping data for table drd_databases.groups: 3 rows
DELETE FROM `groups`;
/*!40000 ALTER TABLE `groups` DISABLE KEYS */;
INSERT INTO `groups` (`id`, `name`, `description`) VALUES
	(1, 'admin', 'Administrator'),
	(2, 'operator', 'Operator'),
	(3, 'user', 'User');
/*!40000 ALTER TABLE `groups` ENABLE KEYS */;


-- Dumping structure for table drd_databases.language
DROP TABLE IF EXISTS `language`;
CREATE TABLE IF NOT EXISTS `language` (
  `LanguageID` bigint(20) unsigned NOT NULL AUTO_INCREMENT,
  `TableName` varchar(50) COLLATE utf8_unicode_ci NOT NULL,
  `TableKey` bigint(20) unsigned NOT NULL,
  `Meaning` text COLLATE utf8_unicode_ci NOT NULL,
  PRIMARY KEY (`LanguageID`)
) ENGINE=MyISAM DEFAULT CHARSET=utf8 COLLATE=utf8_unicode_ci;

-- Dumping data for table drd_databases.language: 0 rows
DELETE FROM `language`;
/*!40000 ALTER TABLE `language` DISABLE KEYS */;
/*!40000 ALTER TABLE `language` ENABLE KEYS */;


-- Dumping structure for table drd_databases.matched_class_structure
DROP TABLE IF EXISTS `matched_class_structure`;
CREATE TABLE IF NOT EXISTS `matched_class_structure` (
  `BaseClassID` int(10) unsigned NOT NULL,
  `MatchedClassID` int(10) unsigned NOT NULL,
  `MatchedStructure` text COLLATE utf8_unicode_ci NOT NULL,
  PRIMARY KEY (`BaseClassID`,`MatchedClassID`)
) ENGINE=MyISAM DEFAULT CHARSET=utf8 COLLATE=utf8_unicode_ci;

-- Dumping data for table drd_databases.matched_class_structure: 2 rows
DELETE FROM `matched_class_structure`;
/*!40000 ALTER TABLE `matched_class_structure` DISABLE KEYS */;
INSERT INTO `matched_class_structure` (`BaseClassID`, `MatchedClassID`, `MatchedStructure`) VALUES
	(1, 2, '{"92":"50","19":"41","22":"44"}'),
	(2, 1, '{"45":"82","50":"92"}');
/*!40000 ALTER TABLE `matched_class_structure` ENABLE KEYS */;


-- Dumping structure for table drd_databases.meta
DROP TABLE IF EXISTS `meta`;
CREATE TABLE IF NOT EXISTS `meta` (
  `id` mediumint(8) unsigned NOT NULL AUTO_INCREMENT,
  `user_id` bigint(20) unsigned NOT NULL,
  `first_name` varchar(50) COLLATE utf8_unicode_ci NOT NULL,
  `last_name` varchar(50) COLLATE utf8_unicode_ci NOT NULL,
  `ext_info` text COLLATE utf8_unicode_ci,
  PRIMARY KEY (`id`)
) ENGINE=MyISAM AUTO_INCREMENT=9 DEFAULT CHARSET=utf8 COLLATE=utf8_unicode_ci;

-- Dumping data for table drd_databases.meta: 8 rows
DELETE FROM `meta`;
/*!40000 ALTER TABLE `meta` DISABLE KEYS */;
INSERT INTO `meta` (`id`, `user_id`, `first_name`, `last_name`, `ext_info`) VALUES
	(1, 2, 'Trieu', 'Nguyen tan', NULL),
	(2, 3, 'Trieu', 'Nguyen', '{"smtp_account":{"smtp_user":"tantrieuf31.database@gmail.com","smtp_pass":"Mycatisfat@31"}}'),
	(3, 5, 'Huynh Ngoc', 'Bich', NULL),
	(4, 6, 'thanhtung', '', NULL),
	(5, 7, 'nguyenhunganh7981', '', NULL),
	(6, 8, 'caroline', '', NULL),
	(7, 9, 'Tester', '', NULL),
	(8, 10, 'Bich', 'Huynh Ngoc', NULL);
/*!40000 ALTER TABLE `meta` ENABLE KEYS */;


-- Dumping structure for table drd_databases.oauth_sessions
DROP TABLE IF EXISTS `oauth_sessions`;
CREATE TABLE IF NOT EXISTS `oauth_sessions` (
  `id` int(11) unsigned NOT NULL AUTO_INCREMENT,
  `client_id` varchar(32) NOT NULL DEFAULT '',
  `redirect_uri` varchar(250) NOT NULL DEFAULT '',
  `type_id` varchar(64) DEFAULT NULL,
  `type` enum('user','auto') NOT NULL DEFAULT 'user',
  `code` text,
  `access_token` varchar(50) DEFAULT '',
  `stage` enum('request','granted') NOT NULL DEFAULT 'request',
  `first_requested` int(10) unsigned NOT NULL,
  `last_updated` int(10) unsigned NOT NULL,
  `limited_access` tinyint(1) NOT NULL DEFAULT '0' COMMENT 'Used for user agent flows',
  PRIMARY KEY (`id`),
  KEY `client_id` (`client_id`),
  CONSTRAINT `oauth_sessions_ibfk_1` FOREIGN KEY (`client_id`) REFERENCES `applications` (`client_id`) ON DELETE CASCADE
) ENGINE=InnoDB AUTO_INCREMENT=3 DEFAULT CHARSET=utf8;

-- Dumping data for table drd_databases.oauth_sessions: ~1 rows (approximately)
DELETE FROM `oauth_sessions`;
/*!40000 ALTER TABLE `oauth_sessions` DISABLE KEYS */;
INSERT INTO `oauth_sessions` (`id`, `client_id`, `redirect_uri`, `type_id`, `type`, `code`, `access_token`, `stage`, `first_requested`, `last_updated`, `limited_access`) VALUES
	(2, 'hello-i2tree', 'http://localhost/i2tree/index.php/unit-tests/', '1000', 'user', NULL, '3916f65b0af4687b30da58048815fab67416a874', 'granted', 1333475921, 1333478728, 0);
/*!40000 ALTER TABLE `oauth_sessions` ENABLE KEYS */;


-- Dumping structure for table drd_databases.oauth_session_scopes
DROP TABLE IF EXISTS `oauth_session_scopes`;
CREATE TABLE IF NOT EXISTS `oauth_session_scopes` (
  `id` int(11) unsigned NOT NULL AUTO_INCREMENT,
  `session_id` int(11) unsigned NOT NULL,
  `access_token` varchar(50) NOT NULL DEFAULT '',
  `scope` varchar(64) NOT NULL DEFAULT '',
  PRIMARY KEY (`id`),
  KEY `session_id` (`session_id`),
  KEY `scope` (`scope`),
  KEY `access_token` (`access_token`),
  CONSTRAINT `oauth_session_scopes_ibfk_1` FOREIGN KEY (`scope`) REFERENCES `scopes` (`scope`),
  CONSTRAINT `oauth_session_scopes_ibfk_2` FOREIGN KEY (`session_id`) REFERENCES `oauth_sessions` (`id`) ON DELETE CASCADE
) ENGINE=InnoDB AUTO_INCREMENT=3 DEFAULT CHARSET=utf8;

-- Dumping data for table drd_databases.oauth_session_scopes: ~1 rows (approximately)
DELETE FROM `oauth_session_scopes`;
/*!40000 ALTER TABLE `oauth_session_scopes` DISABLE KEYS */;
INSERT INTO `oauth_session_scopes` (`id`, `session_id`, `access_token`, `scope`) VALUES
	(2, 2, '3916f65b0af4687b30da58048815fab67416a874', 'user.details');
/*!40000 ALTER TABLE `oauth_session_scopes` ENABLE KEYS */;


-- Dumping structure for table drd_databases.objectclass
DROP TABLE IF EXISTS `objectclass`;
CREATE TABLE IF NOT EXISTS `objectclass` (
  `ObjectClassID` int(10) unsigned NOT NULL AUTO_INCREMENT,
  `AccessDataURI` varchar(100) COLLATE utf8_unicode_ci NOT NULL,
  `ObjectClassName` varchar(500) COLLATE utf8_unicode_ci NOT NULL,
  `Description` text COLLATE utf8_unicode_ci,
  PRIMARY KEY (`ObjectClassID`),
  UNIQUE KEY `AccessDataURI` (`AccessDataURI`)
) ENGINE=MyISAM AUTO_INCREMENT=7 DEFAULT CHARSET=utf8 COLLATE=utf8_unicode_ci;

-- Dumping data for table drd_databases.objectclass: 6 rows
DELETE FROM `objectclass`;
/*!40000 ALTER TABLE `objectclass` DISABLE KEYS */;
INSERT INTO `objectclass` (`ObjectClassID`, `AccessDataURI`, `ObjectClassName`, `Description`) VALUES
	(1, 'job_seekers', 'Người tìm việc / Job seekers', ''),
	(2, 'employers', 'Employers / Nhà tuyển dụng', ''),
	(3, '', 'Job Coaches', 'Người hỗ trợ cho người tìm việc'),
	(4, 'jobs', 'Job / Công việc', 'Đối tượng công việc. Bao gồm các thông tin về công việc.\n(this object contains all attributes of a job )'),
	(5, 'stores', 'Store', 'business store'),
	(6, 'hoc-sinh-sinh-vien', 'Học sinh - sinh viên', 'database ');
/*!40000 ALTER TABLE `objectclass` ENABLE KEYS */;


-- Dumping structure for table drd_databases.objecthtmlcaches
DROP TABLE IF EXISTS `objecthtmlcaches`;
CREATE TABLE IF NOT EXISTS `objecthtmlcaches` (
  `cacheID` bigint(20) unsigned NOT NULL AUTO_INCREMENT,
  `objectClass` varchar(30) CHARACTER SET utf8 NOT NULL DEFAULT '',
  `objectPK` bigint(20) unsigned NOT NULL DEFAULT '0',
  `cacheContent` text COLLATE utf8_unicode_ci NOT NULL,
  `javascriptContent` text COLLATE utf8_unicode_ci NOT NULL,
  PRIMARY KEY (`cacheID`)
) ENGINE=MyISAM AUTO_INCREMENT=21 DEFAULT CHARSET=utf8 COLLATE=utf8_unicode_ci;

-- Dumping data for table drd_databases.objecthtmlcaches: 19 rows
DELETE FROM `objecthtmlcaches`;
/*!40000 ALTER TABLE `objecthtmlcaches` DISABLE KEYS */;
INSERT INTO `objecthtmlcaches` (`cacheID`, `objectClass`, `objectPK`, `cacheContent`, `javascriptContent`) VALUES
	(2, 'form_', 1, '<div style="position: relative; "><div id="wrapper_field_112" class="textinput_wrapper"><label for="field_112" class="vietnamese_english" style="">Họ và Tên / Fullname</label>&lt;input type="text" name="field_112" value="" id="field_112" size="50" class="searchable  validate[required,length[0,50]]"&gt;&lt;/div></div><div style="position: relative; "><div id="wrapper_field_108">\n    <label for="field_108" class="vietnamese_english">Giới tính / Gender</label>\n    <select id="field_108" name="field_108" class="searchable  validate[required]">\n                <option value="457" class="vietnamese_english">Nam</option>\n                <option value="458" class="vietnamese_english">Nữ</option>\n            </select>\n</div></div><div style="top: 0px; left: 0px; width: 757px; height: 40px; "><div id="wrapper_field_110" class="datapicker_wrapper">\n    <label for="field_110" class="vietnamese_english">Ngày sinh / Date of birth:</label>\n    &lt;input id="field_110" name="field_110" type="text" value="" class="searchable  validate[required]" size="10"&gt;\n    &lt;!--SCRIPT\n        var field_110_init = function(){\n            var options = {autoSize: true , constrainInput: true };\n                        options.dateFormat = \'dd/mm/yy\';\n            options.changeYear = true;\n            options.yearRange = \'1950:2010\';\n            options.dayNamesMin = [\'CN\', \'T2\', \'T3\', \'T4\', \'T5\', \'T6\', \'T7\'];\n            options.monthNames = [\'Tháng 1,\',\'Tháng 2,\',\'Tháng 3,\',\'Tháng 4,\',\'Tháng 5,\',\'Tháng 6,\',\'Tháng 7,\',\'Tháng 8,\',\'Tháng 9,\',\'Tháng 10,\',\'Tháng 11,\',\'Tháng 12,\'];\n            options.nextText = \'Tháng kế tiếp\' ;\n            options.prevText = \'Tháng trước\' ;\n                        jQuery("#field_110").datepicker(options);\n        };\n        field_110_init();\n    --&gt;\n</div>\n</div><div style="top: 0px; left: 0px; width: 757px; height: 40px; "><div id="wrapper_field_109">\n    <label for="field_109" class="vietnamese_english">Tuổi / Age</label>\n    <select id="field_109" name="field_109" class="searchable">\n                <option value="459" class="vietnamese_english">10 - 20</option>\n                <option value="460" class="vietnamese_english">21 - 30</option>\n                <option value="461" class="vietnamese_english">31 - 40</option>\n                <option value="462" class="vietnamese_english">41 - 50</option>\n            </select>\n</div></div><div style="position: relative; "><div id="wrapper_field_105" class="textinput_wrapper"><label for="field_105" class="vietnamese_english" style="">Di động / Mobile</label>&lt;input type="text" name="field_105" value="" id="field_105" size="50" class="searchable"&gt;&lt;/div></div><div style="position: relative; "><div id="wrapper_field_104" class="textinput_wrapper"><label for="field_104" class="vietnamese_english" style="">Điện thoại / Phone</label>&lt;input type="text" name="field_104" value="" id="field_104" size="50" class="searchable"&gt;&lt;/div></div><div style="position: relative; "><div id="wrapper_field_103" class="textinput_wrapper"><label for="field_103" class="vietnamese_english" style="">Email</label>&lt;input type="text" name="field_103" value="" id="field_103" size="50" class="searchable email"&gt;&lt;/div></div><div><div id="wrapper_field_107" class="textarea_wrapper">\n    <label for="field_107" class="vietnamese_english">Địa chỉ thường trú</label>\n    &lt;textarea id="field_107" name="field_107" rows="4" cols="20" class="searchable"&gt;&lt;/textarea>\n</div></div><div><div id="wrapper_field_106" class="textarea_wrapper">\n    <label for="field_106" class="vietnamese_english">Địa chỉ liên lạc / Contact Address</label>\n    &lt;textarea id="field_106" name="field_106" rows="4" cols="20" class="searchable  validate[required,length[0,200]]"&gt;&lt;/textarea>\n</div></div><div><div id="wrapper_field_116">\n    <p class="vietnamese_english">Tình trang viec lam</p>\n            <div class="radiobutton_wrapper">\n            &lt;input type="radio" id="09NcCq1dwvsD" name="field_116" value="548" class="searchable"&gt;\n            <label for="09NcCq1dwvsD" class="vietnamese_english">Đã có việc làm</label>\n        </div>\n            <div class="radiobutton_wrapper">\n            &lt;input type="radio" id="oE5I1Azfgua3" name="field_116" value="549" class="searchable"&gt;\n            <label for="oE5I1Azfgua3" class="vietnamese_english">Chưa có việc làm</label>\n        </div>\n    </div></div><div style="position: relative; "><div id="wrapper_field_102" class="datapicker_wrapper">\n    <label for="field_102" class="vietnamese_english">Ngày đăng ký / Register Date:</label>\n    &lt;input id="field_102" name="field_102" type="text" value="" class="searchable  validate[required]" size="10"&gt;\n    &lt;!--SCRIPT\n        var field_102_init = function(){\n            var options = {autoSize: true , constrainInput: true };\n                        options.dateFormat = \'dd/mm/yy\';\n            options.changeYear = true;\n            options.yearRange = \'1950:2010\';\n            options.dayNamesMin = [\'CN\', \'T2\', \'T3\', \'T4\', \'T5\', \'T6\', \'T7\'];\n            options.monthNames = [\'Tháng 1,\',\'Tháng 2,\',\'Tháng 3,\',\'Tháng 4,\',\'Tháng 5,\',\'Tháng 6,\',\'Tháng 7,\',\'Tháng 8,\',\'Tháng 9,\',\'Tháng 10,\',\'Tháng 11,\',\'Tháng 12,\'];\n            options.nextText = \'Tháng kế tiếp\' ;\n            options.prevText = \'Tháng trước\' ;\n                        jQuery("#field_102").datepicker(options);\n        };\n        field_102_init();\n    --&gt;\n</div>\n</div>', 'var field_102_init = function(){\n            var options = {autoSize: true , constrainInput: true };\n                        options.dateFormat = \'dd/mm/yy\';\n            options.changeYear = true;\n            options.yearRange = \'1950:2010\';\n            options.dayNamesMin = [\'CN\', \'T2\', \'T3\', \'T4\', \'T5\', \'T6\', \'T7\'];\n            options.monthNames = [\'Tháng 1,\',\'Tháng 2,\',\'Tháng 3,\',\'Tháng 4,\',\'Tháng 5,\',\'Tháng 6,\',\'Tháng 7,\',\'Tháng 8,\',\'Tháng 9,\',\'Tháng 10,\',\'Tháng 11,\',\'Tháng 12,\'];\n            options.nextText = \'Tháng kế tiếp\' ;\n            options.prevText = \'Tháng trước\' ;\n                        jQuery("#field_102").datepicker(options);\n        };\n        field_102_init();'),
	(3, 'form_', 2, '<div style="position: relative; top: 0px; left: 0px;"><div>\n    <p class="vietnamese_english">Dạng tật / Disability</p>\n                &lt;input id="mkzhrng" name="field_19" value="73" type="checkbox"&gt;\n            <label for="mkzhrng" class="vietnamese_english">Khiếm thính / Hearing impairment</label>\n            <br>\n                &lt;input id="hoktsc" name="field_19" value="74" type="checkbox"&gt;\n            <label for="hoktsc" class="vietnamese_english">Khiếm thị / Vision impairment</label>\n            <br>\n                &lt;input id="qkqpqbvc" name="field_19" value="75" type="checkbox"&gt;\n            <label for="qkqpqbvc" class="vietnamese_english">Khuyết ật vận động / Physical disability</label>\n            <br>\n                &lt;input id="uqkbhrke" name="field_19" value="76" type="checkbox"&gt;\n            <label for="uqkbhrke" class="vietnamese_english">Tâm thần / Mental health</label>\n            <br>\n                &lt;input id="mluizrry" name="field_19" value="77" type="checkbox"&gt;\n            <label for="mluizrry" class="vietnamese_english">Khuyết tật  trí tuệ / Intellectual disability</label>\n            <br>\n                &lt;input id="lamhqiof" name="field_19" value="78" type="checkbox"&gt;\n            <label for="lamhqiof" class="vietnamese_english">Bệnh mãn tính / Long term health condition</label>\n            <br>\n                &lt;input id="fcyigzs" name="field_19" value="108" type="checkbox"&gt;\n            <label for="fcyigzs" class="vietnamese_english">Sứt môi, hở hàm ếch / Harelip</label>\n            <br>\n                &lt;input id="gnbkzwu" name="field_19" value="109" type="checkbox"&gt;\n            <label for="gnbkzwu" class="vietnamese_english">Bệnh lùn / Draft</label>\n            <br>\n                &lt;input id="uoswcuj" name="field_19" value="110" type="checkbox"&gt;\n            <label for="uoswcuj" class="vietnamese_english">Bệnh già trước tuổi /</label>\n            <br>\n                &lt;input id="szzzyg" name="field_19" value="111" type="checkbox"&gt;\n            <label for="szzzyg" class="vietnamese_english">Gù lưng / Hunch-backed</label>\n            <br>\n                &lt;input id="mpuvoo" name="field_19" value="112" type="checkbox"&gt;\n            <label for="mpuvoo" class="vietnamese_english">Xương thủy tinh / Crystal Bone</label>\n            <br>\n                &lt;input id="vlfyode" name="field_19" value="463" type="checkbox"&gt;\n            <label for="vlfyode" class="vietnamese_english">Hội chứng Down / Down Sydrome</label>\n            <br>\n                &lt;input id="hiddomjp" name="field_19" value="464" type="checkbox"&gt;\n            <label for="hiddomjp" class="vietnamese_english">Khác / Other</label>\n            <br>\n    </div></div><div style="position: relative; top: 0px; left: 0px;"><div>\n    <p class="vietnamese_english">Chi tiết dạng tật/Details of Disability</p>\n                &lt;input id="ojyyml" name="field_20" value="113" type="checkbox"&gt;\n            <label for="ojyyml" class="vietnamese_english">Điếc / Deaf</label>\n            <br>\n                &lt;input id="zgnblhrf" name="field_20" value="114" type="checkbox"&gt;\n            <label for="zgnblhrf" class="vietnamese_english">Nghe kém / Hard of hearing</label>\n            <br>\n                &lt;input id="lkvbta" name="field_20" value="115" type="checkbox"&gt;\n            <label for="lkvbta" class="vietnamese_english">Mới bị mất thính lực</label>\n            <br>\n                &lt;input id="motdlosw" name="field_20" value="116" type="checkbox"&gt;\n            <label for="motdlosw" class="vietnamese_english">Nói đuợc, không nghe được / Speaking without hearing</label>\n            <br>\n                &lt;input id="byltqqs" name="field_20" value="117" type="checkbox"&gt;\n            <label for="byltqqs" class="vietnamese_english">Nghe được, không nói được / Hearing without speaking</label>\n            <br>\n                &lt;input id="furvwo" name="field_20" value="118" type="checkbox"&gt;\n            <label for="furvwo" class="vietnamese_english">Mù / Blind</label>\n            <br>\n                &lt;input id="jqoskiw" name="field_20" value="119" type="checkbox"&gt;\n            <label for="jqoskiw" class="vietnamese_english">Lòa / Low vision</label>\n            <br>\n                &lt;input id="gslzzd" name="field_20" value="120" type="checkbox"&gt;\n            <label for="gslzzd" class="vietnamese_english">Thị trường hẹp / Restricted vision</label>\n            <br>\n                &lt;input id="dmyvgzmc" name="field_20" value="121" type="checkbox"&gt;\n            <label for="dmyvgzmc" class="vietnamese_english">Hỏng một mắt / blind in one eye</label>\n            <br>\n                &lt;input id="afzvcuo" name="field_20" value="122" type="checkbox"&gt;\n            <label for="afzvcuo" class="vietnamese_english">Liệt toàn thân / Total paralysis</label>\n            <br>\n                &lt;input id="vdphmmm" name="field_20" value="123" type="checkbox"&gt;\n            <label for="vdphmmm" class="vietnamese_english">Liệt nửa người / Partial paralysis</label>\n            <br>\n                &lt;input id="hoahjeto" name="field_20" value="124" type="checkbox"&gt;\n            <label for="hoahjeto" class="vietnamese_english">Cụt 2 chân / Amputation of 2 legs</label>\n            <br>\n                &lt;input id="rkygvggb" name="field_20" value="125" type="checkbox"&gt;\n            <label for="rkygvggb" class="vietnamese_english">Cụt 1 chân / Amputation of 1 leg</label>\n            <br>\n                &lt;input id="cmljghv" name="field_20" value="126" type="checkbox"&gt;\n            <label for="cmljghv" class="vietnamese_english">Cụt 2 bàn chân / Amputation of 2 feet</label>\n            <br>\n                &lt;input id="vkqljb" name="field_20" value="127" type="checkbox"&gt;\n            <label for="vkqljb" class="vietnamese_english">Cụt 1 bàn chân / Amputation of 1 foot</label>\n            <br>\n                &lt;input id="mpinjd" name="field_20" value="128" type="checkbox"&gt;\n            <label for="mpinjd" class="vietnamese_english">Cụt 2 cánh tay / Amputation of 2 arms</label>\n            <br>\n                &lt;input id="ixyqsnu" name="field_20" value="129" type="checkbox"&gt;\n            <label for="ixyqsnu" class="vietnamese_english">Cụt 1 cánh tay / Amputation of 1 arm</label>\n            <br>\n                &lt;input id="ahppwo" name="field_20" value="130" type="checkbox"&gt;\n            <label for="ahppwo" class="vietnamese_english">Cụt 2 bàn tay / Amputation of 2 hands</label>\n            <br>\n                &lt;input id="tcadelw" name="field_20" value="229" type="checkbox"&gt;\n            <label for="tcadelw" class="vietnamese_english">Cụt 1 bàn tay / Amputation of 1 hand</label>\n            <br>\n                &lt;input id="djxmyj" name="field_20" value="230" type="checkbox"&gt;\n            <label for="djxmyj" class="vietnamese_english">Cụt ngón chân / Amputation of toe</label>\n            <br>\n                &lt;input id="osacjsx" name="field_20" value="231" type="checkbox"&gt;\n            <label for="osacjsx" class="vietnamese_english">Cụt ngón tay / Amputation of finger</label>\n            <br>\n                &lt;input id="zaunpe" name="field_20" value="232" type="checkbox"&gt;\n            <label for="zaunpe" class="vietnamese_english">Liệt 2 chân / Paralysis of 2 legs</label>\n            <br>\n                &lt;input id="rweviuj" name="field_20" value="233" type="checkbox"&gt;\n            <label for="rweviuj" class="vietnamese_english">Liệt 1 chân / Paralysis of 1 leg</label>\n            <br>\n                &lt;input id="gvngjszl" name="field_20" value="234" type="checkbox"&gt;\n            <label for="gvngjszl" class="vietnamese_english">Liệt 2 tay / Paralysis of 2 arms</label>\n            <br>\n                &lt;input id="rlccgiwf" name="field_20" value="235" type="checkbox"&gt;\n            <label for="rlccgiwf" class="vietnamese_english">Liệt 1 tay / Paralysis of 1 arm</label>\n            <br>\n                &lt;input id="zuzevt" name="field_20" value="236" type="checkbox"&gt;\n            <label for="zuzevt" class="vietnamese_english">Khoèo (yếu) 1 chân </label>\n            <br>\n                &lt;input id="wrieig" name="field_20" value="237" type="checkbox"&gt;\n            <label for="wrieig" class="vietnamese_english">Khoèo (yếu) 1 tay</label>\n            <br>\n                &lt;input id="uaxnwz" name="field_20" value="238" type="checkbox"&gt;\n            <label for="uaxnwz" class="vietnamese_english">Khoèo cổ</label>\n            <br>\n                &lt;input id="wsvyeb" name="field_20" value="239" type="checkbox"&gt;\n            <label for="wsvyeb" class="vietnamese_english">Chấn thương đầu / Head injury</label>\n            <br>\n                &lt;input id="aqsusti" name="field_20" value="240" type="checkbox"&gt;\n            <label for="aqsusti" class="vietnamese_english">Mất trí / Memory loss</label>\n            <br>\n                &lt;input id="qimhjqpv" name="field_20" value="241" type="checkbox"&gt;\n            <label for="qimhjqpv" class="vietnamese_english">Trầm cảm / Depression</label>\n            <br>\n                &lt;input id="tzbkxir" name="field_20" value="242" type="checkbox"&gt;\n            <label for="tzbkxir" class="vietnamese_english">Suy nhược thần kinh / Mental asthenia</label>\n            <br>\n                &lt;input id="zmeuwmym" name="field_20" value="243" type="checkbox"&gt;\n            <label for="zmeuwmym" class="vietnamese_english">Hành vi lạ / Strange behavior</label>\n            <br>\n                &lt;input id="bfchee" name="field_20" value="244" type="checkbox"&gt;\n            <label for="bfchee" class="vietnamese_english">Hội chứng Down / Down Syndrome</label>\n            <br>\n                &lt;input id="qkihbo" name="field_20" value="245" type="checkbox"&gt;\n            <label for="qkihbo" class="vietnamese_english">Tự kỷ / Autism</label>\n            <br>\n                &lt;input id="eyznyb" name="field_20" value="246" type="checkbox"&gt;\n            <label for="eyznyb" class="vietnamese_english">Bại não / Cerebral palsy</label>\n            <br>\n                &lt;input id="ziaofwqk" name="field_20" value="247" type="checkbox"&gt;\n            <label for="ziaofwqk" class="vietnamese_english">Ung thư / Cancer</label>\n            <br>\n                &lt;input id="ysakcu" name="field_20" value="248" type="checkbox"&gt;\n            <label for="ysakcu" class="vietnamese_english">Bệnh phong/Leprosey</label>\n            <br>\n                &lt;input id="avocffju" name="field_20" value="249" type="checkbox"&gt;\n            <label for="avocffju" class="vietnamese_english">HIV / Aids</label>\n            <br>\n                &lt;input id="peutfk" name="field_20" value="250" type="checkbox"&gt;\n            <label for="peutfk" class="vietnamese_english">Parkinsons</label>\n            <br>\n                &lt;input id="nkuzksmu" name="field_20" value="251" type="checkbox"&gt;\n            <label for="nkuzksmu" class="vietnamese_english">Chứng mất trí / Memory loss</label>\n            <br>\n                &lt;input id="humqbbsi" name="field_20" value="534" type="checkbox"&gt;\n            <label for="humqbbsi" class="vietnamese_english">Có thể tự đi lại được</label>\n            <br>\n    </div></div><div><div>\n    <p class="vietnamese_english">Nguyên nhân gây khuyết tật / Cause of disability</p>\n                &lt;input id="zdayer" name="field_21" value="131" type="radio"&gt;\n            <label for="zdayer" class="vietnamese_english">Sốt bại liệt / Polio</label>\n            <br>\n                &lt;input id="ileitpla" name="field_21" value="132" type="radio"&gt;\n            <label for="ileitpla" class="vietnamese_english">Viêm màng não / Meningitis</label>\n            <br>\n                &lt;input id="bdlownk" name="field_21" value="133" type="radio"&gt;\n            <label for="bdlownk" class="vietnamese_english">Đột quỵ / Stroke</label>\n            <br>\n                &lt;input id="ggxswuov" name="field_21" value="134" type="radio"&gt;\n            <label for="ggxswuov" class="vietnamese_english">Lạm dụng thuốc / Overusing Medicine</label>\n            <br>\n                &lt;input id="oajzsr" name="field_21" value="135" type="radio"&gt;\n            <label for="oajzsr" class="vietnamese_english">Bẩm sinh / Congenital</label>\n            <br>\n                &lt;input id="wxgllggs" name="field_21" value="136" type="radio"&gt;\n            <label for="wxgllggs" class="vietnamese_english">Di truyền / Genetic</label>\n            <br>\n                &lt;input id="eaqpkw" name="field_21" value="137" type="radio"&gt;\n            <label for="eaqpkw" class="vietnamese_english">Sơ sẩy lúc sinh / Accident birth</label>\n            <br>\n                &lt;input id="ztwxxas" name="field_21" value="138" type="radio"&gt;\n            <label for="ztwxxas" class="vietnamese_english">Tai nạn nghề nghiệp / Accident work</label>\n            <br>\n                &lt;input id="bvwiqns" name="field_21" value="139" type="radio"&gt;\n            <label for="bvwiqns" class="vietnamese_english">Tai nạn giao thông / Accident traffic</label>\n            <br>\n                &lt;input id="nidypq" name="field_21" value="140" type="radio"&gt;\n            <label for="nidypq" class="vietnamese_english">Di chứng của bệnh phong / Sequela of Leprosey</label>\n            <br>\n                &lt;input id="jroignul" name="field_21" value="141" type="radio"&gt;\n            <label for="jroignul" class="vietnamese_english">Chất độc da cam / Dioxin</label>\n            <br>\n                &lt;input id="zhnwlj" name="field_21" value="142" type="radio"&gt;\n            <label for="zhnwlj" class="vietnamese_english">Chiến tranh / War</label>\n            <br>\n                &lt;input id="vfieow" name="field_21" value="143" type="radio"&gt;\n            <label for="vfieow" class="vietnamese_english">Chất độc hóa học / Chemical poison</label>\n            <br>\n                &lt;input id="tmuoss" name="field_21" value="144" type="radio"&gt;\n            <label for="tmuoss" class="vietnamese_english">Thiếu dinh dưỡng,Vitamin / Short of nutritive,Vitamin</label>\n            <br>\n                &lt;input id="wdpamo" name="field_21" value="145" type="radio"&gt;\n            <label for="wdpamo" class="vietnamese_english">Do bom mìn / Bomb</label>\n            <br>\n                &lt;input id="ppfriznr" name="field_21" value="146" type="radio"&gt;\n            <label for="ppfriznr" class="vietnamese_english">Không biết / Unknown</label>\n            <br>\n    </div></div><div><div>\n    <p class="vietnamese_english">Phương tiện hỗ trợ phù hợp / Reasonable Accomodation</p>\n                &lt;input id="xqxwduzx" name="field_22" value="19" type="checkbox"&gt;\n            <label for="xqxwduzx" class="vietnamese_english">Xe lăn / Wheelchair</label>\n            <br>\n                &lt;input id="mdsrarg" name="field_22" value="20" type="checkbox"&gt;\n            <label for="mdsrarg" class="vietnamese_english">Nạng / Crutch</label>\n            <br>\n                &lt;input id="prpflfer" name="field_22" value="252" type="checkbox"&gt;\n            <label for="prpflfer" class="vietnamese_english">Người hỗ trợ / Personal Assistant</label>\n            <br>\n                &lt;input id="eiqsnqm" name="field_22" value="253" type="checkbox"&gt;\n            <label for="eiqsnqm" class="vietnamese_english">Bệ đỡ / Ramp</label>\n            <br>\n                &lt;input id="pzrnztd" name="field_22" value="254" type="checkbox"&gt;\n            <label for="pzrnztd" class="vietnamese_english">Nhà vệ sinh có thể tiếp cận / Accessible toilet</label>\n            <br>\n                &lt;input id="qeghhm" name="field_22" value="255" type="checkbox"&gt;\n            <label for="qeghhm" class="vietnamese_english">Tầng trệt / Ground floor</label>\n            <br>\n                &lt;input id="bbksnp" name="field_22" value="256" type="checkbox"&gt;\n            <label for="bbksnp" class="vietnamese_english">Dùng ngôn ngữ ký hiệu / Sign language</label>\n            <br>\n                &lt;input id="xstqplg" name="field_22" value="257" type="checkbox"&gt;\n            <label for="xstqplg" class="vietnamese_english">Thiết bị công nghệ thông tin chuyên dụng / Special IT equipment</label>\n            <br>\n                &lt;input id="iucasb" name="field_22" value="258" type="checkbox"&gt;\n            <label for="iucasb" class="vietnamese_english">Máy trợ thính / Hearing assistance equipment</label>\n            <br>\n                &lt;input id="unlioeq" name="field_22" value="259" type="checkbox"&gt;\n            <label for="unlioeq" class="vietnamese_english">Thiết bị hỗ trợ nghe</label>\n            <br>\n                &lt;input id="beettrlk" name="field_22" value="260" type="checkbox"&gt;\n            <label for="beettrlk" class="vietnamese_english">Gậy / Stick</label>\n            <br>\n                &lt;input id="ffjawxd" name="field_22" value="261" type="checkbox"&gt;\n            <label for="ffjawxd" class="vietnamese_english">Xe lắc /</label>\n            <br>\n                &lt;input id="apywwue" name="field_22" value="262" type="checkbox"&gt;\n            <label for="apywwue" class="vietnamese_english">Chữ nổi / Braille</label>\n            <br>\n                &lt;input id="ncrqeka" name="field_22" value="263" type="checkbox"&gt;\n            <label for="ncrqeka" class="vietnamese_english">Xe ba bánh / Three-wheel motobike</label>\n            <br>\n                &lt;input id="ntahgkc" name="field_22" value="264" type="checkbox"&gt;\n            <label for="ntahgkc" class="vietnamese_english">Không cần / No need</label>\n            <br>\n    </div></div><div><div>\n    <p class="vietnamese_english">Phương tiện đi lại (di chuyển) / Means of transport</p>\n                &lt;input id="civdjnyw" name="field_113" value="539" type="checkbox"&gt;\n            <label for="civdjnyw" class="vietnamese_english">Xe buýt</label>\n            <br>\n                &lt;input id="ruetav" name="field_113" value="538" type="checkbox"&gt;\n            <label for="ruetav" class="vietnamese_english">Xe 3 bánh</label>\n            <br>\n                &lt;input id="ruhphw" name="field_113" value="537" type="checkbox"&gt;\n            <label for="ruhphw" class="vietnamese_english">Xe lắc</label>\n            <br>\n                &lt;input id="ylzbqgwt" name="field_113" value="536" type="checkbox"&gt;\n            <label for="ylzbqgwt" class="vietnamese_english">Xe lăn</label>\n            <br>\n                &lt;input id="ypepcb" name="field_113" value="535" type="checkbox"&gt;\n            <label for="ypepcb" class="vietnamese_english">Nạng</label>\n            <br>\n    </div></div>', ''),
	(4, 'form_', 9, '<div><div id="wrapper_field_29" class="textinput_wrapper"><label for="field_29" class="vietnamese_english" style="">Tên công ty</label>&lt;input name="field_29" value="" id="field_29" size="50" class="searchable" type="text"&gt;&lt;/div></div><div><div id="wrapper_field_31" class="textinput_wrapper"><label for="field_31" class="vietnamese_english" style="">Số điện thoại</label>&lt;input name="field_31" value="" id="field_31" size="50" class="searchable" type="text"&gt;&lt;/div></div><div><div id="wrapper_field_30" class="textarea_wrapper">\n    <label for="field_30" class="vietnamese_english">Địa chỉ</label>\n    &lt;textarea id="field_30" name="field_30" rows="4" cols="20" class="searchable"&gt;&lt;/textarea>\n</div></div><div><div id="wrapper_field_32" class="textinput_wrapper"><label for="field_32" class="vietnamese_english" style="">Email</label>&lt;input name="field_32" value="" id="field_32" size="50" class="searchable" type="text"&gt;&lt;/div></div><div><div id="wrapper_field_33" class="textinput_wrapper"><label for="field_33" class="vietnamese_english" style="">Địa chỉ Website</label>&lt;input name="field_33" value="" id="field_33" size="50" class="searchable" type="text"&gt;&lt;/div></div><div><div id="wrapper_field_34" class="textinput_wrapper"><label for="field_34" class="vietnamese_english" style="">Tên của người liên lạc</label>&lt;input name="field_34" value="" id="field_34" size="50" class="searchable" type="text"&gt;&lt;/div></div><div><div id="wrapper_field_36">\n    <label for="field_36" class="vietnamese_english">Số lượng nhân viên</label>\n    <select id="field_36" name="field_36" class="searchable">\n                <option value="22" class="vietnamese_english">1 &gt; 2\n</option>\n                <option value="23" class="vietnamese_english">3 &gt; 5\n</option>\n                <option value="24" class="vietnamese_english">6  &gt;  10\n</option>\n                <option value="25" class="vietnamese_english">11&gt;  15\n</option>\n                <option value="29" class="vietnamese_english">16&gt; 20\n</option>\n                <option value="30" class="vietnamese_english">21 &gt; 30\n</option>\n                <option value="31" class="vietnamese_english">31 &gt; 50\n</option>\n                <option value="32" class="vietnamese_english">50 &gt; 100\n</option>\n                <option value="33" class="vietnamese_english">100 plus\n</option>\n            </select>\n</div></div><div><div id="wrapper_field_38">\n    <label for="field_38" class="vietnamese_english">Loại hình kinh doanh</label>\n    <select id="field_38" name="field_38" class="searchable">\n                <option value="34" class="vietnamese_english">Biên-phiên dịch/Translator-Interpreter\n</option>\n                <option value="35" class="vietnamese_english">Buôn bán lẻ/Retail\n</option>\n                <option value="36" class="vietnamese_english">Chủ doanh nghiệp nhỏ/Small enterprise\n</option>\n                <option value="37" class="vietnamese_english">Cơ khí/Mechanical\n</option>\n                <option value="38" class="vietnamese_english">Công nghệ thông tin/IT\n</option>\n                <option value="39" class="vietnamese_english">Công tác xã hội/Social work\n</option>\n                <option value="40" class="vietnamese_english">Đầu bếp/Cook\n</option>\n                <option value="41" class="vietnamese_english">Dạy nhạc/Music teacher\n</option>\n                <option value="42" class="vietnamese_english">Điện-Điện tử/Electronics\n</option>\n                <option value="43" class="vietnamese_english">Đờn ca tài tử/Folksong singer\n</option>\n                <option value="44" class="vietnamese_english">Giáo viên/Teacher\n</option>\n                <option value="45" class="vietnamese_english">Kế toán/Accounting\n</option>\n                <option value="46" class="vietnamese_english">Làm việc cho các hộ kinh doanh/Working for Home traders\n</option>\n                <option value="47" class="vietnamese_english">Làm vườn/Gardening\n</option>\n                <option value="48" class="vietnamese_english">Luật/Law\n</option>\n                <option value="49" class="vietnamese_english">Marketing\n</option>\n                <option value="50" class="vietnamese_english">Mat-xa/Massage\n</option>\n                <option value="51" class="vietnamese_english">Nghề nông/Agriculture\n</option>\n                <option value="52" class="vietnamese_english">Nghệ thuật/Art\n</option>\n                <option value="53" class="vietnamese_english">Nhân viên phòng Net/Internet room keeper\n</option>\n                <option value="54" class="vietnamese_english">Nhân viên phục vụ/Servant\n</option>\n                <option value="55" class="vietnamese_english">Nội thất/Furniture\n</option>\n                <option value="56" class="vietnamese_english">Sáng tác thơ, nhạc/Musician/Poet Composer\n</option>\n                <option value="57" class="vietnamese_english">Thiết kế thời trang/Fashion designer\n</option>\n                <option value="58" class="vietnamese_english">Thủ công/Handicraft\n</option>\n                <option value="59" class="vietnamese_english">Trực điện thoại/Phone reception\n</option>\n                <option value="60" class="vietnamese_english">Tư vấn viên/Adviser\n</option>\n                <option value="61" class="vietnamese_english">Văn phòng/Office\n</option>\n                <option value="62" class="vietnamese_english">Văn phòng/Office\n</option>\n                <option value="63" class="vietnamese_english">Viễn thông/Telecommunication\n</option>\n                <option value="64" class="vietnamese_english">Y tế/Health\n</option>\n                <option value="65" class="vietnamese_english">Other\n</option>\n                <option value="553" class="vietnamese_english">ban hang qua mang</option>\n                <option value="554" class="vietnamese_english">theu tranh</option>\n            </select>\n</div></div><div><div id="wrapper_field_39" class="textinput_wrapper"><label for="field_39" class="vietnamese_english" style="">Số Fax / Fax Number</label>&lt;input name="field_39" value="" id="field_39" size="50" class="searchable" type="text"&gt;&lt;/div></div><div><div id="wrapper_field_40" class="textinput_wrapper"><label for="field_40" class="vietnamese_english" style="">Số mobile của người cần liên lạc</label>&lt;input name="field_40" value="" id="field_40" size="50" class="searchable" type="text"&gt;&lt;/div></div><div><div id="wrapper_field_117">\n    <p class="vietnamese_english">Mối quan hệ với DRD</p>\n            <div class="radiobutton_wrapper">\n            &lt;input id="PLR048A5U" name="field_117" value="550" class="searchable  validate[required]" type="radio"&gt;\n            <label for="PLR048A5U" class="vietnamese_english">Thân thiện</label>\n        </div>\n            <div class="radiobutton_wrapper">\n            &lt;input id="Qu7m1AFeFOc" name="field_117" value="551" class="searchable  validate[required]" type="radio"&gt;\n            <label for="Qu7m1AFeFOc" class="vietnamese_english">Vãng lai</label>\n        </div>\n            <div class="radiobutton_wrapper">\n            &lt;input id="F57cshhQk5py" name="field_117" value="552" class="searchable  validate[required]" type="radio"&gt;\n            <label for="F57cshhQk5py" class="vietnamese_english">Tiềm Năng</label>\n        </div>\n    </div></div>', ''),
	(15, 'form_', 6, '<div style="position: relative; top: 0px; left: 0px;"><div class="textarea_wrapper">\n    <label for="field_115" class="vietnamese_english">Chi tiết theo dõi</label>\n    &lt;textarea id="field_115" name="field_115" rows="4" cols="20" class="searchable  validate[required]"&gt;&lt;/textarea>\n</div></div><div style="position: relative; top: 0px; left: 0px;"><div>\n    <p class="vietnamese_english">DRD có hỗ trợ tốt cho công việc của bạn</p>\n            <div class="radiobutton_wrapper">\n            &lt;input id="5tAb5Ue9SU" name="field_81" value="147" class="searchable" type="radio"&gt;\n            <label for="5tAb5Ue9SU" class="vietnamese_english">Có</label>\n        </div>\n            <div class="radiobutton_wrapper">\n            &lt;input id="36ITfFHpC" name="field_81" value="148" class="searchable" type="radio"&gt;\n            <label for="36ITfFHpC" class="vietnamese_english">Không</label>\n        </div>\n    </div></div><div><div>\n    <p class="vietnamese_english">Theo dõi 3 tháng-lý do vẫn duy trì công việc/3 month follow up-reasons for staying</p>\n            <div class="checkbox_wrapper">\n            &lt;input id="7XeE16E6ds" name="field_79" value="84" class="searchable" type="checkbox"&gt;\n            <label for="7XeE16E6ds" class="vietnamese_english">Yêu thích công việc/Enjoy job</label>           \n        </div>\n            <div class="checkbox_wrapper">\n            &lt;input id="xS275G8BTCLt" name="field_79" value="85" class="searchable" type="checkbox"&gt;\n            <label for="xS275G8BTCLt" class="vietnamese_english">Cần tiền/Need money</label>           \n        </div>\n            <div class="checkbox_wrapper">\n            &lt;input id="u71XL3L0HQp" name="field_79" value="86" class="searchable" type="checkbox"&gt;\n            <label for="u71XL3L0HQp" class="vietnamese_english">Lương thỏa đáng/Suitable salary</label>           \n        </div>\n            <div class="checkbox_wrapper">\n            &lt;input id="CDSY1g5Gk" name="field_79" value="87" class="searchable" type="checkbox"&gt;\n            <label for="CDSY1g5Gk" class="vietnamese_english">Chủ đối xử tốt/Good employer</label>           \n        </div>\n            <div class="checkbox_wrapper">\n            &lt;input id="HI176NePlB1" name="field_79" value="88" class="searchable" type="checkbox"&gt;\n            <label for="HI176NePlB1" class="vietnamese_english">Được đào tạo thêm/Need more Training</label>           \n        </div>\n            <div class="checkbox_wrapper">\n            &lt;input id="4AHJX7ZL460L" name="field_79" value="89" class="searchable" type="checkbox"&gt;\n            <label for="4AHJX7ZL460L" class="vietnamese_english">Cần kinh nghiệm làm việc/Need experience</label>           \n        </div>\n            <div class="checkbox_wrapper">\n            &lt;input id="JmBWl9rPD" name="field_79" value="90" class="searchable" type="checkbox"&gt;\n            <label for="JmBWl9rPD" class="vietnamese_english">Đồng nghiệp tốt/Good co-workers</label>           \n        </div>\n            <div class="checkbox_wrapper">\n            &lt;input id="3BKXr3Z66" name="field_79" value="91" class="searchable" type="checkbox"&gt;\n            <label for="3BKXr3Z66" class="vietnamese_english">Có cơ hội thăng tiến tốt/Good promoting opportunity</label>           \n        </div>\n            <div class="checkbox_wrapper">\n            &lt;input id="qlG724l3hJuS" name="field_79" value="92" class="searchable" type="checkbox"&gt;\n            <label for="qlG724l3hJuS" class="vietnamese_english">Có cơ hội mở rộng quan hệ/Relationship extending opportunity</label>           \n        </div>\n            <div class="checkbox_wrapper">\n            &lt;input id="XBKXOdP6w" name="field_79" value="93" class="searchable" type="checkbox"&gt;\n            <label for="XBKXOdP6w" class="vietnamese_english">Có cuộc sống độc lập/Independence</label>           \n        </div>\n            <div class="checkbox_wrapper">\n            &lt;input id="t95YhKwjcWck" name="field_79" value="94" class="searchable" type="checkbox"&gt;\n            <label for="t95YhKwjcWck" class="vietnamese_english">Không tìm được việc khác/ can not seek other job</label>           \n        </div>\n            <div class="checkbox_wrapper">\n            &lt;input id="Rs5KZNGd98KR" name="field_79" value="95" class="searchable" type="checkbox"&gt;\n            <label for="Rs5KZNGd98KR" class="vietnamese_english">Điều kiện làm việc tốt/Good working environment</label>           \n        </div>\n    </div></div><div><div>\n    <p class="vietnamese_english">Theo dõi 3 tháng-lý do bỏ việc/3 month follow up-reasons for leaving</p>\n            <div class="checkbox_wrapper">\n            &lt;input id="o3rx5yhIq9" name="field_80" value="96" class="searchable" type="checkbox"&gt;\n            <label for="o3rx5yhIq9" class="vietnamese_english">Không thích công việc</label>           \n        </div>\n            <div class="checkbox_wrapper">\n            &lt;input id="XkVa57v9t6" name="field_80" value="97" class="searchable" type="checkbox"&gt;\n            <label for="XkVa57v9t6" class="vietnamese_english">Muốn tìm cơ hội thăng tiến tốt hơn</label>           \n        </div>\n            <div class="checkbox_wrapper">\n            &lt;input id="yV1O4mnbE" name="field_80" value="98" class="searchable" type="checkbox"&gt;\n            <label for="yV1O4mnbE" class="vietnamese_english">Muốn thay đổi công việc</label>           \n        </div>\n            <div class="checkbox_wrapper">\n            &lt;input id="3q2y6ef2uC2" name="field_80" value="99" class="searchable" type="checkbox"&gt;\n            <label for="3q2y6ef2uC2" class="vietnamese_english">Bị phân biệt đối xử</label>           \n        </div>\n            <div class="checkbox_wrapper">\n            &lt;input id="bCFcRQ0r1Ox" name="field_80" value="100" class="searchable" type="checkbox"&gt;\n            <label for="bCFcRQ0r1Ox" class="vietnamese_english">Gặp trở ngại về các vấn đề tiếp cận công việc</label>           \n        </div>\n            <div class="checkbox_wrapper">\n            &lt;input id="nni6i5uNK9" name="field_80" value="101" class="searchable" type="checkbox"&gt;\n            <label for="nni6i5uNK9" class="vietnamese_english">Không thể làm việc</label>           \n        </div>\n            <div class="checkbox_wrapper">\n            &lt;input id="f7q17euPJO8" name="field_80" value="102" class="searchable" type="checkbox"&gt;\n            <label for="f7q17euPJO8" class="vietnamese_english">Bị đuổi việc</label>           \n        </div>\n            <div class="checkbox_wrapper">\n            &lt;input id="1f2167eBqQ5" name="field_80" value="103" class="searchable" type="checkbox"&gt;\n            <label for="1f2167eBqQ5" class="vietnamese_english">Doanh nghiệp gặp vấn đề về tài chính</label>           \n        </div>\n            <div class="checkbox_wrapper">\n            &lt;input id="Voq09yBiYet" name="field_80" value="104" class="searchable" type="checkbox"&gt;\n            <label for="Voq09yBiYet" class="vietnamese_english">Công việc đòi hỏi quá khả năng</label>           \n        </div>\n            <div class="checkbox_wrapper">\n            &lt;input id="30hJ2ML2jsDH" name="field_80" value="105" class="searchable" type="checkbox"&gt;\n            <label for="30hJ2ML2jsDH" class="vietnamese_english">Trả lương không thỏa đáng</label>           \n        </div>\n            <div class="checkbox_wrapper">\n            &lt;input id="lGUdyo8rsr52" name="field_80" value="106" class="searchable" type="checkbox"&gt;\n            <label for="lGUdyo8rsr52" class="vietnamese_english">Thay đổi chỗ ở</label>           \n        </div>\n            <div class="checkbox_wrapper">\n            &lt;input id="1805srOC8" name="field_80" value="107" class="searchable" type="checkbox"&gt;\n            <label for="1805srOC8" class="vietnamese_english">Gia đình cần lao động đột xuất</label>           \n        </div>\n    </div></div>', ''),
	(5, 'form_', 10, '<div style="position: relative; top: 0px; left: 0px;"><div>\n    <p class="vietnamese_english">Vui lòng mô tả chi tiết về loại khuyết tật (có thể bỏ qua)</p>\n                &lt;input id="rcntck" name="field_42" value="347" type="checkbox"&gt;\n            <label for="rcntck" class="vietnamese_english">Điếc/Deaf</label>\n            <br>\n                &lt;input id="mozybg" name="field_42" value="348" type="checkbox"&gt;\n            <label for="mozybg" class="vietnamese_english">Nghe kém/Hard of hearing</label>\n            <br>\n                &lt;input id="rglboko" name="field_42" value="349" type="checkbox"&gt;\n            <label for="rglboko" class="vietnamese_english">Mới bị mất thính lực</label>\n            <br>\n                &lt;input id="xrdybtvt" name="field_42" value="350" type="checkbox"&gt;\n            <label for="xrdybtvt" class="vietnamese_english">Nói đuợc, không nghe được/Speaking without hearing</label>\n            <br>\n                &lt;input id="pyajhm" name="field_42" value="351" type="checkbox"&gt;\n            <label for="pyajhm" class="vietnamese_english">Nghe được, không nói được/Hearing without speaking</label>\n            <br>\n                &lt;input id="uqrcaig" name="field_42" value="352" type="checkbox"&gt;\n            <label for="uqrcaig" class="vietnamese_english">Mù/Blind</label>\n            <br>\n                &lt;input id="qaetnb" name="field_42" value="353" type="checkbox"&gt;\n            <label for="qaetnb" class="vietnamese_english">Lòa/Low vision</label>\n            <br>\n                &lt;input id="nzysdzn" name="field_42" value="354" type="checkbox"&gt;\n            <label for="nzysdzn" class="vietnamese_english">Thị trường hẹp/Restricted vision</label>\n            <br>\n                &lt;input id="fffftsap" name="field_42" value="355" type="checkbox"&gt;\n            <label for="fffftsap" class="vietnamese_english">Hỏng một mắt/blind in one eye</label>\n            <br>\n                &lt;input id="qhbsqnmg" name="field_42" value="356" type="checkbox"&gt;\n            <label for="qhbsqnmg" class="vietnamese_english">Liệt toàn thân/Total paralysis</label>\n            <br>\n                &lt;input id="rcfzoez" name="field_42" value="357" type="checkbox"&gt;\n            <label for="rcfzoez" class="vietnamese_english">Liệt nửa người/Partial paralysis</label>\n            <br>\n                &lt;input id="tcdhjr" name="field_42" value="358" type="checkbox"&gt;\n            <label for="tcdhjr" class="vietnamese_english">Cụt 2 chân/Amputation of 2 legs</label>\n            <br>\n                &lt;input id="typpyf" name="field_42" value="359" type="checkbox"&gt;\n            <label for="typpyf" class="vietnamese_english">Cụt 1 chân/Amputation of 1 leg</label>\n            <br>\n                &lt;input id="xvvslmg" name="field_42" value="360" type="checkbox"&gt;\n            <label for="xvvslmg" class="vietnamese_english">Cụt 2 bàn chân/Amputation of 2 feet</label>\n            <br>\n                &lt;input id="dodryj" name="field_42" value="361" type="checkbox"&gt;\n            <label for="dodryj" class="vietnamese_english">Cụt 1 bàn chân/Amputation of 1 foot</label>\n            <br>\n                &lt;input id="otmjbuae" name="field_42" value="362" type="checkbox"&gt;\n            <label for="otmjbuae" class="vietnamese_english">Cụt 2 cánh tay/Amputation of 2 arms</label>\n            <br>\n                &lt;input id="wbpmju" name="field_42" value="363" type="checkbox"&gt;\n            <label for="wbpmju" class="vietnamese_english">Cụt 1 cánh tay/Amputation of 1 arm</label>\n            <br>\n                &lt;input id="hxyimrpn" name="field_42" value="364" type="checkbox"&gt;\n            <label for="hxyimrpn" class="vietnamese_english">Cụt 2 bàn tay/Amputation of 2 hands</label>\n            <br>\n                &lt;input id="vaxelqb" name="field_42" value="365" type="checkbox"&gt;\n            <label for="vaxelqb" class="vietnamese_english">Cụt 1 bàn tay/Amputation of 1 hand</label>\n            <br>\n                &lt;input id="ftqktt" name="field_42" value="366" type="checkbox"&gt;\n            <label for="ftqktt" class="vietnamese_english">Cụt ngón chân/Amputation of toe</label>\n            <br>\n                &lt;input id="rebgnfpe" name="field_42" value="367" type="checkbox"&gt;\n            <label for="rebgnfpe" class="vietnamese_english">Cụt ngón tay/Amputation of finger</label>\n            <br>\n                &lt;input id="tdxnun" name="field_42" value="368" type="checkbox"&gt;\n            <label for="tdxnun" class="vietnamese_english">Liệt 2 chân/ Paralysis of 2 legs</label>\n            <br>\n                &lt;input id="xppeihgp" name="field_42" value="369" type="checkbox"&gt;\n            <label for="xppeihgp" class="vietnamese_english">Liệt 1 chân/Paralysis of 1 leg</label>\n            <br>\n                &lt;input id="chfucx" name="field_42" value="370" type="checkbox"&gt;\n            <label for="chfucx" class="vietnamese_english">Liệt 2 tay/Paralysis of 2 arms</label>\n            <br>\n                &lt;input id="gifaneoz" name="field_42" value="371" type="checkbox"&gt;\n            <label for="gifaneoz" class="vietnamese_english">Liệt 1 tay/Paralysis of 1 arm</label>\n            <br>\n                &lt;input id="jxmnng" name="field_42" value="372" type="checkbox"&gt;\n            <label for="jxmnng" class="vietnamese_english">Khoèo chân</label>\n            <br>\n                &lt;input id="cyqmmudj" name="field_42" value="373" type="checkbox"&gt;\n            <label for="cyqmmudj" class="vietnamese_english">Khoèo tay</label>\n            <br>\n                &lt;input id="swkoxkki" name="field_42" value="374" type="checkbox"&gt;\n            <label for="swkoxkki" class="vietnamese_english">Khoèo cổ</label>\n            <br>\n                &lt;input id="ltzrsxcs" name="field_42" value="375" type="checkbox"&gt;\n            <label for="ltzrsxcs" class="vietnamese_english">Chấn thương đầu/Head injury</label>\n            <br>\n                &lt;input id="wkzjsob" name="field_42" value="376" type="checkbox"&gt;\n            <label for="wkzjsob" class="vietnamese_english">Mất trí/Memory loss</label>\n            <br>\n                &lt;input id="tgsftnb" name="field_42" value="377" type="checkbox"&gt;\n            <label for="tgsftnb" class="vietnamese_english">Trầm cảm/Depression</label>\n            <br>\n                &lt;input id="rywbfvvb" name="field_42" value="378" type="checkbox"&gt;\n            <label for="rywbfvvb" class="vietnamese_english">Suy nhược thần kinh/Mental asthenia</label>\n            <br>\n                &lt;input id="qotzwjwj" name="field_42" value="379" type="checkbox"&gt;\n            <label for="qotzwjwj" class="vietnamese_english">Hành vi lạ/Strange behavior</label>\n            <br>\n                &lt;input id="hcppslel" name="field_42" value="380" type="checkbox"&gt;\n            <label for="hcppslel" class="vietnamese_english">Hội chứng Down/Down</label>\n            <br>\n                &lt;input id="vbbbzjb" name="field_42" value="381" type="checkbox"&gt;\n            <label for="vbbbzjb" class="vietnamese_english">Tự kỷ/Autism</label>\n            <br>\n                &lt;input id="xubyzx" name="field_42" value="382" type="checkbox"&gt;\n            <label for="xubyzx" class="vietnamese_english">Bại não/Cerebral palsy</label>\n            <br>\n                &lt;input id="txcctrt" name="field_42" value="383" type="checkbox"&gt;\n            <label for="txcctrt" class="vietnamese_english">Ung thư/Cancer</label>\n            <br>\n                &lt;input id="umzziumo" name="field_42" value="384" type="checkbox"&gt;\n            <label for="umzziumo" class="vietnamese_english">Bệnh phong/Leprosey</label>\n            <br>\n                &lt;input id="vfdttlo" name="field_42" value="385" type="checkbox"&gt;\n            <label for="vfdttlo" class="vietnamese_english">HIV / Aids</label>\n            <br>\n                &lt;input id="njxqgck" name="field_42" value="386" type="checkbox"&gt;\n            <label for="njxqgck" class="vietnamese_english">Parkinsons</label>\n            <br>\n                &lt;input id="nvigshl" name="field_42" value="387" type="checkbox"&gt;\n            <label for="nvigshl" class="vietnamese_english">Chứng mất trí/Memory loss</label>\n            <br>\n    </div></div><div style="position: relative; top: 0px; left: 0px;"><div>\n    <p class="vietnamese_english">Loại khuyết tật nào mà công ty có thể chấp nhận?</p>\n                &lt;input id="qpqvlouy" name="field_41" value="336" type="radio"&gt;\n            <label for="qpqvlouy" class="vietnamese_english">Khiếm thính/Hearing impairment</label>\n            <br>\n                &lt;input id="cvjsxyox" name="field_41" value="337" type="radio"&gt;\n            <label for="cvjsxyox" class="vietnamese_english">Khiếm thị/Vision impairment</label>\n            <br>\n                &lt;input id="awvzllt" name="field_41" value="338" type="radio"&gt;\n            <label for="awvzllt" class="vietnamese_english">Tật vận động/Physical disability</label>\n            <br>\n                &lt;input id="yqvtcm" name="field_41" value="339" type="radio"&gt;\n            <label for="yqvtcm" class="vietnamese_english">Sức khỏe tinh thần/Mental health</label>\n            <br>\n                &lt;input id="ehicmgw" name="field_41" value="340" type="radio"&gt;\n            <label for="ehicmgw" class="vietnamese_english">Khuyết tật về mặt trí tuệ/Intellectual disability</label>\n            <br>\n                &lt;input id="dhrcmxcb" name="field_41" value="341" type="radio"&gt;\n            <label for="dhrcmxcb" class="vietnamese_english">Bệnh mãn tính/Long term health condition</label>\n            <br>\n                &lt;input id="buxsqtt" name="field_41" value="342" type="radio"&gt;\n            <label for="buxsqtt" class="vietnamese_english">Sứt môi, hở hàm ếch/Harelip</label>\n            <br>\n                &lt;input id="kpsvdhw" name="field_41" value="343" type="radio"&gt;\n            <label for="kpsvdhw" class="vietnamese_english">Bệnh lùn/Draft</label>\n            <br>\n                &lt;input id="pyhoogh" name="field_41" value="344" type="radio"&gt;\n            <label for="pyhoogh" class="vietnamese_english">Bệnh già trước tuổi/</label>\n            <br>\n                &lt;input id="osbeolzg" name="field_41" value="345" type="radio"&gt;\n            <label for="osbeolzg" class="vietnamese_english">Gù lưng/Hunch-backed</label>\n            <br>\n                &lt;input id="zyhsed" name="field_41" value="346" type="radio"&gt;\n            <label for="zyhsed" class="vietnamese_english">Khác/Other</label>\n            <br>\n    </div></div><div><div>\n    <p class="vietnamese_english">Phương tiện hỗ trợ phù hợp/Reasonable Accomodation</p>\n                &lt;input id="yoaxvd" name="field_44" value="388" type="checkbox"&gt;\n            <label for="yoaxvd" class="vietnamese_english">Xe lăn/Wheelchair</label>\n            <br>\n                &lt;input id="iiyrpyax" name="field_44" value="389" type="checkbox"&gt;\n            <label for="iiyrpyax" class="vietnamese_english">Nạng/Crutch</label>\n            <br>\n                &lt;input id="hpovaml" name="field_44" value="390" type="checkbox"&gt;\n            <label for="hpovaml" class="vietnamese_english">Người hỗ trợ/Personal Assistant</label>\n            <br>\n                &lt;input id="pyyhth" name="field_44" value="391" type="checkbox"&gt;\n            <label for="pyyhth" class="vietnamese_english">Bệ đỡ/Ramp</label>\n            <br>\n                &lt;input id="eltzjbd" name="field_44" value="392" type="checkbox"&gt;\n            <label for="eltzjbd" class="vietnamese_english">Nhà vệ sinh có thể tiếp cận/Accessible toilet</label>\n            <br>\n                &lt;input id="kljyqm" name="field_44" value="393" type="checkbox"&gt;\n            <label for="kljyqm" class="vietnamese_english">Tầng trệt/Ground floor</label>\n            <br>\n                &lt;input id="xutexv" name="field_44" value="394" type="checkbox"&gt;\n            <label for="xutexv" class="vietnamese_english">Dùng ngôn ngữ ký hiệu/Sign language</label>\n            <br>\n                &lt;input id="mxgruxn" name="field_44" value="395" type="checkbox"&gt;\n            <label for="mxgruxn" class="vietnamese_english">Thiết bị công nghệ thông tin chuyên dụng/Special IT equipment</label>\n            <br>\n                &lt;input id="rpepqkz" name="field_44" value="396" type="checkbox"&gt;\n            <label for="rpepqkz" class="vietnamese_english">Máy trợ thính/Hearing assistance equipment</label>\n            <br>\n                &lt;input id="cjmtqfjv" name="field_44" value="397" type="checkbox"&gt;\n            <label for="cjmtqfjv" class="vietnamese_english">Thiết bị hỗ trợ nghe</label>\n            <br>\n                &lt;input id="lqkmnby" name="field_44" value="398" type="checkbox"&gt;\n            <label for="lqkmnby" class="vietnamese_english">Gậy/Stick</label>\n            <br>\n                &lt;input id="qzqnpbjd" name="field_44" value="399" type="checkbox"&gt;\n            <label for="qzqnpbjd" class="vietnamese_english">Xe lắc/</label>\n            <br>\n                &lt;input id="oazuodn" name="field_44" value="400" type="checkbox"&gt;\n            <label for="oazuodn" class="vietnamese_english">Chữ nổi/Braille</label>\n            <br>\n                &lt;input id="idiqypdx" name="field_44" value="401" type="checkbox"&gt;\n            <label for="idiqypdx" class="vietnamese_english">Xe ba bánh/Three-wheel motobike</label>\n            <br>\n                &lt;input id="wlgoyy" name="field_44" value="402" type="checkbox"&gt;\n            <label for="wlgoyy" class="vietnamese_english">Không cần/ No need</label>\n            <br>\n    </div></div>', ''),
	(6, 'form_', 11, '<div><div>\n    <label for="field_46" class="vietnamese_english">Bằng cấp/Chứng chỉ/Chứng nhận/Qualification/Certificate</label>\n    <select name="field_46">\n                <option value="414" class="vietnamese_english">Không có bằng cấp/No qualification</option>\n                <option value="415" class="vietnamese_english">Bằng cấp I</option>\n                <option value="416" class="vietnamese_english">Bằng cấp II</option>\n                <option value="417" class="vietnamese_english">Bằng cấp III</option>\n                <option value="418" class="vietnamese_english">Bằng trung cấp nghề</option>\n                <option value="419" class="vietnamese_english">Cử nhân/BA</option>\n                <option value="420" class="vietnamese_english">Thạc sĩ/MA/MS</option>\n                <option value="421" class="vietnamese_english">Tiến sĩ/PhD</option>\n                <option value="422" class="vietnamese_english">Bằng cấp chính quy</option>\n                <option value="423" class="vietnamese_english">Bằng cấp không chính quy</option>\n            </select>\n</div></div><div><div>\n    <label for="field_45" class="vietnamese_english">Trình độ học vấn / School level</label>\n    <select name="field_45">\n                <option value="403" class="vietnamese_english">Tiểu học/Elementary School</option>\n                <option value="404" class="vietnamese_english">Trung học cơ sở/Secondary school</option>\n                <option value="405" class="vietnamese_english">Trung học phổ thông</option>\n                <option value="406" class="vietnamese_english">Học nghề/</option>\n                <option value="407" class="vietnamese_english">Trung Cấp Nghề</option>\n                <option value="408" class="vietnamese_english">Cao đẳng/College</option>\n                <option value="409" class="vietnamese_english">Đại học/University</option>\n                <option value="410" class="vietnamese_english">Sau Đại học/Post Graduate</option>\n                <option value="411" class="vietnamese_english">Bổ túc cấp I/Continuation School level I</option>\n                <option value="412" class="vietnamese_english">Bổ túc cấp II/Continuation School level II</option>\n                <option value="413" class="vietnamese_english">Bổ túc cấp III/Continuation School level III</option>\n            </select>\n</div></div><div><div><label for="field_50" class="vietnamese_english" style="">What subject do you need? </label>&lt;input name="field_50" value="" id="field_50" maxlength="100" size="50" style="width: 50%;" type="text"&gt;&lt;/div></div>', ''),
	(7, 'form_', 12, '<div><div>\n    <label for="field_52" class="vietnamese_english">Bạn cần ứng viên biết đọc hoặc viết ?</label>\n    <select name="field_52">\n                <option value="444" class="vietnamese_english">Biết đọc biết viết / ability of reading and writing</option>\n                <option value="445" class="vietnamese_english">Biết đọc nhưng không biết viết / Ability of reading without writing</option>\n            </select>\n</div></div><div><div>\n    <p class="vietnamese_english">Các kỹ năng mong muốn ứng viên có / What skills do you need ?</p>\n                &lt;input id="lkauasq" name="field_51" value="424" type="checkbox"&gt;\n            <label for="lkauasq" class="vietnamese_english">Công nghệ thông tin/IT</label>\n            <br>\n                &lt;input id="hcyovqb" name="field_51" value="425" type="checkbox"&gt;\n            <label for="hcyovqb" class="vietnamese_english">Word</label>\n            <br>\n                &lt;input id="zryznz" name="field_51" value="426" type="checkbox"&gt;\n            <label for="zryznz" class="vietnamese_english">Excel</label>\n            <br>\n                &lt;input id="dlfptcbc" name="field_51" value="427" type="checkbox"&gt;\n            <label for="dlfptcbc" class="vietnamese_english">Power point</label>\n            <br>\n                &lt;input id="tcatyq" name="field_51" value="428" type="checkbox"&gt;\n            <label for="tcatyq" class="vietnamese_english">Đồ họa/graphics</label>\n            <br>\n                &lt;input id="mudqau" name="field_51" value="429" type="checkbox"&gt;\n            <label for="mudqau" class="vietnamese_english">Email</label>\n            <br>\n                &lt;input id="oyscojf" name="field_51" value="430" type="checkbox"&gt;\n            <label for="oyscojf" class="vietnamese_english">Access</label>\n            <br>\n                &lt;input id="twwjsbso" name="field_51" value="431" type="checkbox"&gt;\n            <label for="twwjsbso" class="vietnamese_english">Làm việc độc lập/Independent work</label>\n            <br>\n                &lt;input id="pkyjpx" name="field_51" value="432" type="checkbox"&gt;\n            <label for="pkyjpx" class="vietnamese_english">Sử dụng ngôn ngữ ký hiệu/Sign language</label>\n            <br>\n                &lt;input id="buaeoi" name="field_51" value="433" type="checkbox"&gt;\n            <label for="buaeoi" class="vietnamese_english">Nấu ăn/Cooking</label>\n            <br>\n                &lt;input id="bfxmlhx" name="field_51" value="434" type="checkbox"&gt;\n            <label for="bfxmlhx" class="vietnamese_english">Nhiếp ảnh/Photography</label>\n            <br>\n                &lt;input id="bwzsqi" name="field_51" value="435" type="checkbox"&gt;\n            <label for="bwzsqi" class="vietnamese_english">Viết sơ yếu lý lịch/CV writing skill</label>\n            <br>\n                &lt;input id="thcgpt" name="field_51" value="436" type="checkbox"&gt;\n            <label for="thcgpt" class="vietnamese_english">Phỏng vấn/Interview answering skill</label>\n            <br>\n                &lt;input id="nldsnf" name="field_51" value="437" type="checkbox"&gt;\n            <label for="nldsnf" class="vietnamese_english">Tìm việc/Job seeking skill</label>\n            <br>\n                &lt;input id="tkiyhtrv" name="field_51" value="438" type="checkbox"&gt;\n            <label for="tkiyhtrv" class="vietnamese_english">Quản trị/Managing</label>\n            <br>\n                &lt;input id="wyrvako" name="field_51" value="439" type="checkbox"&gt;\n            <label for="wyrvako" class="vietnamese_english">Giao tiếp/Communicating</label>\n            <br>\n                &lt;input id="gmwtdtv" name="field_51" value="440" type="checkbox"&gt;\n            <label for="gmwtdtv" class="vietnamese_english">Lãnh đạo/Leading</label>\n            <br>\n                &lt;input id="fbtzpqwb" name="field_51" value="441" type="checkbox"&gt;\n            <label for="fbtzpqwb" class="vietnamese_english">Làm việc nhóm/Teamwork</label>\n            <br>\n                &lt;input id="eqwvnqr" name="field_51" value="442" type="checkbox"&gt;\n            <label for="eqwvnqr" class="vietnamese_english">Tự đi lại/Independent travel</label>\n            <br>\n                &lt;input id="kpwuwlkl" name="field_51" value="443" type="checkbox"&gt;\n            <label for="kpwuwlkl" class="vietnamese_english">Không/None</label>\n            <br>\n    </div></div><div><div>\n    <p class="vietnamese_english">How can DRD job coach support you?</p>\n                &lt;input id="uqclsej" name="field_54" value="67" type="checkbox"&gt;\n            <label for="uqclsej" class="vietnamese_english">Disability awareness / workshop\n</label>\n            <br>\n                &lt;input id="nuwahps" name="field_54" value="68" type="checkbox"&gt;\n            <label for="nuwahps" class="vietnamese_english">JS support\n</label>\n            <br>\n                &lt;input id="vnpthsg" name="field_54" value="69" type="checkbox"&gt;\n            <label for="vnpthsg" class="vietnamese_english">Organising task\n</label>\n            <br>\n                &lt;input id="lbjludny" name="field_54" value="70" type="checkbox"&gt;\n            <label for="lbjludny" class="vietnamese_english">problem solving\n</label>\n            <br>\n                &lt;input id="arveijrd" name="field_54" value="71" type="checkbox"&gt;\n            <label for="arveijrd" class="vietnamese_english">Reasonable accomodation\n</label>\n            <br>\n                &lt;input id="stulrxi" name="field_54" value="72" type="checkbox"&gt;\n            <label for="stulrxi" class="vietnamese_english">sign language\n</label>\n            <br>\n    </div></div><div><div>\n    <p class="vietnamese_english">Bạn có mong muốn DRD hỗ trợ ?</p>\n                &lt;input id="dsgrvn" name="field_53" value="446" type="radio"&gt;\n            <label for="dsgrvn" class="vietnamese_english">Có</label>\n            <br>\n                &lt;input id="nnbqui" name="field_53" value="447" type="radio"&gt;\n            <label for="nnbqui" class="vietnamese_english">Không</label>\n            <br>\n    </div></div>', ''),
	(8, 'form_', 13, '<div><div>\n    <label for="field_55" class="vietnamese_english">Thời gian bắt đầu công việc:</label>\n    &lt;input class="" id="field_55" name="field_55" value="" type="text"&gt;\n    &lt;!--SCRIPT\n        var field_55_init = function(){\n            var options = {autoSize: true , constrainInput: true };\n                        options.dateFormat = \'dd/mm/yy\';\n            options.changeYear = true;\n            options.yearRange = \'1950:2010\';\n            options.dayNamesMin = [\'CN\', \'T2\', \'T3\', \'T4\', \'T5\', \'T6\', \'T7\'];\n            options.monthNames = [\'Tháng 1,\',\'Tháng 2,\',\'Tháng 3,\',\'Tháng 4,\',\'Tháng 5,\',\'Tháng 6,\',\'Tháng 7,\',\'Tháng 8,\',\'Tháng 9,\',\'Tháng 10,\',\'Tháng 11,\',\'Tháng 12,\'];\n            options.nextText = \'Tháng kế tiếp\' ;\n            options.prevText = \'Tháng trước\' ;\n                        jQuery("#field_55").datepicker(options);\n        };\n        field_55_init();\n    --&gt;\n</div>\n</div>', 'var field_55_init = function(){\n            var options = {autoSize: true , constrainInput: true };\n                        options.dateFormat = \'dd/mm/yy\';\n            options.changeYear = true;\n            options.yearRange = \'1950:2010\';\n            options.dayNamesMin = [\'CN\', \'T2\', \'T3\', \'T4\', \'T5\', \'T6\', \'T7\'];\n            options.monthNames = [\'Tháng 1,\',\'Tháng 2,\',\'Tháng 3,\',\'Tháng 4,\',\'Tháng 5,\',\'Tháng 6,\',\'Tháng 7,\',\'Tháng 8,\',\'Tháng 9,\',\'Tháng 10,\',\'Tháng 11,\',\'Tháng 12,\'];\n            options.nextText = \'Tháng kế tiếp\' ;\n            options.prevText = \'Tháng trước\' ;\n                        jQuery("#field_55").datepicker(options);\n        };\n        field_55_init();'),
	(9, 'form_', 14, '<div style="position: relative; top: 0px; left: 0px;"><div><label for="field_56" class="" style="">Is the job seeker still working for you?</label>&lt;input name="field_56" value="" id="field_56" maxlength="100" size="50" style="width: 50%;" type="text"&gt;&lt;/div></div><div style="position: relative; top: 0px; left: 0px;"><div><label for="field_57" class="" style="">What are the reasons for keeping this person in the job?</label>&lt;input name="field_57" value="" id="field_57" maxlength="100" size="50" style="width: 50%;" type="text"&gt;&lt;/div></div><div style="position: relative; top: 0px; left: 0px;"><div><label for="field_58" class="" style="">Why did this person leave?</label>&lt;input name="field_58" value="" id="field_58" maxlength="100" size="50" style="width: 50%;" type="text"&gt;&lt;/div></div><div><div><label for="field_59" class="" style="">Do you have any other jobs for people with disability</label>&lt;input name="field_59" value="" id="field_59" maxlength="100" size="50" style="width: 50%;" type="text"&gt;&lt;/div></div>', ''),
	(10, 'form_', 15, '<div style="position: relative; top: 0px; left: 0px;"><div><label for="field_60" class="" style="">Is the job seeker still working for you?</label>&lt;input name="field_60" value="" id="field_60" maxlength="100" size="50" style="width: 50%;" type="text"&gt;&lt;/div></div><div style="position: relative; top: 0px; left: 0px;"><div><label for="field_61" class="" style="">What are the reasons for keeping this person in the job?</label>&lt;input name="field_61" value="" id="field_61" maxlength="100" size="50" style="width: 50%;" type="text"&gt;&lt;/div></div><div style="position: relative; top: 0px; left: 0px;"><div><label for="field_62" class="" style="">Why did this person leave?</label>&lt;input name="field_62" value="" id="field_62" maxlength="100" size="50" style="width: 50%;" type="text"&gt;&lt;/div></div><div><div><label for="field_63" class="" style="">Do you have any other jobs for people with disability</label>&lt;input name="field_63" value="" id="field_63" maxlength="100" size="50" style="width: 50%;" type="text"&gt;&lt;/div></div>', ''),
	(11, 'form_', 16, '<div style="position: relative; top: 0px; left: 0px;"><div><label for="field_64" class="" style="">Is the job seeker still working for you?</label>&lt;input name="field_64" value="" id="field_64" maxlength="100" size="50" style="width: 50%;" type="text"&gt;&lt;/div></div><div style="position: relative; top: 0px; left: 0px;"><div><label for="field_65" class="" style="">What are the reasons for keeping this person in the job?</label>&lt;input name="field_65" value="" id="field_65" maxlength="100" size="50" style="width: 50%;" type="text"&gt;&lt;/div></div><div style="position: relative; top: 0px; left: 0px;"><div><label for="field_66" class="" style="">Why did this person leave?</label>&lt;input name="field_66" value="" id="field_66" maxlength="100" size="50" style="width: 50%;" type="text"&gt;&lt;/div></div><div><div><label for="field_67" class="" style="">Do you have any other jobs for people with disability</label>&lt;input name="field_67" value="" id="field_67" maxlength="100" size="50" style="width: 50%;" type="text"&gt;&lt;/div></div>', ''),
	(12, 'form_', 17, '<div style="position: relative; top: 0px; left: 0px;"><div><label for="field_68" class="" style="">Would you employ someone with a disability again?</label>&lt;input name="field_68" value="" id="field_68" maxlength="100" size="50" style="width: 50%;" type="text"&gt;&lt;/div></div><div style="position: relative; top: 0px; left: 0px;"><div><label for="field_69" class="" style="">IF you said NO please can you explain</label>&lt;input name="field_69" value="" id="field_69" maxlength="100" size="50" style="width: 50%;" type="text"&gt;&lt;/div></div><div style="position: relative; top: 0px; left: 0px;"><div><label for="field_71" class="" style="">Was the job coach helpful?</label>&lt;input name="field_71" value="" id="field_71" maxlength="100" size="50" style="width: 50%;" type="text"&gt;&lt;/div></div><div style="position: relative; top: 0px; left: 0px;"><div><label for="field_73" class="" style="">Is there something that DRD did well?</label>&lt;input name="field_73" value="" id="field_73" maxlength="100" size="50" style="width: 50%;" type="text"&gt;&lt;/div></div><div><div><label for="field_74" class="" style="">Is there something that DRD can do better?</label>&lt;input name="field_74" value="" id="field_74" maxlength="100" size="50" style="width: 50%;" type="text"&gt;&lt;/div></div><div><div><label for="field_75" class="" style="">Do you have any other jobs for people with disability</label>&lt;input name="field_75" value="" id="field_75" maxlength="100" size="50" style="width: 50%;" type="text"&gt;&lt;/div></div>', ''),
	(13, 'form_', 18, '<div style="position: relative; top: 0px; left: 0px;"><div>\n    <label for="field_76">Câu 1: Dạng khuyết tật của bạn? (Xin vui lòng miêu tả cụ thể)</label>\n    &lt;textarea id="field_76" name="field_76" rows="4" cols="20"&gt;&lt;/textarea>\n</div></div><div><div>\n    <label for="field_77">Câu 2: Nguyên nhân dẫn  đến khuyết tật?</label>\n    &lt;textarea id="field_77" name="field_77" rows="4" cols="20"&gt;&lt;/textarea>\n</div></div>', ''),
	(14, 'form_', 19, '<div><div id="wrapper_field_78" class="textinput_wrapper"><label for="field_78" class="vietnamese_english" style="">Tên công việc</label>&lt;input type="text" name="field_78" value="" id="field_78" size="50" class="searchable"&gt;&lt;/div></div><div><div id="wrapper_field_118" class="datapicker_wrapper">\n    <label for="field_118" class="vietnamese_english">Tài liệu mô tả:</label>\n    <a id="manage_gdoc_field_118" class="" href="#">Google Docs</a>\n    &lt;input id="field_118" name="field_118" type="text" value="" class="" style="width: 90%"&gt;\n    \n    <div style="text-align:center;">\n        &lt;iframe id="gdoc_view_field_118" src="" frameborder="0" width="99%" height="220" style="display: none;"&gt;&lt;/iframe>\n    </div>\n    &lt;!--SCRIPT\n        var field_118_init = function(){\n            var f = function(){\n                var s = $(this).val();\n                //if( s.indexOf("https://docs.google.com/View?id=") == 0 )\n                {\n                    $("#gdoc_view_field_118").attr(\'src\',s).show();\n                }\n            };\n            $("#field_118").change(f);\n            var gdocsManage = function(){\n             //   setGoogleDocsFieldForNode = $(this);\n               // var url = "http://google-docs-service.drd-vn-database.com/";\n               var url = "https://docs.google.com/#all";\n                var win2 = window.open(url, "Google Docs", "width=1100,height=700,scrollbars=yes,location=yes");\n                return false;\n            };\n            $("#manage_gdoc_field_118").click(gdocsManage);            \n        };\n        field_118_init();\n    --&gt;\n</div>\n</div>', 'var field_118_init = function(){\n            var f = function(){\n                var s = $(this).val();\n                //if( s.indexOf("https://docs.google.com/View?id=") == 0 )\n                {\n                    $("#gdoc_view_field_118").attr(\'src\',s).show();\n                }\n            };\n            $("#field_118").change(f);\n            var gdocsManage = function(){\n             //   setGoogleDocsFieldForNode = $(this);\n               // var url = "http://google-docs-service.drd-vn-database.com/";\n               var url = "https://docs.google.com/#all";\n                var win2 = window.open(url, "Google Docs", "width=1100,height=700,scrollbars=yes,location=yes");\n                return false;\n            };\n            $("#manage_gdoc_field_118").click(gdocsManage);            \n        };\n        field_118_init();'),
	(16, 'form_', 3, '<div style="position: relative; top: 0px; left: 0px;"><div>\n    <label for="field_82" class="vietnamese_english">Trình độ học vấn / School level</label>\n    <select name="field_82">\n                <option value="149" class="vietnamese_english">Tiểu học / Elementary School</option>\n                <option value="150" class="vietnamese_english">Trung học cơ sở / Secondary school</option>\n                <option value="151" class="vietnamese_english">Trung học phổ thông</option>\n                <option value="152" class="vietnamese_english">Học nghề /</option>\n                <option value="153" class="vietnamese_english">Trung Cấp Nghề</option>\n                <option value="154" class="vietnamese_english">Cao đẳng / College</option>\n                <option value="155" class="vietnamese_english">Đại học / University</option>\n                <option value="156" class="vietnamese_english">Sau Đại học / Post Graduate</option>\n                <option value="157" class="vietnamese_english">Bổ túc cấp I / Continuation School level I</option>\n                <option value="158" class="vietnamese_english">Bổ túc cấp II / Continuation School level II</option>\n                <option value="159" class="vietnamese_english">Bổ túc cấp III / Continuation School level III</option>\n            </select>\n</div></div><div style="position: relative; top: 0px; left: 0px;"><div><label for="field_92" class="vietnamese_english" style="">Chuyên ngành</label>&lt;input name="field_92" value="" id="field_92" maxlength="100" size="50" style="width: 50%;" type="text"&gt;&lt;/div></div><div style="position: relative; top: 0px; left: 0px;"><div>\n    <label for="field_83" class="vietnamese_english">Bằng cấp - Chứng chỉ - Chứng nhận / Qualification - Certificate</label>\n    <select name="field_83">\n                <option value="160" class="vietnamese_english">Không có bằng cấp / No qualification</option>\n                <option value="161" class="vietnamese_english">Bằng cấp I</option>\n                <option value="162" class="vietnamese_english">Bằng cấp II</option>\n                <option value="163" class="vietnamese_english">Bằng cấp III</option>\n                <option value="164" class="vietnamese_english">Bằng trung cấp nghề</option>\n                <option value="165" class="vietnamese_english">Cử nhân / BA</option>\n                <option value="166" class="vietnamese_english">Thạc sĩ / MA/MS</option>\n                <option value="167" class="vietnamese_english">Tiến sĩ / PhD</option>\n                <option value="168" class="vietnamese_english">Bằng cấp chính quy</option>\n                <option value="169" class="vietnamese_english">Bằng cấp không chính quy</option>\n                <option value="465" class="vietnamese_english">Kỹ sư / Engineer</option>\n            </select>\n</div></div><div><div><label for="field_90" class="vietnamese_english" style="">Nơi cấp</label>&lt;input name="field_90" value="" id="field_90" maxlength="100" size="50" style="width: 50%;" type="text"&gt;&lt;/div></div><div><div>\n    <label for="field_91" class="vietnamese_english">Ngày cấp:</label>\n    &lt;input class="" id="field_91" name="field_91" value="" type="text"&gt;\n    &lt;!--SCRIPT\n        var field_91_init = function(){\n            var options = {autoSize: true , constrainInput: true };\n                        options.dateFormat = \'dd/mm/yy\';\n            options.changeYear = true;\n            options.yearRange = \'1950:2010\';\n            options.dayNamesMin = [\'CN\', \'T2\', \'T3\', \'T4\', \'T5\', \'T6\', \'T7\'];\n            options.monthNames = [\'Tháng 1,\',\'Tháng 2,\',\'Tháng 3,\',\'Tháng 4,\',\'Tháng 5,\',\'Tháng 6,\',\'Tháng 7,\',\'Tháng 8,\',\'Tháng 9,\',\'Tháng 10,\',\'Tháng 11,\',\'Tháng 12,\'];\n            options.nextText = \'Tháng kế tiếp\' ;\n            options.prevText = \'Tháng trước\' ;\n                        jQuery("#field_91").datepicker(options);\n        };\n        field_91_init();\n    --&gt;\n</div>\n</div>', 'var field_91_init = function(){\n            var options = {autoSize: true , constrainInput: true };\n                        options.dateFormat = \'dd/mm/yy\';\n            options.changeYear = true;\n            options.yearRange = \'1950:2010\';\n            options.dayNamesMin = [\'CN\', \'T2\', \'T3\', \'T4\', \'T5\', \'T6\', \'T7\'];\n            options.monthNames = [\'Tháng 1,\',\'Tháng 2,\',\'Tháng 3,\',\'Tháng 4,\',\'Tháng 5,\',\'Tháng 6,\',\'Tháng 7,\',\'Tháng 8,\',\'Tháng 9,\',\'Tháng 10,\',\'Tháng 11,\',\'Tháng 12,\'];\n            options.nextText = \'Tháng kế tiếp\' ;\n            options.prevText = \'Tháng trước\' ;\n                        jQuery("#field_91").datepicker(options);\n        };\n        field_91_init();'),
	(17, 'form_', 4, '<div><div id="wrapper_field_114" class="textinput_wrapper"><label for="field_114" class="vietnamese_english" style="">Mong muốn học nghề</label>&lt;input type="text" name="field_114" value="" id="field_114" size="50" class="searchable"&gt;&lt;/div></div><div><div id="wrapper_field_84">\n    <p class="vietnamese_english">Sở thích / Hobby</p>\n            <div class="checkbox_wrapper">\n            &lt;input type="checkbox" id="1XVdUYlS5D" name="field_84" value="170" class="searchable"&gt;\n            <label for="1XVdUYlS5D" class="vietnamese_english">Thể thao / Sport</label>\n        </div>\n            <div class="checkbox_wrapper">\n            &lt;input type="checkbox" id="6eokcTMiw46" name="field_84" value="171" class="searchable"&gt;\n            <label for="6eokcTMiw46" class="vietnamese_english">Làm vườn / Gardening</label>\n        </div>\n            <div class="checkbox_wrapper">\n            &lt;input type="checkbox" id="bY5nva1Yqy9" name="field_84" value="172" class="searchable"&gt;\n            <label for="bY5nva1Yqy9" class="vietnamese_english">Công nghệ thông tin / IT</label>\n        </div>\n            <div class="checkbox_wrapper">\n            &lt;input type="checkbox" id="f0z2K6T0e0f" name="field_84" value="173" class="searchable"&gt;\n            <label for="f0z2K6T0e0f" class="vietnamese_english">Xem phim / Watching film</label>\n        </div>\n            <div class="checkbox_wrapper">\n            &lt;input type="checkbox" id="Jus9dqjbyGA5" name="field_84" value="174" class="searchable"&gt;\n            <label for="Jus9dqjbyGA5" class="vietnamese_english">Nấu ăn / Cooking</label>\n        </div>\n            <div class="checkbox_wrapper">\n            &lt;input type="checkbox" id="P2Z2Tc8h82t" name="field_84" value="175" class="searchable"&gt;\n            <label for="P2Z2Tc8h82t" class="vietnamese_english">Du lịch / Traveling</label>\n        </div>\n            <div class="checkbox_wrapper">\n            &lt;input type="checkbox" id="NVJvNG3L31" name="field_84" value="176" class="searchable"&gt;\n            <label for="NVJvNG3L31" class="vietnamese_english">Đọc sách / Reading</label>\n        </div>\n            <div class="checkbox_wrapper">\n            &lt;input type="checkbox" id="iwz0TR4cI" name="field_84" value="177" class="searchable"&gt;\n            <label for="iwz0TR4cI" class="vietnamese_english">Trang điểm / Make up</label>\n        </div>\n            <div class="checkbox_wrapper">\n            &lt;input type="checkbox" id="3Ga93UNGY1" name="field_84" value="178" class="searchable"&gt;\n            <label for="3Ga93UNGY1" class="vietnamese_english">Nghiên cứu / Research</label>\n        </div>\n            <div class="checkbox_wrapper">\n            &lt;input type="checkbox" id="THf2Z2i6K" name="field_84" value="179" class="searchable"&gt;\n            <label for="THf2Z2i6K" class="vietnamese_english">Giữ trẻ / Child care</label>\n        </div>\n            <div class="checkbox_wrapper">\n            &lt;input type="checkbox" id="y1abYQX1Jl71" name="field_84" value="180" class="searchable"&gt;\n            <label for="y1abYQX1Jl71" class="vietnamese_english">Mua sắm / Shopping</label>\n        </div>\n            <div class="checkbox_wrapper">\n            &lt;input type="checkbox" id="P2864MKwTcPR" name="field_84" value="181" class="searchable"&gt;\n            <label for="P2864MKwTcPR" class="vietnamese_english">Thêu thùa/May vá / Sewing/Handicraft</label>\n        </div>\n            <div class="checkbox_wrapper">\n            &lt;input type="checkbox" id="5YV7VXqJvN9" name="field_84" value="182" class="searchable"&gt;\n            <label for="5YV7VXqJvN9" class="vietnamese_english">Nghề mộc / Woodwork</label>\n        </div>\n            <div class="checkbox_wrapper">\n            &lt;input type="checkbox" id="pRI0t2i6fCP0" name="field_84" value="183" class="searchable"&gt;\n            <label for="pRI0t2i6fCP0" class="vietnamese_english">Nhiếp ảnh / Photography</label>\n        </div>\n            <div class="checkbox_wrapper">\n            &lt;input type="checkbox" id="53vYvauSqS9X" name="field_84" value="184" class="searchable"&gt;\n            <label for="53vYvauSqS9X" class="vietnamese_english">Thời trang / Fashion Designer</label>\n        </div>\n            <div class="checkbox_wrapper">\n            &lt;input type="checkbox" id="2z6k24WZw" name="field_84" value="185" class="searchable"&gt;\n            <label for="2z6k24WZw" class="vietnamese_english">Tham gia các hoạt động xã hội / Social activity </label>\n        </div>\n            <div class="checkbox_wrapper">\n            &lt;input type="checkbox" id="qs1svjqxV" name="field_84" value="186" class="searchable"&gt;\n            <label for="qs1svjqxV" class="vietnamese_english">Nghe nhạc / Music</label>\n        </div>\n            <div class="checkbox_wrapper">\n            &lt;input type="checkbox" id="FW42fWioict0" name="field_84" value="187" class="searchable"&gt;\n            <label for="FW42fWioict0" class="vietnamese_english">Khác / Other</label>\n        </div>\n            <div class="checkbox_wrapper">\n            &lt;input type="checkbox" id="b3VYG7laux" name="field_84" value="466" class="searchable"&gt;\n            <label for="b3VYG7laux" class="vietnamese_english">Không / None</label>\n        </div>\n    </div></div><div><div id="wrapper_field_86">\n    <label for="field_86" class="vietnamese_english">Kinh nghiệm/Experiences</label>\n    <select id="field_86" name="field_86" class="searchable">\n                <option value="219" class="vietnamese_english">0 năm</option>\n                <option value="220" class="vietnamese_english">1</option>\n                <option value="221" class="vietnamese_english">2</option>\n                <option value="222" class="vietnamese_english">3</option>\n                <option value="223" class="vietnamese_english">4</option>\n                <option value="224" class="vietnamese_english">5</option>\n                <option value="225" class="vietnamese_english">6</option>\n                <option value="226" class="vietnamese_english">7</option>\n                <option value="227" class="vietnamese_english">8</option>\n                <option value="228" class="vietnamese_english">9</option>\n                <option value="450" class="vietnamese_english">trên 10 năm</option>\n            </select>\n</div></div><div><div id="wrapper_field_94">\n    <p class="vietnamese_english">Các kỹ năng cần có/Skills needed</p>\n            <div class="checkbox_wrapper">\n            &lt;input type="checkbox" id="171x9YV7uD" name="field_94" value="316" class="searchable"&gt;\n            <label for="171x9YV7uD" class="vietnamese_english">Công nghệ thông tin / IT</label>\n        </div>\n            <div class="checkbox_wrapper">\n            &lt;input type="checkbox" id="oKOiMp080K" name="field_94" value="317" class="searchable"&gt;\n            <label for="oKOiMp080K" class="vietnamese_english">Word</label>\n        </div>\n            <div class="checkbox_wrapper">\n            &lt;input type="checkbox" id="DG7vylA9Y1S5" name="field_94" value="318" class="searchable"&gt;\n            <label for="DG7vylA9Y1S5" class="vietnamese_english">Excel</label>\n        </div>\n            <div class="checkbox_wrapper">\n            &lt;input type="checkbox" id="I6EC8hERi6zM" name="field_94" value="319" class="searchable"&gt;\n            <label for="I6EC8hERi6zM" class="vietnamese_english">Power point</label>\n        </div>\n            <div class="checkbox_wrapper">\n            &lt;input type="checkbox" id="bDlX5sVNV" name="field_94" value="320" class="searchable"&gt;\n            <label for="bDlX5sVNV" class="vietnamese_english">Đồ họa / Graphics</label>\n        </div>\n            <div class="checkbox_wrapper">\n            &lt;input type="checkbox" id="trzC8rt2T" name="field_94" value="321" class="searchable"&gt;\n            <label for="trzC8rt2T" class="vietnamese_english">Email</label>\n        </div>\n            <div class="checkbox_wrapper">\n            &lt;input type="checkbox" id="35D5JUA5s5" name="field_94" value="322" class="searchable"&gt;\n            <label for="35D5JUA5s5" class="vietnamese_english">Access</label>\n        </div>\n            <div class="checkbox_wrapper">\n            &lt;input type="checkbox" id="i6IHp0ko4rt" name="field_94" value="323" class="searchable"&gt;\n            <label for="i6IHp0ko4rt" class="vietnamese_english">Làm việc độc lập / Independent work</label>\n        </div>\n            <div class="checkbox_wrapper">\n            &lt;input type="checkbox" id="XQsuYb7Qa" name="field_94" value="324" class="searchable"&gt;\n            <label for="XQsuYb7Qa" class="vietnamese_english">Sử dụng ngôn ngữ ký hiệu / Sign language</label>\n        </div>\n            <div class="checkbox_wrapper">\n            &lt;input type="checkbox" id="WpokHFRTO8rz" name="field_94" value="325" class="searchable"&gt;\n            <label for="WpokHFRTO8rz" class="vietnamese_english">Nấu ăn / Cooking</label>\n        </div>\n            <div class="checkbox_wrapper">\n            &lt;input type="checkbox" id="aus5X5dl3" name="field_94" value="326" class="searchable"&gt;\n            <label for="aus5X5dl3" class="vietnamese_english">Nhiếp ảnh / Photography</label>\n        </div>\n            <div class="checkbox_wrapper">\n            &lt;input type="checkbox" id="2F0k24czrZW" name="field_94" value="327" class="searchable"&gt;\n            <label for="2F0k24czrZW" class="vietnamese_english">Viết sơ yếu lý lịch / CV writing skill</label>\n        </div>\n            <div class="checkbox_wrapper">\n            &lt;input type="checkbox" id="9Aq3G75Yvs" name="field_94" value="328" class="searchable"&gt;\n            <label for="9Aq3G75Yvs" class="vietnamese_english">Phỏng vấn / Interview answering skill</label>\n        </div>\n            <div class="checkbox_wrapper">\n            &lt;input type="checkbox" id="WicZ0tCE2eo" name="field_94" value="329" class="searchable"&gt;\n            <label for="WicZ0tCE2eo" class="vietnamese_english">Tìm việc / Job seeking skill</label>\n        </div>\n            <div class="checkbox_wrapper">\n            &lt;input type="checkbox" id="VdQDlxGd17" name="field_94" value="330" class="searchable"&gt;\n            <label for="VdQDlxGd17" class="vietnamese_english">Quản lý / Managing</label>\n        </div>\n            <div class="checkbox_wrapper">\n            &lt;input type="checkbox" id="o8m40kMzcP0P" name="field_94" value="331" class="searchable"&gt;\n            <label for="o8m40kMzcP0P" class="vietnamese_english">Giao tiếp / Communicating</label>\n        </div>\n            <div class="checkbox_wrapper">\n            &lt;input type="checkbox" id="yg757bygdq" name="field_94" value="332" class="searchable"&gt;\n            <label for="yg757bygdq" class="vietnamese_english">Lãnh đạo / Leading</label>\n        </div>\n            <div class="checkbox_wrapper">\n            &lt;input type="checkbox" id="Fhz64h4r8r" name="field_94" value="333" class="searchable"&gt;\n            <label for="Fhz64h4r8r" class="vietnamese_english">Làm việc nhóm / Teamwork</label>\n        </div>\n            <div class="checkbox_wrapper">\n            &lt;input type="checkbox" id="BA135xB3v" name="field_94" value="334" class="searchable"&gt;\n            <label for="BA135xB3v" class="vietnamese_english">Tự đi lại / Independent travel</label>\n        </div>\n            <div class="checkbox_wrapper">\n            &lt;input type="checkbox" id="i6804hP0Z" name="field_94" value="335" class="searchable"&gt;\n            <label for="i6804hP0Z" class="vietnamese_english">Không / None</label>\n        </div>\n    </div></div><div><div id="wrapper_field_88">\n    <p class="vietnamese_english">Các kỹ năng hiện có/Skills now</p>\n            <div class="checkbox_wrapper">\n            &lt;input type="checkbox" id="2EhkC4CeMKO" name="field_88" value="296" class="searchable"&gt;\n            <label for="2EhkC4CeMKO" class="vietnamese_english">Công nghệ thông tin / IT</label>\n        </div>\n            <div class="checkbox_wrapper">\n            &lt;input type="checkbox" id="L3GABA1Xu" name="field_88" value="297" class="searchable"&gt;\n            <label for="L3GABA1Xu" class="vietnamese_english">Word</label>\n        </div>\n            <div class="checkbox_wrapper">\n            &lt;input type="checkbox" id="p6E0T0I0z0" name="field_88" value="298" class="searchable"&gt;\n            <label for="p6E0T0I0z0" class="vietnamese_english">Excel</label>\n        </div>\n            <div class="checkbox_wrapper">\n            &lt;input type="checkbox" id="uN9xG3Unu" name="field_88" value="299" class="searchable"&gt;\n            <label for="uN9xG3Unu" class="vietnamese_english">Power point</label>\n        </div>\n            <div class="checkbox_wrapper">\n            &lt;input type="checkbox" id="ehE6ZOE6em8" name="field_88" value="300" class="searchable"&gt;\n            <label for="ehE6ZOE6em8" class="vietnamese_english">Đồ họa / Graphics</label>\n        </div>\n            <div class="checkbox_wrapper">\n            &lt;input type="checkbox" id="yun13GA575" name="field_88" value="301" class="searchable"&gt;\n            <label for="yun13GA575" class="vietnamese_english">Email</label>\n        </div>\n            <div class="checkbox_wrapper">\n            &lt;input type="checkbox" id="4H40K246eMt" name="field_88" value="302" class="searchable"&gt;\n            <label for="4H40K246eMt" class="vietnamese_english">Access</label>\n        </div>\n            <div class="checkbox_wrapper">\n            &lt;input type="checkbox" id="abyvAgXl3g" name="field_88" value="303" class="searchable"&gt;\n            <label for="abyvAgXl3g" class="vietnamese_english">Làm việc độc lập / Independent work</label>\n        </div>\n            <div class="checkbox_wrapper">\n            &lt;input type="checkbox" id="t6KOzcphfc" name="field_88" value="304" class="searchable"&gt;\n            <label for="t6KOzcphfc" class="vietnamese_english">Sử dụng ngôn ngữ ký hiệu / Sign language</label>\n        </div>\n            <div class="checkbox_wrapper">\n            &lt;input type="checkbox" id="UaQXln93Q" name="field_88" value="305" class="searchable"&gt;\n            <label for="UaQXln93Q" class="vietnamese_english">Nấu ăn / Cooking</label>\n        </div>\n            <div class="checkbox_wrapper">\n            &lt;input type="checkbox" id="fCPOImZHZ04o" name="field_88" value="306" class="searchable"&gt;\n            <label for="fCPOImZHZ04o" class="vietnamese_english">Nhiếp ảnh / Photography</label>\n        </div>\n            <div class="checkbox_wrapper">\n            &lt;input type="checkbox" id="57g7l3qyGaVd" name="field_88" value="307" class="searchable"&gt;\n            <label for="57g7l3qyGaVd" class="vietnamese_english">Viết sơ yếu lý lịch / CV writing skill</label>\n        </div>\n            <div class="checkbox_wrapper">\n            &lt;input type="checkbox" id="MIR42Fm4Hi2" name="field_88" value="308" class="searchable"&gt;\n            <label for="MIR42Fm4Hi2" class="vietnamese_english">Trả lời phỏng vấn / Interview answering skill</label>\n        </div>\n            <div class="checkbox_wrapper">\n            &lt;input type="checkbox" id="9AbY5YqybXL7" name="field_88" value="309" class="searchable"&gt;\n            <label for="9AbY5YqybXL7" class="vietnamese_english">Tìm việc / Job seeking skill</label>\n        </div>\n            <div class="checkbox_wrapper">\n            &lt;input type="checkbox" id="C4MTW40eCz6" name="field_88" value="310" class="searchable"&gt;\n            <label for="C4MTW40eCz6" class="vietnamese_english">Quản lý / Managing</label>\n        </div>\n            <div class="checkbox_wrapper">\n            &lt;input type="checkbox" id="5J97GxBnujU7" name="field_88" value="311" class="searchable"&gt;\n            <label for="5J97GxBnujU7" class="vietnamese_english">Giao tiếp / Communicating</label>\n        </div>\n            <div class="checkbox_wrapper">\n            &lt;input type="checkbox" id="rz0PoK0I6eM4" name="field_88" value="312" class="searchable"&gt;\n            <label for="rz0PoK0I6eM4" class="vietnamese_english">Lãnh đạo / Leading</label>\n        </div>\n            <div class="checkbox_wrapper">\n            &lt;input type="checkbox" id="7V3QN1y1Nv" name="field_88" value="313" class="searchable"&gt;\n            <label for="7V3QN1y1Nv" class="vietnamese_english">Làm việc nhóm / Teamwork</label>\n        </div>\n            <div class="checkbox_wrapper">\n            &lt;input type="checkbox" id="emt0p6iwK" name="field_88" value="314" class="searchable"&gt;\n            <label for="emt0p6iwK" class="vietnamese_english">Tự đi lại / Independent travel</label>\n        </div>\n            <div class="checkbox_wrapper">\n            &lt;input type="checkbox" id="D17B79aQxB" name="field_88" value="315" class="searchable"&gt;\n            <label for="D17B79aQxB" class="vietnamese_english">Không / None</label>\n        </div>\n            <div class="checkbox_wrapper">\n            &lt;input type="checkbox" id="i6KH46Pwk" name="field_88" value="555" class="searchable"&gt;\n            <label for="i6KH46Pwk" class="vietnamese_english">Đàn</label>\n        </div>\n    </div></div>', ''),
	(18, 'form_', 5, '<div style="position: relative; top: 0px; left: 0px; width: 757px; height: 40px; "><div id="wrapper_field_128">\n    <label for="field_128" class="vietnamese_english">Nhóm ngành việc làm</label>\n    <select id="field_128" dropdownchecklist="true" name="field_128" class="searchable" multiple="" style="white-space: nowrap; width: 75%; height: 80px; display: none; ">\n                <option value="567" class="vietnamese_english">Khách sạn – Du lịch</option>\n                <option value="568" class="vietnamese_english">Sản xuất</option>\n                <option value="569" class="vietnamese_english">Kinh doanh – Thương mại</option>\n                <option value="570" class="vietnamese_english">Truyền thông - PR</option>\n                <option value="571" class="vietnamese_english">Hàng tiêu dùng</option>\n                <option value="572" class="vietnamese_english">Dịch vụ - hỗ trợ</option>\n                <option value="573" class="vietnamese_english">Công nghệ thông tin</option>\n                <option value="574" class="vietnamese_english">Viễn thông</option>\n                <option value="575" class="vietnamese_english">Kỹ thuật – công nghệ</option>\n                <option value="576" class="vietnamese_english">Hành chính – nhân sự</option>\n                <option value="577" class="vietnamese_english">Làm thêm</option>\n                <option value="578" class="vietnamese_english">Tài chính – tiền tệ</option>\n                <option value="579" class="vietnamese_english">Xây dựng</option>\n                <option value="580" class="vietnamese_english">Ngành nghề khác</option>\n            </select><div class="ui-dropdownchecklist ui-dropdownchecklist-dropcontainer-wrapper ui-widget" id="ddcl-field_128-ddw" style="position: absolute; left: -33000px; top: -33000px; height: 122px; width: 266px; "><div class="ui-dropdownchecklist-dropcontainer ui-widget-content" style="overflow-y: auto; height: 122px; "><div class="ui-dropdownchecklist-item ui-state-default" style="white-space: nowrap; ">&lt;input disabled="" type="checkbox" id="ddcl-field_128-i0" class="active" tabindex="0" index="0" value="567"&gt;&lt;label for="ddcl-field_128-i0" class="ui-dropdownchecklist-text" style="cursor: default; " title="Khách sạn – Du lịch">Khách sạn – Du lịch</label></div><div class="ui-dropdownchecklist-item ui-state-default" style="white-space: nowrap; ">&lt;input disabled="" type="checkbox" id="ddcl-field_128-i1" class="active" tabindex="0" index="1" value="568"&gt;&lt;label for="ddcl-field_128-i1" class="ui-dropdownchecklist-text" style="cursor: default; " title="Sản xuất">Sản xuất</label></div><div class="ui-dropdownchecklist-item ui-state-default" style="white-space: nowrap; ">&lt;input disabled="" type="checkbox" id="ddcl-field_128-i2" class="active" tabindex="0" index="2" value="569"&gt;&lt;label for="ddcl-field_128-i2" class="ui-dropdownchecklist-text" style="cursor: default; " title="Kinh doanh – Thương mại">Kinh doanh – Thương mại</label></div><div class="ui-dropdownchecklist-item ui-state-default" style="white-space: nowrap; ">&lt;input disabled="" type="checkbox" id="ddcl-field_128-i3" class="active" tabindex="0" index="3" value="570"&gt;&lt;label for="ddcl-field_128-i3" class="ui-dropdownchecklist-text" style="cursor: default; " title="Truyền thông - PR">Truyền thông - PR</label></div><div class="ui-dropdownchecklist-item ui-state-default" style="white-space: nowrap; ">&lt;input disabled="" type="checkbox" id="ddcl-field_128-i4" class="active" tabindex="0" index="4" value="571"&gt;&lt;label for="ddcl-field_128-i4" class="ui-dropdownchecklist-text" style="cursor: default; " title="Hàng tiêu dùng">Hàng tiêu dùng</label></div><div class="ui-dropdownchecklist-item ui-state-default" style="white-space: nowrap; ">&lt;input disabled="" type="checkbox" id="ddcl-field_128-i5" class="active" tabindex="0" index="5" value="572"&gt;&lt;label for="ddcl-field_128-i5" class="ui-dropdownchecklist-text" style="cursor: default; " title="Dịch vụ - hỗ trợ">Dịch vụ - hỗ trợ</label></div><div class="ui-dropdownchecklist-item ui-state-default" style="white-space: nowrap; ">&lt;input disabled="" type="checkbox" id="ddcl-field_128-i6" class="active" tabindex="0" index="6" value="573"&gt;&lt;label for="ddcl-field_128-i6" class="ui-dropdownchecklist-text" style="cursor: default; " title="Công nghệ thông tin">Công nghệ thông tin</label></div><div class="ui-dropdownchecklist-item ui-state-default" style="white-space: nowrap; ">&lt;input disabled="" type="checkbox" id="ddcl-field_128-i7" class="active" tabindex="0" index="7" value="574"&gt;&lt;label for="ddcl-field_128-i7" class="ui-dropdownchecklist-text" style="cursor: default; " title="Viễn thông">Viễn thông</label></div><div class="ui-dropdownchecklist-item ui-state-default" style="white-space: nowrap; ">&lt;input disabled="" type="checkbox" id="ddcl-field_128-i8" class="active" tabindex="0" index="8" value="575"&gt;&lt;label for="ddcl-field_128-i8" class="ui-dropdownchecklist-text" style="cursor: default; " title="Kỹ thuật – công nghệ">Kỹ thuật – công nghệ</label></div><div class="ui-dropdownchecklist-item ui-state-default" style="white-space: nowrap; ">&lt;input disabled="" type="checkbox" id="ddcl-field_128-i9" class="active" tabindex="0" index="9" value="576"&gt;&lt;label for="ddcl-field_128-i9" class="ui-dropdownchecklist-text" style="cursor: default; " title="Hành chính – nhân sự">Hành chính – nhân sự</label></div><div class="ui-dropdownchecklist-item ui-state-default" style="white-space: nowrap; ">&lt;input disabled="" type="checkbox" id="ddcl-field_128-i10" class="active" tabindex="0" index="10" value="577"&gt;&lt;label for="ddcl-field_128-i10" class="ui-dropdownchecklist-text" style="cursor: default; " title="Làm thêm">Làm thêm</label></div><div class="ui-dropdownchecklist-item ui-state-default" style="white-space: nowrap; ">&lt;input disabled="" type="checkbox" id="ddcl-field_128-i11" class="active" tabindex="0" index="11" value="578"&gt;&lt;label for="ddcl-field_128-i11" class="ui-dropdownchecklist-text" style="cursor: default; " title="Tài chính – tiền tệ">Tài chính – tiền tệ</label></div><div class="ui-dropdownchecklist-item ui-state-default" style="white-space: nowrap; ">&lt;input disabled="" type="checkbox" id="ddcl-field_128-i12" class="active" tabindex="0" index="12" value="579"&gt;&lt;label for="ddcl-field_128-i12" class="ui-dropdownchecklist-text" style="cursor: default; " title="Xây dựng">Xây dựng</label></div><div class="ui-dropdownchecklist-item ui-state-default" style="white-space: nowrap; ">&lt;input disabled="" type="checkbox" id="ddcl-field_128-i13" class="active" tabindex="0" index="13" value="580"&gt;&lt;label for="ddcl-field_128-i13" class="ui-dropdownchecklist-text" style="cursor: default; " title="Ngành nghề khác">Ngành nghề khác</label></div></div></div>\n\n    &lt;!--SCRIPT\n    \n    --&gt;\n</div></div><div><div id="wrapper_field_85">\n    <p class="vietnamese_english">Loại công việc bạn từng làm / Types of work have you done </p>\n            <div class="checkbox_wrapper">\n            &lt;input type="checkbox" id="P6I0Zh42er42" name="field_85" value="188" class="searchable"&gt;\n            <label for="P6I0Zh42er42" class="vietnamese_english">Kế toán / Accounting</label>\n        </div>\n            <div class="checkbox_wrapper">\n            &lt;input type="checkbox" id="9XV3B79SB" name="field_85" value="189" class="searchable"&gt;\n            <label for="9XV3B79SB" class="vietnamese_english">Luật / Law</label>\n        </div>\n            <div class="checkbox_wrapper">\n            &lt;input type="checkbox" id="kmZmEHioP" name="field_85" value="190" class="searchable"&gt;\n            <label for="kmZmEHioP" class="vietnamese_english">Công tác xã hội / Social work</label>\n        </div>\n            <div class="checkbox_wrapper">\n            &lt;input type="checkbox" id="DBa5AL7lxuD" name="field_85" value="191" class="searchable"&gt;\n            <label for="DBa5AL7lxuD" class="vietnamese_english">Y tế / Health</label>\n        </div>\n            <div class="checkbox_wrapper">\n            &lt;input type="checkbox" id="OTCK2428hzMk" name="field_85" value="192" class="searchable"&gt;\n            <label for="OTCK2428hzMk" class="vietnamese_english">Nghệ thuật / Art</label>\n        </div>\n            <div class="checkbox_wrapper">\n            &lt;input type="checkbox" id="a5DLNVjU7" name="field_85" value="193" class="searchable"&gt;\n            <label for="a5DLNVjU7" class="vietnamese_english">Cơ khí / Mechanical</label>\n        </div>\n            <div class="checkbox_wrapper">\n            &lt;input type="checkbox" id="oZrP0tREmE2" name="field_85" value="194" class="searchable"&gt;\n            <label for="oZrP0tREmE2" class="vietnamese_english">Viễn thông / Telecommunication</label>\n        </div>\n            <div class="checkbox_wrapper">\n            &lt;input type="checkbox" id="bJLyq75D5DLN" name="field_85" value="195" class="searchable"&gt;\n            <label for="bJLyq75D5DLN" class="vietnamese_english">Thủ công / Handicraft</label>\n        </div>\n            <div class="checkbox_wrapper">\n            &lt;input type="checkbox" id="CICFo40K6i" name="field_85" value="196" class="searchable"&gt;\n            <label for="CICFo40K6i" class="vietnamese_english">Buôn bán lẻ / Retail</label>\n        </div>\n            <div class="checkbox_wrapper">\n            &lt;input type="checkbox" id="s9Y1s93bj" name="field_85" value="197" class="searchable"&gt;\n            <label for="s9Y1s93bj" class="vietnamese_english">Tiếp thị / Marketing</label>\n        </div>\n            <div class="checkbox_wrapper">\n            &lt;input type="checkbox" id="H40F6t2K0f6" name="field_85" value="198" class="searchable"&gt;\n            <label for="H40F6t2K0f6" class="vietnamese_english">Buôn bán nội thất / Furniture</label>\n        </div>\n            <div class="checkbox_wrapper">\n            &lt;input type="checkbox" id="5x9j1Y1jB" name="field_85" value="199" class="searchable"&gt;\n            <label for="5x9j1Y1jB" class="vietnamese_english">Nhân viên văn phòng / Office</label>\n        </div>\n            <div class="checkbox_wrapper">\n            &lt;input type="checkbox" id="F6FMTheHErKM" name="field_85" value="200" class="searchable"&gt;\n            <label for="F6FMTheHErKM" class="vietnamese_english">Nghề nông / Agriculture</label>\n        </div>\n            <div class="checkbox_wrapper">\n            &lt;input type="checkbox" id="9n5X1XgJV" name="field_85" value="201" class="searchable"&gt;\n            <label for="9n5X1XgJV" class="vietnamese_english">Mat-xa / Massage</label>\n        </div>\n            <div class="checkbox_wrapper">\n            &lt;input type="checkbox" id="z0FhThKoZO" name="field_85" value="202" class="searchable"&gt;\n            <label for="z0FhThKoZO" class="vietnamese_english">Làm vườn / Gardening</label>\n        </div>\n            <div class="checkbox_wrapper">\n            &lt;input type="checkbox" id="V7qy5D5yVJ" name="field_85" value="203" class="searchable"&gt;\n            <label for="V7qy5D5yVJ" class="vietnamese_english">Đầu bếp / Cook</label>\n        </div>\n            <div class="checkbox_wrapper">\n            &lt;input type="checkbox" id="mF0ZcFCerI" name="field_85" value="204" class="searchable"&gt;\n            <label for="mF0ZcFCerI" class="vietnamese_english">Giáo viên / Teacher</label>\n        </div>\n            <div class="checkbox_wrapper">\n            &lt;input type="checkbox" id="sVyGn5XlSl3B" name="field_85" value="205" class="searchable"&gt;\n            <label for="sVyGn5XlSl3B" class="vietnamese_english">Chủ doanh nghiệp nhỏ / Small enterprise</label>\n        </div>\n            <div class="checkbox_wrapper">\n            &lt;input type="checkbox" id="EOK6E0frTh8w" name="field_85" value="206" class="searchable"&gt;\n            <label for="EOK6E0frTh8w" class="vietnamese_english">Làm việc ở nhà / Working for Home </label>\n        </div>\n            <div class="checkbox_wrapper">\n            &lt;input type="checkbox" id="BX5J9N5a9XvN" name="field_85" value="207" class="searchable"&gt;\n            <label for="BX5J9N5a9XvN" class="vietnamese_english">Thiết kế thời trang / Fashion designer</label>\n        </div>\n            <div class="checkbox_wrapper">\n            &lt;input type="checkbox" id="hzMfhfrf68C" name="field_85" value="208" class="searchable"&gt;\n            <label for="hzMfhfrf68C" class="vietnamese_english">Công nghệ thông tin / IT</label>\n        </div>\n            <div class="checkbox_wrapper">\n            &lt;input type="checkbox" id="QnuJ5xB3Ga1" name="field_85" value="209" class="searchable"&gt;\n            <label for="QnuJ5xB3Ga1" class="vietnamese_english">Điện-Điện tử / Electronics</label>\n        </div>\n            <div class="checkbox_wrapper">\n            &lt;input type="checkbox" id="8oEMtmPCE28M" name="field_85" value="210" class="searchable"&gt;\n            <label for="8oEMtmPCE28M" class="vietnamese_english">Trực điện thoại / Phone reception</label>\n        </div>\n            <div class="checkbox_wrapper">\n            &lt;input type="checkbox" id="5xb7q7B7V3" name="field_85" value="211" class="searchable"&gt;\n            <label for="5xb7q7B7V3" class="vietnamese_english">Biên-phiên dịch / Translator-Interpreter</label>\n        </div>\n            <div class="checkbox_wrapper">\n            &lt;input type="checkbox" id="reMk6E6zh" name="field_85" value="212" class="searchable"&gt;\n            <label for="reMk6E6zh" class="vietnamese_english">Dạy nhạc / Music teacher</label>\n        </div>\n            <div class="checkbox_wrapper">\n            &lt;input type="checkbox" id="vSU39Y9s93" name="field_85" value="213" class="searchable"&gt;\n            <label for="vSU39Y9s93" class="vietnamese_english">Dạy ngoại ngữ / Foreign language teacher</label>\n        </div>\n            <div class="checkbox_wrapper">\n            &lt;input type="checkbox" id="r42eoeHZ0T6" name="field_85" value="214" class="searchable"&gt;\n            <label for="r42eoeHZ0T6" class="vietnamese_english">Tư vấn viên / Adviser</label>\n        </div>\n            <div class="checkbox_wrapper">\n            &lt;input type="checkbox" id="qj5j9yVa5Slx" name="field_85" value="215" class="searchable"&gt;\n            <label for="qj5j9yVa5Slx" class="vietnamese_english">Sáng tác thơ, nhạc / Musician, Poet Composer</label>\n        </div>\n            <div class="checkbox_wrapper">\n            &lt;input type="checkbox" id="OzCtOk0fReMi" name="field_85" value="216" class="searchable"&gt;\n            <label for="OzCtOk0fReMi" class="vietnamese_english">Đờn ca tài tử / Folksong singer</label>\n        </div>\n            <div class="checkbox_wrapper">\n            &lt;input type="checkbox" id="NuYq3GYl7LA" name="field_85" value="217" class="searchable"&gt;\n            <label for="NuYq3GYl7LA" class="vietnamese_english">Nhân viên phục vụ / Servant</label>\n        </div>\n            <div class="checkbox_wrapper">\n            &lt;input type="checkbox" id="Opck2T042" name="field_85" value="218" class="searchable"&gt;\n            <label for="Opck2T042" class="vietnamese_english">Nhân viên phòng Net / Internet room keeper</label>\n        </div>\n            <div class="checkbox_wrapper">\n            &lt;input type="checkbox" id="1sqxuj139n" name="field_85" value="448" class="searchable"&gt;\n            <label for="1sqxuj139n" class="vietnamese_english">Trợ giảng / TA</label>\n        </div>\n            <div class="checkbox_wrapper">\n            &lt;input type="checkbox" id="m40Z2trI68R" name="field_85" value="468" class="searchable"&gt;\n            <label for="m40Z2trI68R" class="vietnamese_english">Kết cườm</label>\n        </div>\n            <div class="checkbox_wrapper">\n            &lt;input type="checkbox" id="qnba1D53UYbD" name="field_85" value="469" class="searchable"&gt;\n            <label for="qnba1D53UYbD" class="vietnamese_english">Sửa điện thoại</label>\n        </div>\n            <div class="checkbox_wrapper">\n            &lt;input type="checkbox" id="0p0T6Tw8Wi" name="field_85" value="470" class="searchable"&gt;\n            <label for="0p0T6Tw8Wi" class="vietnamese_english">Quản trị mạng / Network Admin</label>\n        </div>\n            <div class="checkbox_wrapper">\n            &lt;input type="checkbox" id="jVxBN57VX" name="field_85" value="471" class="searchable"&gt;\n            <label for="jVxBN57VX" class="vietnamese_english">Bảo vệ / Security</label>\n        </div>\n            <div class="checkbox_wrapper">\n            &lt;input type="checkbox" id="Hih4cFrZwz" name="field_85" value="472" class="searchable"&gt;\n            <label for="Hih4cFrZwz" class="vietnamese_english">Dựng (biên tập) phim / Film editor</label>\n        </div>\n            <div class="checkbox_wrapper">\n            &lt;input type="checkbox" id="auSBYvAbS" name="field_85" value="473" class="searchable"&gt;\n            <label for="auSBYvAbS" class="vietnamese_english">Thiết kế web / Web-designer</label>\n        </div>\n            <div class="checkbox_wrapper">\n            &lt;input type="checkbox" id="0tmphTMi6" name="field_85" value="474" class="searchable"&gt;\n            <label for="0tmphTMi6" class="vietnamese_english">Quản lý nhân sự / HR</label>\n        </div>\n            <div class="checkbox_wrapper">\n            &lt;input type="checkbox" id="UNG3q3vXqyG7" name="field_85" value="475" class="searchable"&gt;\n            <label for="UNG3q3vXqyG7" class="vietnamese_english">Quan hệ công chúng (PR) / PR</label>\n        </div>\n            <div class="checkbox_wrapper">\n            &lt;input type="checkbox" id="2464080iOpC8" name="field_85" value="476" class="searchable"&gt;\n            <label for="2464080iOpC8" class="vietnamese_english">Tham vấn / Counseling</label>\n        </div>\n            <div class="checkbox_wrapper">\n            &lt;input type="checkbox" id="s9JUagyvJV7Q" name="field_85" value="477" class="searchable"&gt;\n            <label for="s9JUagyvJV7Q" class="vietnamese_english">Giới thiệu việc làm</label>\n        </div>\n            <div class="checkbox_wrapper">\n            &lt;input type="checkbox" id="pw8OthtO4" name="field_85" value="478" class="searchable"&gt;\n            <label for="pw8OthtO4" class="vietnamese_english">Tư vấn bảo hiểm</label>\n        </div>\n            <div class="checkbox_wrapper">\n            &lt;input type="checkbox" id="XgxGdvnVx" name="field_85" value="479" class="searchable"&gt;\n            <label for="XgxGdvnVx" class="vietnamese_english">Tư vấn du học</label>\n        </div>\n            <div class="checkbox_wrapper">\n            &lt;input type="checkbox" id="opOtHK6K2fO" name="field_85" value="480" class="searchable"&gt;\n            <label for="opOtHK6K2fO" class="vietnamese_english">Tư vấn bất động sản</label>\n        </div>\n            <div class="checkbox_wrapper">\n            &lt;input type="checkbox" id="531YbdQx9yv3" name="field_85" value="481" class="searchable"&gt;\n            <label for="531YbdQx9yv3" class="vietnamese_english">Bác sĩ máy tính</label>\n        </div>\n            <div class="checkbox_wrapper">\n            &lt;input type="checkbox" id="CPHphFRz0" name="field_85" value="482" class="searchable"&gt;\n            <label for="CPHphFRz0" class="vietnamese_english">Nhân viên chăm sóc khách hàng / Customer Care</label>\n        </div>\n            <div class="checkbox_wrapper">\n            &lt;input type="checkbox" id="Ud9J1Y5aL" name="field_85" value="483" class="searchable"&gt;\n            <label for="Ud9J1Y5aL" class="vietnamese_english">Họa viên kiến trúc</label>\n        </div>\n            <div class="checkbox_wrapper">\n            &lt;input type="checkbox" id="E0IO4wp0zOI6" name="field_85" value="484" class="searchable"&gt;\n            <label for="E0IO4wp0zOI6" class="vietnamese_english">Tạp vụ</label>\n        </div>\n            <div class="checkbox_wrapper">\n            &lt;input type="checkbox" id="ln9X5JVDGDby" name="field_85" value="485" class="searchable"&gt;\n            <label for="ln9X5JVDGDby" class="vietnamese_english">Trợ lý</label>\n        </div>\n            <div class="checkbox_wrapper">\n            &lt;input type="checkbox" id="0kWt6pH4Ce6Z" name="field_85" value="486" class="searchable"&gt;\n            <label for="0kWt6pH4Ce6Z" class="vietnamese_english">Thư ký</label>\n        </div>\n            <div class="checkbox_wrapper">\n            &lt;input type="checkbox" id="j1n1sbXqX5Jv" name="field_85" value="487" class="searchable"&gt;\n            <label for="j1n1sbXqX5Jv" class="vietnamese_english">Thủ kho</label>\n        </div>\n            <div class="checkbox_wrapper">\n            &lt;input type="checkbox" id="4opmzOeO8hI2" name="field_85" value="488" class="searchable"&gt;\n            <label for="4opmzOeO8hI2" class="vietnamese_english">Thợ mộc</label>\n        </div>\n            <div class="checkbox_wrapper">\n            &lt;input type="checkbox" id="bslavNqsBx" name="field_85" value="489" class="searchable"&gt;\n            <label for="bslavNqsBx" class="vietnamese_english">Nhân viên nhập liệu</label>\n        </div>\n            <div class="checkbox_wrapper">\n            &lt;input type="checkbox" id="6F2p28rkH" name="field_85" value="490" class="searchable"&gt;\n            <label for="6F2p28rkH" class="vietnamese_english">Chuyên viên trang điểm</label>\n        </div>\n            <div class="checkbox_wrapper">\n            &lt;input type="checkbox" id="v35nQ3V79sq" name="field_85" value="491" class="searchable"&gt;\n            <label for="v35nQ3V79sq" class="vietnamese_english">Hớt tóc</label>\n        </div>\n            <div class="checkbox_wrapper">\n            &lt;input type="checkbox" id="8rfRzHkmi" name="field_85" value="492" class="searchable"&gt;\n            <label for="8rfRzHkmi" class="vietnamese_english">In lụa</label>\n        </div>\n            <div class="checkbox_wrapper">\n            &lt;input type="checkbox" id="dqA13VnQs5d9" name="field_85" value="493" class="searchable"&gt;\n            <label for="dqA13VnQs5d9" class="vietnamese_english">Thêu</label>\n        </div>\n            <div class="checkbox_wrapper">\n            &lt;input type="checkbox" id="foZ6E2Iot6" name="field_85" value="494" class="searchable"&gt;\n            <label for="foZ6E2Iot6" class="vietnamese_english">Tư vấn khách hàng qua điện thoại</label>\n        </div>\n            <div class="checkbox_wrapper">\n            &lt;input type="checkbox" id="9x1a1YBxLn" name="field_85" value="495" class="searchable"&gt;\n            <label for="9x1a1YBxLn" class="vietnamese_english">Thu ngân</label>\n        </div>\n            <div class="checkbox_wrapper">\n            &lt;input type="checkbox" id="Wk6T2FW8242" name="field_85" value="496" class="searchable"&gt;\n            <label for="Wk6T2FW8242" class="vietnamese_english">Gia sư</label>\n        </div>\n            <div class="checkbox_wrapper">\n            &lt;input type="checkbox" id="LNVXQNLSqyB" name="field_85" value="540" class="searchable"&gt;\n            <label for="LNVXQNLSqyB" class="vietnamese_english">Sửa xe gắn máy</label>\n        </div>\n            <div class="checkbox_wrapper">\n            &lt;input type="checkbox" id="86K2F0EOZ" name="field_85" value="541" class="searchable"&gt;\n            <label for="86K2F0EOZ" class="vietnamese_english">Sửa xe đạp</label>\n        </div>\n            <div class="checkbox_wrapper">\n            &lt;input type="checkbox" id="NU71al3GY9SV" name="field_85" value="542" class="searchable"&gt;\n            <label for="NU71al3GY9SV" class="vietnamese_english">Cắt chỉ</label>\n        </div>\n            <div class="checkbox_wrapper">\n            &lt;input type="checkbox" id="PMewko40e" name="field_85" value="543" class="searchable"&gt;\n            <label for="PMewko40e" class="vietnamese_english">Đan lát</label>\n        </div>\n    </div></div><div><div id="wrapper_field_93">\n    <p class="vietnamese_english">Công việc mong muốn / Preferred work area </p>\n            <div class="checkbox_wrapper">\n            &lt;input type="checkbox" id="Gnqy5aLnlsBy" name="field_93" value="265" class="searchable"&gt;\n            <label for="Gnqy5aLnlsBy" class="vietnamese_english">Kế toán / Accounting</label>\n        </div>\n            <div class="checkbox_wrapper">\n            &lt;input type="checkbox" id="r4O4r404MF0" name="field_93" value="266" class="searchable"&gt;\n            <label for="r4O4r404MF0" class="vietnamese_english">Luật / Law</label>\n        </div>\n            <div class="checkbox_wrapper">\n            &lt;input type="checkbox" id="vslY5Nuy1" name="field_93" value="267" class="searchable"&gt;\n            <label for="vslY5Nuy1" class="vietnamese_english">Công tác xã hội / Social work</label>\n        </div>\n            <div class="checkbox_wrapper">\n            &lt;input type="checkbox" id="86e240f04" name="field_93" value="268" class="searchable"&gt;\n            <label for="86e240f04" class="vietnamese_english">Y tế / Health</label>\n        </div>\n            <div class="checkbox_wrapper">\n            &lt;input type="checkbox" id="nVN9D979D" name="field_93" value="269" class="searchable"&gt;\n            <label for="nVN9D979D" class="vietnamese_english">Nghệ thuật / Art</label>\n        </div>\n            <div class="checkbox_wrapper">\n            &lt;input type="checkbox" id="oTcErE2iR4R4" name="field_93" value="270" class="searchable"&gt;\n            <label for="oTcErE2iR4R4" class="vietnamese_english">Cơ khí / Mechanical</label>\n        </div>\n            <div class="checkbox_wrapper">\n            &lt;input type="checkbox" id="yGnBAgyUXL" name="field_93" value="271" class="searchable"&gt;\n            <label for="yGnBAgyUXL" class="vietnamese_english">Viễn thông / Telecommunication</label>\n        </div>\n            <div class="checkbox_wrapper">\n            &lt;input type="checkbox" id="Zhi082kHK" name="field_93" value="272" class="searchable"&gt;\n            <label for="Zhi082kHK" class="vietnamese_english">Thủ công / Handicraft</label>\n        </div>\n            <div class="checkbox_wrapper">\n            &lt;input type="checkbox" id="AGDBSQ313Qy9" name="field_93" value="273" class="searchable"&gt;\n            <label for="AGDBSQ313Qy9" class="vietnamese_english">Buôn bán lẻ / Retail</label>\n        </div>\n            <div class="checkbox_wrapper">\n            &lt;input type="checkbox" id="KOPopM8Rz" name="field_93" value="274" class="searchable"&gt;\n            <label for="KOPopM8Rz" class="vietnamese_english">Tiếp thị / Marketing</label>\n        </div>\n            <div class="checkbox_wrapper">\n            &lt;input type="checkbox" id="DlXgjUx5x" name="field_93" value="275" class="searchable"&gt;\n            <label for="DlXgjUx5x" class="vietnamese_english">Nội thất / Furniture</label>\n        </div>\n            <div class="checkbox_wrapper">\n            &lt;input type="checkbox" id="rK240ERiC" name="field_93" value="276" class="searchable"&gt;\n            <label for="rK240ERiC" class="vietnamese_english">Văn phòng / Office</label>\n        </div>\n            <div class="checkbox_wrapper">\n            &lt;input type="checkbox" id="Lxq3U3q3l" name="field_93" value="277" class="searchable"&gt;\n            <label for="Lxq3U3q3l" class="vietnamese_english">Nghề nông / Agriculture</label>\n        </div>\n            <div class="checkbox_wrapper">\n            &lt;input type="checkbox" id="86T04OfOF" name="field_93" value="278" class="searchable"&gt;\n            <label for="86T04OfOF" class="vietnamese_english">Mat-xa / Massage</label>\n        </div>\n            <div class="checkbox_wrapper">\n            &lt;input type="checkbox" id="AVdq7g3935x" name="field_93" value="279" class="searchable"&gt;\n            <label for="AVdq7g3935x" class="vietnamese_english">Làm vườn / Gardening</label>\n        </div>\n            <div class="checkbox_wrapper">\n            &lt;input type="checkbox" id="cp6z6TH8MI6" name="field_93" value="280" class="searchable"&gt;\n            <label for="cp6z6TH8MI6" class="vietnamese_english">Đầu bếp / Cook</label>\n        </div>\n            <div class="checkbox_wrapper">\n            &lt;input type="checkbox" id="G7BALy5dbd" name="field_93" value="281" class="searchable"&gt;\n            <label for="G7BALy5dbd" class="vietnamese_english">Giáo viên / Teacher</label>\n        </div>\n            <div class="checkbox_wrapper">\n            &lt;input type="checkbox" id="WI28oTW4HIO" name="field_93" value="282" class="searchable"&gt;\n            <label for="WI28oTW4HIO" class="vietnamese_english">Chủ doanh nghiệp nhỏ / Small enterprise</label>\n        </div>\n            <div class="checkbox_wrapper">\n            &lt;input type="checkbox" id="5xqN5Y53gdb" name="field_93" value="283" class="searchable"&gt;\n            <label for="5xqN5Y53gdb" class="vietnamese_english">Làm việc ở nhà / Working for Home </label>\n        </div>\n            <div class="checkbox_wrapper">\n            &lt;input type="checkbox" id="P6Z6K0T2erpR" name="field_93" value="284" class="searchable"&gt;\n            <label for="P6Z6K0T2erpR" class="vietnamese_english">Thiết kế thời trang / Fashion designer</label>\n        </div>\n            <div class="checkbox_wrapper">\n            &lt;input type="checkbox" id="uJQABSGXv" name="field_93" value="285" class="searchable"&gt;\n            <label for="uJQABSGXv" class="vietnamese_english">Công nghệ thông tin / IT</label>\n        </div>\n            <div class="checkbox_wrapper">\n            &lt;input type="checkbox" id="80Erk24hPwPw" name="field_93" value="286" class="searchable"&gt;\n            <label for="80Erk24hPwPw" class="vietnamese_english">Điện-Điện tử / Electronics</label>\n        </div>\n            <div class="checkbox_wrapper">\n            &lt;input type="checkbox" id="bsLJGAbYQ3" name="field_93" value="287" class="searchable"&gt;\n            <label for="bsLJGAbYQ3" class="vietnamese_english">Trực điện thoại / Phone reception</label>\n        </div>\n            <div class="checkbox_wrapper">\n            &lt;input type="checkbox" id="wko46i0fh" name="field_93" value="288" class="searchable"&gt;\n            <label for="wko46i0fh" class="vietnamese_english">Biên-phiên dịch / Translator-Interpreter</label>\n        </div>\n            <div class="checkbox_wrapper">\n            &lt;input type="checkbox" id="QYlNBSBx5" name="field_93" value="289" class="searchable"&gt;\n            <label for="QYlNBSBx5" class="vietnamese_english">Dạy nhạc / Music teacher</label>\n        </div>\n            <div class="checkbox_wrapper">\n            &lt;input type="checkbox" id="kr46P6z0K6E2" name="field_93" value="290" class="searchable"&gt;\n            <label for="kr46P6z0K6E2" class="vietnamese_english">Dạy ngoại ngữ / Foreign language teacher</label>\n        </div>\n            <div class="checkbox_wrapper">\n            &lt;input type="checkbox" id="U7UdgdBaU" name="field_93" value="291" class="searchable"&gt;\n            <label for="U7UdgdBaU" class="vietnamese_english">Tư vấn viên / Adviser</label>\n        </div>\n            <div class="checkbox_wrapper">\n            &lt;input type="checkbox" id="IOP2eOP2K" name="field_93" value="292" class="searchable"&gt;\n            <label for="IOP2eOP2K" class="vietnamese_english">Sáng tác thơ, nhạc / Musician/Poet Composer</label>\n        </div>\n            <div class="checkbox_wrapper">\n            &lt;input type="checkbox" id="jvs9a1NLs5s" name="field_93" value="293" class="searchable"&gt;\n            <label for="jvs9a1NLs5s" class="vietnamese_english">Đờn ca tài tử / Folksong singer</label>\n        </div>\n            <div class="checkbox_wrapper">\n            &lt;input type="checkbox" id="Mf0i2TWI6Ph" name="field_93" value="294" class="searchable"&gt;\n            <label for="Mf0i2TWI6Ph" class="vietnamese_english">Nhân viên phục vụ / Servant</label>\n        </div>\n            <div class="checkbox_wrapper">\n            &lt;input type="checkbox" id="1sBS1SGygJGA" name="field_93" value="295" class="searchable"&gt;\n            <label for="1sBS1SGygJGA" class="vietnamese_english">Nhân viên phòng Net / Internet room keeper</label>\n        </div>\n            <div class="checkbox_wrapper">\n            &lt;input type="checkbox" id="WT2E080KC" name="field_93" value="497" class="searchable"&gt;\n            <label for="WT2E080KC" class="vietnamese_english">Gia sư</label>\n        </div>\n            <div class="checkbox_wrapper">\n            &lt;input type="checkbox" id="uNVDVYUjq" name="field_93" value="498" class="searchable"&gt;\n            <label for="uNVDVYUjq" class="vietnamese_english">Thu ngân</label>\n        </div>\n            <div class="checkbox_wrapper">\n            &lt;input type="checkbox" id="TcZ0pC8ce2" name="field_93" value="499" class="searchable"&gt;\n            <label for="TcZ0pC8ce2" class="vietnamese_english">Tư vấn khách hàng qua điện thoại</label>\n        </div>\n            <div class="checkbox_wrapper">\n            &lt;input type="checkbox" id="uj9NGsqj13" name="field_93" value="500" class="searchable"&gt;\n            <label for="uj9NGsqj13" class="vietnamese_english">Thêu</label>\n        </div>\n            <div class="checkbox_wrapper">\n            &lt;input type="checkbox" id="64R8cTcirPoI" name="field_93" value="501" class="searchable"&gt;\n            <label for="64R8cTcirPoI" class="vietnamese_english">In lụa</label>\n        </div>\n            <div class="checkbox_wrapper">\n            &lt;input type="checkbox" id="d97uSB39X" name="field_93" value="502" class="searchable"&gt;\n            <label for="d97uSB39X" class="vietnamese_english">Hớt tóc</label>\n        </div>\n            <div class="checkbox_wrapper">\n            &lt;input type="checkbox" id="64mZ6K0FH8mE" name="field_93" value="503" class="searchable"&gt;\n            <label for="64mZ6K0FH8mE" class="vietnamese_english">Chuyên viên trang điểm</label>\n        </div>\n            <div class="checkbox_wrapper">\n            &lt;input type="checkbox" id="aBn13979jL" name="field_93" value="504" class="searchable"&gt;\n            <label for="aBn13979jL" class="vietnamese_english">Nhân viên nhập liệu</label>\n        </div>\n            <div class="checkbox_wrapper">\n            &lt;input type="checkbox" id="IC8RtW8h8" name="field_93" value="505" class="searchable"&gt;\n            <label for="IC8RtW8h8" class="vietnamese_english">Thợ mộc</label>\n        </div>\n            <div class="checkbox_wrapper">\n            &lt;input type="checkbox" id="y175NV7LavNv" name="field_93" value="506" class="searchable"&gt;\n            <label for="y175NV7LavNv" class="vietnamese_english">Thủ kho</label>\n        </div>\n            <div class="checkbox_wrapper">\n            &lt;input type="checkbox" id="z6k0IMzoKC" name="field_93" value="507" class="searchable"&gt;\n            <label for="z6k0IMzoKC" class="vietnamese_english">Thư ký</label>\n        </div>\n            <div class="checkbox_wrapper">\n            &lt;input type="checkbox" id="1dLJgdv31" name="field_93" value="508" class="searchable"&gt;\n            <label for="1dLJgdv31" class="vietnamese_english">Trợ lý</label>\n        </div>\n            <div class="checkbox_wrapper">\n            &lt;input type="checkbox" id="8c42pCtmPw" name="field_93" value="509" class="searchable"&gt;\n            <label for="8c42pCtmPw" class="vietnamese_english">Tạp vụ</label>\n        </div>\n            <div class="checkbox_wrapper">\n            &lt;input type="checkbox" id="US9Xux5DlJL7" name="field_93" value="510" class="searchable"&gt;\n            <label for="US9Xux5DlJL7" class="vietnamese_english">Họa viên kiến trúc</label>\n        </div>\n            <div class="checkbox_wrapper">\n            &lt;input type="checkbox" id="mK6Fot64H8w" name="field_93" value="511" class="searchable"&gt;\n            <label for="mK6Fot64H8w" class="vietnamese_english">Nhân viên chăm sóc khách hàng</label>\n        </div>\n            <div class="checkbox_wrapper">\n            &lt;input type="checkbox" id="BSQXUdusV3BD" name="field_93" value="512" class="searchable"&gt;\n            <label for="BSQXUdusV3BD" class="vietnamese_english">Bác sĩ máy tính</label>\n        </div>\n            <div class="checkbox_wrapper">\n            &lt;input type="checkbox" id="2iHZOthf6" name="field_93" value="513" class="searchable"&gt;\n            <label for="2iHZOthf6" class="vietnamese_english">Tư vấn bất động sản</label>\n        </div>\n            <div class="checkbox_wrapper">\n            &lt;input type="checkbox" id="1Jb7g79ju7q" name="field_93" value="514" class="searchable"&gt;\n            <label for="1Jb7g79ju7q" class="vietnamese_english">Tư vấn du học</label>\n        </div>\n            <div class="checkbox_wrapper">\n            &lt;input type="checkbox" id="4C8REOKRZH" name="field_93" value="515" class="searchable"&gt;\n            <label for="4C8REOKRZH" class="vietnamese_english">Tư vấn bảo hiểm</label>\n        </div>\n            <div class="checkbox_wrapper">\n            &lt;input type="checkbox" id="BJq35Jvs1S5x" name="field_93" value="516" class="searchable"&gt;\n            <label for="BJq35Jvs1S5x" class="vietnamese_english">Giới thiệu việc làm</label>\n        </div>\n            <div class="checkbox_wrapper">\n            &lt;input type="checkbox" id="rFMZC4MeW8" name="field_93" value="517" class="searchable"&gt;\n            <label for="rFMZC4MeW8" class="vietnamese_english">Tham vấn / Counseling</label>\n        </div>\n            <div class="checkbox_wrapper">\n            &lt;input type="checkbox" id="d1XGNvj1n" name="field_93" value="518" class="searchable"&gt;\n            <label for="d1XGNvj1n" class="vietnamese_english">Quan hệ công chúng (PR) / PR</label>\n        </div>\n            <div class="checkbox_wrapper">\n            &lt;input type="checkbox" id="HI08O4MzoZR" name="field_93" value="519" class="searchable"&gt;\n            <label for="HI08O4MzoZR" class="vietnamese_english">Quản lý nhân sự / HR</label>\n        </div>\n            <div class="checkbox_wrapper">\n            &lt;input type="checkbox" id="uj1aBy5J5" name="field_93" value="520" class="searchable"&gt;\n            <label for="uj1aBy5J5" class="vietnamese_english">Thiết kế web / We-designer</label>\n        </div>\n            <div class="checkbox_wrapper">\n            &lt;input type="checkbox" id="ICp6th8OP" name="field_93" value="521" class="searchable"&gt;\n            <label for="ICp6th8OP" class="vietnamese_english">Dựng (biên tập) film / Film editor</label>\n        </div>\n            <div class="checkbox_wrapper">\n            &lt;input type="checkbox" id="7qdlYQsvDq7" name="field_93" value="522" class="searchable"&gt;\n            <label for="7qdlYQsvDq7" class="vietnamese_english">Bảo vệ / Security</label>\n        </div>\n            <div class="checkbox_wrapper">\n            &lt;input type="checkbox" id="rt0i0t68Ci" name="field_93" value="523" class="searchable"&gt;\n            <label for="rt0i0t68Ci" class="vietnamese_english">Quản trị mạng</label>\n        </div>\n            <div class="checkbox_wrapper">\n            &lt;input type="checkbox" id="s1Av71jl7" name="field_93" value="524" class="searchable"&gt;\n            <label for="s1Av71jl7" class="vietnamese_english">Sửa điện thoại</label>\n        </div>\n            <div class="checkbox_wrapper">\n            &lt;input type="checkbox" id="w8oi6i6fr" name="field_93" value="525" class="searchable"&gt;\n            <label for="w8oi6i6fr" class="vietnamese_english">Kết cườm</label>\n        </div>\n            <div class="checkbox_wrapper">\n            &lt;input type="checkbox" id="5alybaljL" name="field_93" value="526" class="searchable"&gt;\n            <label for="5alybaljL" class="vietnamese_english">Trợ giảng / TA</label>\n        </div>\n            <div class="checkbox_wrapper">\n            &lt;input type="checkbox" id="42IwfM408" name="field_93" value="527" class="searchable"&gt;\n            <label for="42IwfM408" class="vietnamese_english">Buôn bán nội thất / Furniture</label>\n        </div>\n            <div class="checkbox_wrapper">\n            &lt;input type="checkbox" id="DUdvYV7gN9s" name="field_93" value="544" class="searchable"&gt;\n            <label for="DUdvYV7gN9s" class="vietnamese_english">Sửa xe gắn máy</label>\n        </div>\n            <div class="checkbox_wrapper">\n            &lt;input type="checkbox" id="RZ686Fm4r" name="field_93" value="545" class="searchable"&gt;\n            <label for="RZ686Fm4r" class="vietnamese_english">Sửa xe đạp</label>\n        </div>\n            <div class="checkbox_wrapper">\n            &lt;input type="checkbox" id="bDuNvX5SG" name="field_93" value="546" class="searchable"&gt;\n            <label for="bDuNvX5SG" class="vietnamese_english">Đan lát</label>\n        </div>\n    </div></div>', 'jQuery(document).ready(function(){\n        var f = function(){\n            var opts = {icon: {}, width: 260, maxDropHeight: 210};\n            jQuery("#field_128").dropdownchecklist(opts);\n        };\n        setTimeout(f, 500);\n    });'),
	(19, 'form_', 21, '<div><div id="wrapper_field_121" class="textinput_wrapper"><label for="field_121" class="vietnamese_english" style="">Name</label>&lt;input type="text" name="field_121" value="" id="field_121" size="50" class="searchable"&gt;&lt;/div></div><div><div id="wrapper_field_122" class="textarea_wrapper">\n    <label for="field_122" class="vietnamese_english">Address</label>\n    &lt;textarea id="field_122" name="field_122" rows="4" cols="20" class="searchable"&gt;&lt;/textarea>\n</div></div><div style="top: 0px; left: 0px; width: 757px; height: 40px; "><div id="wrapper_field_127">\n    <label for="field_127" class="vietnamese_english">mul selection field</label>\n    <select id="field_127" dropdownchecklist="true" name="field_127" class="searchable" multiple="" style="white-space: nowrap; width: 75%; height: 80px; display: none; ">\n                <option value="558" class="vietnamese_english">a The \'firstItemChecksAll\' option allows you to attach a special behavior to the first item in the list. If the item is checked, all items in the list are checked. </option>\n                <option value="559" class="vietnamese_english">b</option>\n                <option value="560" class="vietnamese_english">c</option>\n                <option value="561" class="vietnamese_english">d</option>\n                <option value="562" class="vietnamese_english">e</option>\n                <option value="563" class="vietnamese_english">e</option>\n                <option value="564" class="vietnamese_english">f</option>\n                <option value="565" class="vietnamese_english">g</option>\n                <option value="566" class="vietnamese_english">hh</option>\n            </select><div class="ui-dropdownchecklist ui-dropdownchecklist-dropcontainer-wrapper ui-widget" id="ddcl-field_127-ddw" style="height: 122px; width: 266px; position: absolute; top: -33000px; left: -33000px; "><div class="ui-dropdownchecklist-dropcontainer ui-widget-content" style="overflow-y: auto; height: 122px; "><div class="ui-dropdownchecklist-item ui-state-default" style="white-space: nowrap; ">&lt;input type="checkbox" id="ddcl-field_127-i0" class="active" tabindex="0" index="0" value="558" disabled=""&gt;&lt;label for="ddcl-field_127-i0" class="ui-dropdownchecklist-text" style="cursor: default; " title="a The \'firstItemChecksAll\' option allows you to attach a special behavior to the first item in the list. If the item is checked, all items in the list are checked. ">a The \'firstItemChecksAll\' option allows you to attach a special behavior to the first item in the list. If the item is checked, all items in the list are checked. </label></div><div class="ui-dropdownchecklist-item ui-state-default" style="white-space: nowrap; ">&lt;input type="checkbox" id="ddcl-field_127-i1" class="active" tabindex="0" index="1" value="559" disabled=""&gt;&lt;label for="ddcl-field_127-i1" class="ui-dropdownchecklist-text" style="cursor: default; " title="b">b</label></div><div class="ui-dropdownchecklist-item ui-state-default" style="white-space: nowrap; ">&lt;input type="checkbox" id="ddcl-field_127-i2" class="active" tabindex="0" index="2" value="560" disabled=""&gt;&lt;label for="ddcl-field_127-i2" class="ui-dropdownchecklist-text" style="cursor: default; " title="c">c</label></div><div class="ui-dropdownchecklist-item ui-state-default" style="white-space: nowrap; ">&lt;input type="checkbox" id="ddcl-field_127-i3" class="active" tabindex="0" index="3" value="561" disabled=""&gt;&lt;label for="ddcl-field_127-i3" class="ui-dropdownchecklist-text" style="cursor: default; " title="d">d</label></div><div class="ui-dropdownchecklist-item ui-state-default" style="white-space: nowrap; ">&lt;input type="checkbox" id="ddcl-field_127-i4" class="active" tabindex="0" index="4" value="562" disabled=""&gt;&lt;label for="ddcl-field_127-i4" class="ui-dropdownchecklist-text" style="cursor: default; " title="e">e</label></div><div class="ui-dropdownchecklist-item ui-state-default" style="white-space: nowrap; ">&lt;input type="checkbox" id="ddcl-field_127-i5" class="active" tabindex="0" index="5" value="563" disabled=""&gt;&lt;label for="ddcl-field_127-i5" class="ui-dropdownchecklist-text" style="cursor: default; " title="e">e</label></div><div class="ui-dropdownchecklist-item ui-state-default" style="white-space: nowrap; ">&lt;input type="checkbox" id="ddcl-field_127-i6" class="active" tabindex="0" index="6" value="564" disabled=""&gt;&lt;label for="ddcl-field_127-i6" class="ui-dropdownchecklist-text" style="cursor: default; " title="f">f</label></div><div class="ui-dropdownchecklist-item ui-state-default" style="white-space: nowrap; ">&lt;input type="checkbox" id="ddcl-field_127-i7" class="active" tabindex="0" index="7" value="565" disabled=""&gt;&lt;label for="ddcl-field_127-i7" class="ui-dropdownchecklist-text" style="cursor: default; " title="g">g</label></div><div class="ui-dropdownchecklist-item ui-state-default" style="white-space: nowrap; ">&lt;input type="checkbox" id="ddcl-field_127-i8" class="active" tabindex="0" index="8" value="566" disabled=""&gt;&lt;label for="ddcl-field_127-i8" class="ui-dropdownchecklist-text" style="cursor: default; " title="hh">hh</label></div></div></div>\n\n    &lt;!--SCRIPT\n    \n    --&gt;\n</div></div>', 'jQuery(document).ready(function(){\n        var f = function(){\n            var opts = {icon: {}, width: 260, maxDropHeight: 210};\n            jQuery("#field_127").dropdownchecklist(opts);\n        };\n        setTimeout(f, 500);\n    });'),
	(20, 'form_', 22, '<div style="position: relative; "><div id="wrapper_field_129">\n    <p class="vietnamese_english">1. Nếu mô tả về mình, bạn là người:</p>\n            <div class="radiobutton_wrapper">\n            &lt;input type="radio" id="R40kmZmEH" name="field_129" value="581" class="searchable"&gt;\n            <label for="R40kmZmEH" class="vietnamese_english">a. Nói nhiều hơn là nghe người khác nói.</label>\n        </div>\n            <div class="radiobutton_wrapper">\n            &lt;input type="radio" id="QYbDBa5AL7" name="field_129" value="582" class="searchable"&gt;\n            <label for="QYbDBa5AL7" class="vietnamese_english">b. Lắng nghe người khác nhiều hơn là nói.</label>\n        </div>\n            <div class="radiobutton_wrapper">\n            &lt;input type="radio" id="okRpOTCK2" name="field_129" value="583" class="searchable"&gt;\n            <label for="okRpOTCK2" class="vietnamese_english">c. Chú ý các tiểu tiết.</label>\n        </div>\n            <div class="radiobutton_wrapper">\n            &lt;input type="radio" id="GN5J9A1a5DL" name="field_129" value="584" class="searchable"&gt;\n            <label for="GN5J9A1a5DL" class="vietnamese_english">d. Chú ý bức tranh toàn cảnh và những việc có thể xảy ra.</label>\n        </div>\n            <div class="radiobutton_wrapper">\n            &lt;input type="radio" id="Frz6eoZrP0t" name="field_129" value="585" class="searchable"&gt;\n            <label for="Frz6eoZrP0t" class="vietnamese_english">e. Quyết định mọi việc rất khách quan.</label>\n        </div>\n            <div class="radiobutton_wrapper">\n            &lt;input type="radio" id="x9sL7bJLyq75" name="field_129" value="586" class="searchable"&gt;\n            <label for="x9sL7bJLyq75" class="vietnamese_english">f. Quyết định mọi việc theo giá trị riêng của chúng và cảm nhận của bạn.</label>\n        </div>\n            <div class="radiobutton_wrapper">\n            &lt;input type="radio" id="P2FotCICFo4" name="field_129" value="587" class="searchable"&gt;\n            <label for="P2FotCICFo4" class="vietnamese_english">g. Thực hiện đúng kế hoạch đặt ra, không muốn thay đổi.</label>\n        </div>\n            <div class="radiobutton_wrapper">\n            &lt;input type="radio" id="XL7Vs9Y1s9" name="field_129" value="588" class="searchable"&gt;\n            <label for="XL7Vs9Y1s9" class="vietnamese_english">h. Linh hoạt khi thực hiện các kế hoạch.</label>\n        </div>\n    </div></div>', '');
/*!40000 ALTER TABLE `objecthtmlcaches` ENABLE KEYS */;


-- Dumping structure for table drd_databases.objects
DROP TABLE IF EXISTS `objects`;
CREATE TABLE IF NOT EXISTS `objects` (
  `ObjectID` bigint(20) unsigned NOT NULL AUTO_INCREMENT,
  `ObjectPrefixKey` varchar(30) COLLATE utf8_unicode_ci NOT NULL,
  `ObjectClassID` int(11) NOT NULL,
  `ObjectRefKey` varchar(50) COLLATE utf8_unicode_ci DEFAULT NULL,
  PRIMARY KEY (`ObjectID`)
) ENGINE=MyISAM AUTO_INCREMENT=539 DEFAULT CHARSET=utf8 COLLATE=utf8_unicode_ci;

-- Dumping data for table drd_databases.objects: 483 rows
DELETE FROM `objects`;
/*!40000 ALTER TABLE `objects` DISABLE KEYS */;
INSERT INTO `objects` (`ObjectID`, `ObjectPrefixKey`, `ObjectClassID`, `ObjectRefKey`) VALUES
	(1, '', 1, ''),
	(2, '', 1, ''),
	(3, '', 1, ''),
	(4, '', 1, ''),
	(5, '', 1, ''),
	(6, '', 1, ''),
	(7, '', 1, ''),
	(8, '', 1, ''),
	(9, '', 1, ''),
	(10, '', 1, ''),
	(111, '', 1, '8423658668733718381'),
	(110, '', 1, ''),
	(108, '', 1, ''),
	(261, '', 2, ''),
	(30, '', 2, ''),
	(18, '', 1, ''),
	(260, '', 2, ''),
	(112, '', 1, ''),
	(21, '', 4, ''),
	(22, '', 2, ''),
	(423, '', 1, '6541484270558559981'),
	(106, '', 1, '2633275682438812908'),
	(35, '', 1, ''),
	(36, '', 1, ''),
	(37, '', 1, ''),
	(38, '', 1, ''),
	(39, '', 1, ''),
	(40, '', 1, ''),
	(41, '', 1, ''),
	(42, '', 1, ''),
	(43, '', 1, ''),
	(44, '', 1, ''),
	(45, '', 1, ''),
	(46, '', 1, ''),
	(47, '', 1, ''),
	(48, '', 1, ''),
	(49, '', 1, ''),
	(50, '', 1, ''),
	(51, '', 1, ''),
	(52, '', 1, ''),
	(53, '', 1, ''),
	(54, '', 1, ''),
	(55, '', 1, ''),
	(56, '', 1, ''),
	(57, '', 1, ''),
	(58, '', 1, ''),
	(59, '', 1, ''),
	(60, '', 1, ''),
	(61, '', 1, ''),
	(62, '', 1, ''),
	(63, '', 1, ''),
	(64, '', 1, ''),
	(65, '', 1, ''),
	(66, '', 1, ''),
	(67, '', 1, ''),
	(68, '', 1, ''),
	(69, '', 1, ''),
	(70, '', 1, ''),
	(71, '', 1, ''),
	(72, '', 1, ''),
	(73, '', 1, ''),
	(74, '', 1, ''),
	(75, '', 1, ''),
	(76, '', 1, ''),
	(77, '', 1, ''),
	(78, '', 1, ''),
	(105, '', 1, ''),
	(80, '', 1, ''),
	(81, '', 1, ''),
	(109, '', 1, ''),
	(104, '', 1, '8303823968031650455'),
	(103, '', 1, '8985965420431508029'),
	(102, '', 1, ''),
	(96, '', 1, ''),
	(95, '', 1, ''),
	(114, '', 1, ''),
	(115, '', 1, ''),
	(116, '', 1, ''),
	(117, '', 1, '1405162406210540076'),
	(118, '', 1, ''),
	(119, '', 1, '3766927288572591203'),
	(120, '', 1, NULL),
	(121, '', 1, '1964172024687302503'),
	(122, '', 1, '6502837159701021721'),
	(123, '', 1, '6211197128004058902'),
	(124, '', 1, ''),
	(168, '', 1, '1696438124830300546'),
	(128, '', 1, NULL),
	(129, '', 1, ''),
	(130, '', 1, ''),
	(131, '', 1, ''),
	(132, '', 1, ''),
	(133, '', 1, ''),
	(134, '', 1, ''),
	(135, '', 1, ''),
	(136, '', 1, ''),
	(137, '', 1, ''),
	(138, '', 1, ''),
	(139, '', 1, ''),
	(140, '', 1, ''),
	(141, '', 1, ''),
	(142, '', 1, ''),
	(143, '', 1, ''),
	(144, '', 1, ''),
	(145, '', 1, ''),
	(146, '', 1, ''),
	(147, '', 1, ''),
	(148, '', 1, ''),
	(149, '', 1, ''),
	(150, '', 1, ''),
	(151, '', 1, ''),
	(152, '', 1, ''),
	(153, '', 1, ''),
	(154, '', 1, ''),
	(155, '', 1, ''),
	(156, '', 1, ''),
	(157, '', 1, ''),
	(158, '', 1, ''),
	(159, '', 1, ''),
	(160, '', 1, ''),
	(161, '', 1, ''),
	(162, '', 1, ''),
	(163, '', 1, ''),
	(164, '', 1, ''),
	(165, '', 1, ''),
	(166, '', 1, ''),
	(167, '', 1, ''),
	(169, '', 1, ''),
	(170, '', 1, '54036565542199671'),
	(171, '', 1, ''),
	(172, '', 1, ''),
	(173, '', 1, ''),
	(174, '', 1, ''),
	(175, '', 1, ''),
	(176, '', 1, ''),
	(177, '', 1, ''),
	(178, '', 1, ''),
	(179, '', 1, ''),
	(180, '', 1, ''),
	(181, '', 1, ''),
	(182, '', 1, ''),
	(183, '', 1, ''),
	(184, '', 1, ''),
	(185, '', 1, ''),
	(186, '', 1, ''),
	(187, '', 1, ''),
	(188, '', 1, ''),
	(189, '', 1, ''),
	(190, '', 1, ''),
	(191, '', 1, ''),
	(192, '', 1, ''),
	(193, '', 1, ''),
	(194, '', 1, ''),
	(195, '', 1, ''),
	(196, '', 1, ''),
	(197, '', 1, ''),
	(198, '', 1, ''),
	(199, '', 1, ''),
	(200, '', 1, ''),
	(201, '', 1, ''),
	(202, '', 1, ''),
	(203, '', 1, ''),
	(204, '', 1, ''),
	(205, '', 1, ''),
	(206, '', 1, ''),
	(207, '', 1, ''),
	(208, '', 1, ''),
	(209, '', 1, ''),
	(210, '', 1, ''),
	(211, '', 1, ''),
	(212, '', 1, ''),
	(213, '', 1, ''),
	(214, '', 1, ''),
	(215, '', 1, ''),
	(216, '', 1, ''),
	(217, '', 1, ''),
	(218, '', 1, ''),
	(219, '', 1, ''),
	(220, '', 1, ''),
	(221, '', 1, ''),
	(222, '', 1, ''),
	(223, '', 1, ''),
	(224, '', 1, ''),
	(225, '', 1, ''),
	(226, '', 1, ''),
	(227, '', 1, ''),
	(228, '', 1, ''),
	(229, '', 1, ''),
	(230, '', 1, ''),
	(231, '', 1, ''),
	(232, '', 1, ''),
	(233, '', 1, ''),
	(234, '', 1, ''),
	(235, '', 1, ''),
	(236, '', 1, ''),
	(237, '', 1, ''),
	(238, '', 1, ''),
	(239, '', 1, ''),
	(240, '', 1, ''),
	(241, '', 1, ''),
	(242, '', 1, ''),
	(243, '', 1, ''),
	(244, '', 1, ''),
	(245, '', 1, ''),
	(246, '', 1, ''),
	(247, '', 1, ''),
	(248, '', 1, ''),
	(249, '', 1, ''),
	(250, '', 1, ''),
	(251, '', 1, ''),
	(252, '', 1, ''),
	(253, '', 1, ''),
	(254, '', 1, ''),
	(255, '', 1, ''),
	(256, '', 1, ''),
	(257, '', 1, ''),
	(262, '', 2, ''),
	(263, '', 2, ''),
	(264, '', 2, ''),
	(265, '', 2, ''),
	(266, '', 2, ''),
	(267, '', 2, ''),
	(268, '', 2, ''),
	(269, '', 2, ''),
	(270, '', 2, ''),
	(271, '', 2, ''),
	(272, '', 2, ''),
	(273, '', 2, ''),
	(274, '', 2, ''),
	(275, '', 2, ''),
	(276, '', 2, ''),
	(277, '', 2, ''),
	(278, '', 2, ''),
	(279, '', 2, ''),
	(280, '', 2, ''),
	(281, '', 2, ''),
	(282, '', 2, ''),
	(283, '', 2, ''),
	(284, '', 2, ''),
	(285, '', 2, ''),
	(286, '', 2, ''),
	(287, '', 2, ''),
	(288, '', 2, ''),
	(289, '', 2, ''),
	(290, '', 2, ''),
	(291, '', 2, ''),
	(292, '', 2, ''),
	(293, '', 2, ''),
	(294, '', 2, ''),
	(295, '', 2, ''),
	(296, '', 2, ''),
	(297, '', 2, ''),
	(298, '', 2, ''),
	(299, '', 2, ''),
	(300, '', 2, ''),
	(301, '', 2, ''),
	(302, '', 2, ''),
	(303, '', 2, ''),
	(304, '', 2, ''),
	(305, '', 2, ''),
	(306, '', 2, ''),
	(307, '', 2, ''),
	(308, '', 2, ''),
	(309, '', 2, ''),
	(310, '', 2, ''),
	(311, '', 2, ''),
	(312, '', 2, ''),
	(313, '', 2, ''),
	(314, '', 2, ''),
	(315, '', 2, ''),
	(316, '', 2, ''),
	(317, '', 2, ''),
	(318, '', 2, ''),
	(319, '', 2, ''),
	(320, '', 2, ''),
	(321, '', 2, ''),
	(322, '', 2, ''),
	(323, '', 2, ''),
	(324, '', 2, ''),
	(325, '', 2, ''),
	(326, '', 2, ''),
	(327, '', 2, ''),
	(328, '', 2, ''),
	(329, '', 2, ''),
	(330, '', 2, ''),
	(331, '', 2, ''),
	(332, '', 2, ''),
	(333, '', 2, ''),
	(334, '', 2, ''),
	(335, '', 2, ''),
	(336, '', 2, ''),
	(337, '', 2, ''),
	(338, '', 2, ''),
	(339, '', 2, ''),
	(340, '', 2, ''),
	(341, '', 2, ''),
	(342, '', 2, ''),
	(343, '', 2, ''),
	(344, '', 2, ''),
	(345, '', 2, ''),
	(346, '', 1, ''),
	(347, '', 1, ''),
	(348, '', 1, ''),
	(349, '', 1, ''),
	(350, '', 1, ''),
	(351, '', 1, ''),
	(352, '', 1, ''),
	(353, '', 1, ''),
	(354, '', 1, ''),
	(355, '', 1, ''),
	(356, '', 1, ''),
	(357, '', 1, ''),
	(358, '', 1, ''),
	(359, '', 1, ''),
	(360, '', 1, ''),
	(361, '', 1, ''),
	(362, '', 1, ''),
	(363, '', 1, ''),
	(364, '', 1, ''),
	(428, '', 1, ''),
	(427, '', 1, ''),
	(367, '', 1, ''),
	(368, '', 1, ''),
	(369, '', 1, ''),
	(370, '', 1, ''),
	(371, '', 1, ''),
	(372, '', 1, ''),
	(373, '', 1, ''),
	(374, '', 1, ''),
	(375, '', 1, ''),
	(376, '', 1, ''),
	(377, '', 1, ''),
	(378, '', 1, ''),
	(379, '', 1, ''),
	(380, '', 1, ''),
	(381, '', 1, ''),
	(382, '', 1, ''),
	(383, '', 1, ''),
	(384, '', 1, ''),
	(385, '', 1, ''),
	(386, '', 1, ''),
	(387, '', 1, ''),
	(388, '', 1, ''),
	(389, '', 1, ''),
	(390, '', 1, ''),
	(391, '', 1, ''),
	(392, '', 1, ''),
	(393, '', 1, ''),
	(394, '', 1, ''),
	(395, '', 1, ''),
	(396, '', 1, ''),
	(397, '', 1, ''),
	(398, '', 1, ''),
	(399, '', 1, ''),
	(400, '', 1, ''),
	(401, '', 1, ''),
	(402, '', 1, ''),
	(403, '', 1, ''),
	(404, '', 1, ''),
	(405, '', 1, ''),
	(406, '', 1, ''),
	(407, '', 1, ''),
	(408, '', 1, ''),
	(409, '', 1, ''),
	(410, '', 1, ''),
	(411, '', 1, ''),
	(412, '', 1, ''),
	(413, '', 1, ''),
	(414, '', 1, ''),
	(415, '', 1, ''),
	(416, '', 1, ''),
	(417, '', 2, ''),
	(418, '', 2, ''),
	(419, '', 2, ''),
	(420, '', 2, ''),
	(421, '', 1, ''),
	(422, '', 1, ''),
	(424, '', 2, ''),
	(425, '', 2, ''),
	(426, '', 2, ''),
	(429, '', 1, ''),
	(430, '', 1, ''),
	(431, '', 1, ''),
	(432, '', 1, ''),
	(433, '', 1, ''),
	(434, '', 1, ''),
	(435, '', 1, ''),
	(436, '', 1, ''),
	(437, '', 1, ''),
	(438, '', 1, ''),
	(439, '', 1, ''),
	(440, '', 1, ''),
	(441, '', 1, ''),
	(442, '', 1, ''),
	(443, '', 1, ''),
	(444, '', 1, ''),
	(445, '', 1, ''),
	(446, '', 1, ''),
	(447, '', 1, ''),
	(448, '', 1, ''),
	(449, '', 1, ''),
	(450, '', 1, ''),
	(451, '', 1, ''),
	(452, '', 4, ''),
	(453, '', 1, ''),
	(454, '', 1, ''),
	(455, '', 1, ''),
	(456, '', 1, ''),
	(457, '', 1, ''),
	(458, '', 1, ''),
	(459, '', 1, ''),
	(460, '', 1, ''),
	(461, '', 1, ''),
	(462, '', 1, ''),
	(463, '', 1, ''),
	(464, '', 1, ''),
	(465, '', 1, ''),
	(466, '', 1, ''),
	(467, '', 1, ''),
	(468, '', 1, ''),
	(469, '', 1, ''),
	(470, '', 1, ''),
	(471, '', 1, ''),
	(472, '', 1, ''),
	(473, '', 1, ''),
	(474, '', 1, ''),
	(475, '', 1, ''),
	(476, '', 1, ''),
	(477, '', 1, ''),
	(478, '', 1, ''),
	(479, '', 1, ''),
	(481, '', 1, ''),
	(482, '', 1, ''),
	(483, '', 1, ''),
	(484, '', 1, ''),
	(485, '', 1, ''),
	(486, '', 1, ''),
	(487, '', 5, ''),
	(509, '', 1, ''),
	(489, '', 1, ''),
	(490, '', 1, ''),
	(491, '', 1, ''),
	(492, '', 1, ''),
	(493, '', 1, ''),
	(494, '', 1, ''),
	(495, '', 1, ''),
	(496, '', 1, ''),
	(497, '', 1, ''),
	(498, '', 1, ''),
	(499, '', 1, ''),
	(500, '', 1, ''),
	(501, '', 1, ''),
	(508, '', 1, ''),
	(507, '', 1, ''),
	(506, '', 1, ''),
	(510, '', 5, ''),
	(511, '', 5, '6775864220557919289'),
	(512, '', 1, ''),
	(513, '', 2, ''),
	(514, '', 2, ''),
	(515, '', 2, ''),
	(516, '', 2, ''),
	(517, '', 2, ''),
	(518, '', 2, ''),
	(519, '', 2, ''),
	(520, '', 2, ''),
	(521, '', 2, ''),
	(522, '', 2, ''),
	(523, '', 2, ''),
	(524, '', 1, ''),
	(525, '', 1, ''),
	(526, '', 1, ''),
	(527, '', 1, ''),
	(528, '', 1, ''),
	(529, '', 1, ''),
	(530, '', 1, ''),
	(531, '', 1, ''),
	(532, '', 5, ''),
	(533, '', 5, ''),
	(534, '', 5, ''),
	(535, '', 5, ''),
	(536, '', 5, ''),
	(538, '', 6, '');
/*!40000 ALTER TABLE `objects` ENABLE KEYS */;


-- Dumping structure for table drd_databases.object_ext_info
DROP TABLE IF EXISTS `object_ext_info`;
CREATE TABLE IF NOT EXISTS `object_ext_info` (
  `ObjectID` bigint(20) unsigned NOT NULL,
  `Name` varchar(255) COLLATE utf8_unicode_ci NOT NULL,
  `Value` text COLLATE utf8_unicode_ci,
  PRIMARY KEY (`ObjectID`,`Name`)
) ENGINE=MyISAM DEFAULT CHARSET=utf8 COLLATE=utf8_unicode_ci;

-- Dumping data for table drd_databases.object_ext_info: 0 rows
DELETE FROM `object_ext_info`;
/*!40000 ALTER TABLE `object_ext_info` DISABLE KEYS */;
/*!40000 ALTER TABLE `object_ext_info` ENABLE KEYS */;


-- Dumping structure for table drd_databases.processes
DROP TABLE IF EXISTS `processes`;
CREATE TABLE IF NOT EXISTS `processes` (
  `ProcessID` int(10) unsigned NOT NULL AUTO_INCREMENT,
  `ProcessName` varchar(255) COLLATE utf8_unicode_ci NOT NULL,
  `Description` text COLLATE utf8_unicode_ci,
  PRIMARY KEY (`ProcessID`)
) ENGINE=MyISAM AUTO_INCREMENT=12 DEFAULT CHARSET=utf8 COLLATE=utf8_unicode_ci;

-- Dumping data for table drd_databases.processes: 10 rows
DELETE FROM `processes`;
/*!40000 ALTER TABLE `processes` DISABLE KEYS */;
INSERT INTO `processes` (`ProcessID`, `ProcessName`, `Description`) VALUES
	(1, 'Nhập thông tin cho người tìm việc', 'for Job Seeker'),
	(2, 'Quản lý thông tin người tìm việc', 'for Job Seeker'),
	(3, 'Tranking Job seeker by DRD ', '#not_show_on_create# Tranking Job seeker by a job coach'),
	(4, 'Nhập hồ sơ nhà tuyển dụng', 'This is used by DRD staff'),
	(5, 'Quản lý các yêu cầu công việc', 'This process can be used multiple times, for DRD can post job requirements '),
	(6, 'Tracking Employer', '#not_show_on_create# This process is used to manage feedbacks of employer'),
	(8, 'KHẢO SÁT THÔNG TIN VIỆC LÀM', 'Chương trình khuyết tật và phát triển (DRD) hiện đang xây dựng DATABASE việc làm (DATABASE là hệ thống lưu trữ thông tin của người khuyết tật khi đến tìm việc. Ích lơi của DATABASE là tạo liên kết giữa người tìm việc và doanh nghiệp). DRD mong được các bạn hỗ trợ bằng cách điền đầy đủ các thông tin trong bảng khảo sát, để việc tiến hành xây dựng DATABASE được hợp lí và hiệu quả.'),
	(9, 'Nhập thông tin công việc', ''),
	(10, 'Save cheap stores', ''),
	(11, 'Trắc nghiệm hướng nghiệp', 'Vì sao Bill Gates trở thành ông chủ của tập đoàn Microsoft khổng lồ mà không phải là một kiến trúc sư hay một nhà giáo? Vì sao Đặng Thái Sơn là nghệ sĩ đàn dương cầm nổi tiếng mà không phải là một doanh nhân? Vì sao Ernest Hemingway là nhà văn với những kiệt tác bất hủ mà không phải là một nhà khoa học? Hẳn bạn sẽ trả lời ngay “Vì họ có tài năng thiên bẩm trong những lĩnh vực này.” Chính xác như thế. Thế nhưng, bạn có biết chính tính cách là một trong những yếu tố quan trọng quyết định nghề nghiệp phù hợp của mỗi con người? Bạn có muốn biết mình thuộc típ người nào và nghề nghiệp nào phù hợp với bạn nhất không? Mời bạn tham gia bài trắc nghiệm sau: Hãy trả lời trung thực từng câu hỏi bằng cách chọn một câu duy nhất trong từng cặp câu trả lời mô tả đúng nhất về bạn. Hãy trả lời như chính con người thật của bạn, đừng chọn câu trả lời mà bạn muốn hay phải như vậy');
/*!40000 ALTER TABLE `processes` ENABLE KEYS */;


-- Dumping structure for table drd_databases.query_filters
DROP TABLE IF EXISTS `query_filters`;
CREATE TABLE IF NOT EXISTS `query_filters` (
  `id` int(10) unsigned NOT NULL AUTO_INCREMENT,
  `query_name` varchar(1000) COLLATE utf8_unicode_ci NOT NULL,
  `query_details` text COLLATE utf8_unicode_ci NOT NULL,
  PRIMARY KEY (`id`)
) ENGINE=MyISAM AUTO_INCREMENT=34 DEFAULT CHARSET=utf8 COLLATE=utf8_unicode_ci;

-- Dumping data for table drd_databases.query_filters: 9 rows
DELETE FROM `query_filters`;
/*!40000 ALTER TABLE `query_filters` DISABLE KEYS */;
INSERT INTO `query_filters` (`id`, `query_name`, `query_details`) VALUES
	(7, 'Truy vấn dữ liệu về người tìm việc: trong 6 thang cua 2010 co bao nhieu nu khuyet tat van dong co viec lam', '{"statistics_mode":"false","ObjectClassID":"1","ProcessID":"2","FormID":"2","csv_export":"false","query_fields":[{"name":"102","value":"6/2010","type":"text","operator":""},{"name":"108","value":"458","type":"select-one","operator":"AND"},{"name":"19","value":"75","type":"checkbox","operator":"AND"}]}'),
	(8, 'Truy vấn về Dạng tật / Query about Disability Type', '{"statistics_mode":"false","ObjectClassID":"1","ProcessID":"1","FormID":"1","csv_export":"false","query_fields":[{"name":"109","value":"461","type":"select-one","operator":""},{"name":"19","value":"75","type":"checkbox","operator":"AND"}]}'),
	(13, 'Nguoi khuyet tat tuổi từ 21-30, năm dang ky là 2009', '{"statistics_mode":"false","ObjectClassID":"1","ProcessID":"1","FormID":"1","csv_export":"false","query_fields":[{"name":"109","value":"460","type":"select-one","operator":""},{"name":"102","value":"2009","type":"text","operator":"AND"}]}'),
	(15, 'Kế tóan', '{"ObjectClassID":"1","ProcessID":"2","FormID":"4","statistics_mode":"false","csv_export":"false","query_fields":[{"name":"82","value":"155","type":"select-one","operator":""},{"name":"93","value":"265","type":"checkbox","operator":"AND"}]}'),
	(22, 'thuong', '{"ObjectClassID":"4","ProcessID":"9","FormID":"19","statistics_mode":"false","csv_export":"false","query_fields":[{"name":"36","value":"23","type":"select-one","operator":""},{"name":"41","value":"338","type":"radio","operator":"AND"},{"name":"45","value":"408","type":"select-one","operator":"AND"},{"name":"78","value":"trực điện thoại","type":"text","operator":"AND"}]}'),
	(23, 'tuyen dung', '{"ObjectClassID":"4","ProcessID":"9","FormID":"19","statistics_mode":"false","csv_export":"false","query_fields":[{"name":"36","value":"23","type":"select-one","operator":""},{"name":"41","value":"338","type":"radio","operator":"AND"},{"name":"45","value":"405","type":"select-one","operator":"AND"},{"name":"78","value":"kế toán","type":"text","operator":"AND"}]}'),
	(26, 'kế toán 2009', '{"ObjectClassID":"4","ProcessID":"9","FormID":"19","statistics_mode":"false","csv_export":"false","query_fields":[{"name":"109","value":"460","operator":""},{"name":"102","value":"2009","operator":"AND"},{"name":"116","value":"549","type":"radio","operator":"AND"},{"name":"78","value":"Kế toán","operator":"AND"}]}'),
	(32, 'Thong ke nguoi tim viec co gioi tinh la nam, dang ky vao nam 2010', '{"ObjectClassID":"1","ProcessID":"1","FormID":"1","statistics_mode":"false","csv_export":"false","query_fields":[{"name":"108","value":"457","type":"SELECT:select-one","operator":""},{"name":"102","value":"2010","type":"INPUT:text","operator":"AND"}]}'),
	(33, 'null', '{"ObjectClassID":"1","ProcessID":"1","FormID":"1","statistics_mode":"false","csv_export":"false","query_fields":[{"name":"78","value":"Kế toán","type":"INPUT:text","operator":""},{"name":"108","value":"458","type":"SELECT:select-one","operator":"AND"},{"name":"102","value":"2010","type":"INPUT:text","operator":"AND"}]}');
/*!40000 ALTER TABLE `query_filters` ENABLE KEYS */;


-- Dumping structure for table drd_databases.scopes
DROP TABLE IF EXISTS `scopes`;
CREATE TABLE IF NOT EXISTS `scopes` (
  `id` int(11) unsigned NOT NULL AUTO_INCREMENT,
  `scope` varchar(64) NOT NULL DEFAULT '',
  `name` varchar(64) NOT NULL DEFAULT '',
  `description` varchar(100) DEFAULT '',
  PRIMARY KEY (`id`),
  UNIQUE KEY `scope` (`scope`)
) ENGINE=InnoDB AUTO_INCREMENT=2 DEFAULT CHARSET=utf8;

-- Dumping data for table drd_databases.scopes: ~1 rows (approximately)
DELETE FROM `scopes`;
/*!40000 ALTER TABLE `scopes` DISABLE KEYS */;
INSERT INTO `scopes` (`id`, `scope`, `name`, `description`) VALUES
	(1, 'user.details', 'user.details', 'Get user\'s details');
/*!40000 ALTER TABLE `scopes` ENABLE KEYS */;


-- Dumping structure for table drd_databases.sessions
DROP TABLE IF EXISTS `sessions`;
CREATE TABLE IF NOT EXISTS `sessions` (
  `session_id` varchar(40) COLLATE utf8_unicode_ci NOT NULL DEFAULT '0',
  `ip_address` varchar(16) COLLATE utf8_unicode_ci NOT NULL DEFAULT '0',
  `user_agent` varchar(50) COLLATE utf8_unicode_ci NOT NULL,
  `last_activity` int(10) unsigned NOT NULL DEFAULT '0',
  `user_data` text COLLATE utf8_unicode_ci NOT NULL,
  PRIMARY KEY (`session_id`)
) ENGINE=MyISAM DEFAULT CHARSET=utf8 COLLATE=utf8_unicode_ci;

-- Dumping data for table drd_databases.sessions: 0 rows
DELETE FROM `sessions`;
/*!40000 ALTER TABLE `sessions` DISABLE KEYS */;
/*!40000 ALTER TABLE `sessions` ENABLE KEYS */;


-- Dumping structure for table drd_databases.users
DROP TABLE IF EXISTS `users`;
CREATE TABLE IF NOT EXISTS `users` (
  `id` bigint(20) unsigned NOT NULL AUTO_INCREMENT,
  `group_id` mediumint(8) unsigned NOT NULL,
  `ip_address` char(16) CHARACTER SET utf8 NOT NULL,
  `username` varchar(15) CHARACTER SET utf8 NOT NULL,
  `password` varchar(40) CHARACTER SET utf8 NOT NULL,
  `email` varchar(40) CHARACTER SET utf8 NOT NULL,
  `activation_code` varchar(40) CHARACTER SET utf8 NOT NULL DEFAULT '0',
  `forgotten_password_code` varchar(40) CHARACTER SET utf8 NOT NULL DEFAULT '0',
  `data_of_birth` bigint(20) unsigned DEFAULT NULL,
  PRIMARY KEY (`id`)
) ENGINE=MyISAM AUTO_INCREMENT=11 DEFAULT CHARSET=utf8 COLLATE=utf8_unicode_ci;

-- Dumping data for table drd_databases.users: 10 rows
DELETE FROM `users`;
/*!40000 ALTER TABLE `users` DISABLE KEYS */;
INSERT INTO `users` (`id`, `group_id`, `ip_address`, `username`, `password`, `email`, `activation_code`, `forgotten_password_code`, `data_of_birth`) VALUES
	(1, 3, '127.0.0.1', 'trieu', '1362627da60f8abd4176aaf7b3f02f69bca5515a', 'tantrieuf31@gmail.com', '0', '892163d6e309f3f2b66f4986fb49bb8d33f37b27', 0),
	(2, 3, '127.0.0.1', 'trieunguyen', '28501bb04bd8255bf26ea1f2069511731b404d35', 'trieunguyen@yopco.com', '0', '0', 0),
	(3, 1, '127.0.0.1', 'trieu_drd', '0f376afb66926ffb0f4604223fd83d537b64c415', 'trieu@drdvietnam.com', '0', '0', 0),
	(4, 1, '127.0.0.1', 'admin', 'ad2b1b2db73dc6a0c13433a5b92ba99f65e38463', 'admin@drdvietnam.com', '0', '0', NULL),
	(5, 3, '123.21.117.111', 'Huynh Ngoc Bich', 'b517b9f7c49868b9808c6c45f20c554230bbc7fc', 'ngocbich@drdvietnam.com', '0', '0', NULL),
	(6, 3, '222.253.79.10', 'thanhtung', '3963951029a7065faa52e68a8249715c16d0112f', 'thanhtung@drdvietnam.com', '0', '0', NULL),
	(7, 3, '222.253.79.10', 'nguyenhunganh79', '7ee082ba0cf4d3eb5390a5af2476eccc0d7ee065', 'nguyenhunganh7981@drdvietnam.com', '0', '0', NULL),
	(8, 3, '222.253.79.10', 'caroline', '3ac491e574caec2fb49ce74fbd6cce533aeaf67b', 'caroline@drdvietnam.com', '0', '0', NULL),
	(9, 3, '222.253.79.10', 'tantrieuf31.dat', '0cec16e1b0262631f92bf2b11d9a78f29fa2f31d', 'tantrieuf31.database@gmail.com', '0', '0', NULL),
	(10, 3, '123.21.89.31', 'huynhngocbich', '619a48b315d35f6ad02a4bbcf1443b4ce850e3f9', 'huynhngocbich1979@yahoo.com.vn', 'd659278d67edc05ba09045ac1be681bf80b5e3f7', 'bf1985ac58d3a42ffca0b92a450ad150831efe2c', NULL);
/*!40000 ALTER TABLE `users` ENABLE KEYS */;
/*!40014 SET FOREIGN_KEY_CHECKS=1 */;
/*!40101 SET CHARACTER_SET_CLIENT=@OLD_CHARACTER_SET_CLIENT */;
